Stock,FirstFYEndDate,LatestFYEndDate,PeriodsAvailableAnnual,HasFullHistory4FY,LatestFYRevenue,LatestFYNetIncome,LatestFYTotalAssets,LatestFYNetMargin,RevenueSizeBand,ProfitabilityTier,DataCompletenessFlag
A,2016-10-31,2019-10-31,4,True,5163000000,1071000000,9452000000.0,0.2074375363160953,5 - Mega,High (>15%),Analysis-ready
AA,2016-12-31,2019-12-31,4,True,10433000000,-1125000000,14631000000.0,-0.10783092111569059,5 - Mega,Loss-making (<=0%),Analysis-ready
AAL,2016-12-31,2019-12-31,4,True,45768000000,1686000000,59995000000.0,0.036837965390665965,5 - Mega,Low (0-5%),Analysis-ready
AAME,2016-12-31,2019-12-31,4,True,198179000,-386000,377626000.0,-0.0019477341191549054,2 - Small,Loss-making (<=0%),Analysis-ready
AAN,2016-12-31,2019-12-31,4,True,3947656000,31472000,3297800000.0,0.007972325856153626,5 - Mega,Low (0-5%),Analysis-ready
AAOI,2016-12-31,2019-12-31,4,True,190872000,-66049000,466825000.0,-0.34603818265643993,2 - Small,Loss-making (<=0%),Analysis-ready
AAON,2016-12-31,2019-12-31,4,True,469333000,53711000,371424000.0,0.114441132415577,3 - Mid,Moderate (5-15%),Analysis-ready
AAP,2016-12-31,2019-12-28,4,True,9709003000,486896000,11248525000.0,0.050148918483185145,5 - Mega,Moderate (5-15%),Analysis-ready
AAPL,2016-09-24,2019-09-28,4,True,260174000000,55256000000,338516000000.0,0.21238094505984456,5 - Mega,High (>15%),Analysis-ready
AAT,2016-12-31,2019-12-31,4,True,362581000,45718000,2790333000.0,0.12609044599689448,3 - Mid,Moderate (5-15%),Analysis-ready
AAWW,2016-12-31,2019-12-31,4,True,2739189000,-293113000,5385641000.0,-0.10700722002023226,4 - Large,Loss-making (<=0%),Analysis-ready
AAXN,2016-12-31,2019-12-31,4,True,530860000,882000,845639000.0,0.0016614549975511434,3 - Mid,Low (0-5%),Analysis-ready
AB,2016-12-31,2019-12-31,4,True,266292000,238563000,1554264000.0,0.8958699472759226,2 - Small,High (>15%),Analysis-ready
ABB,2016-12-31,2019-12-31,4,True,27978000000,1439000000,46108000000.0,0.051433268997069126,5 - Mega,Moderate (5-15%),Analysis-ready
ABBV,2016-12-31,2019-12-31,4,True,33266000000,7882000000,89115000000.0,0.23693861600432875,5 - Mega,High (>15%),Analysis-ready
ABC,2016-09-30,2019-09-30,4,True,179589121000,855365000,39171980000.0,0.004762899864073615,5 - Mega,Low (0-5%),Analysis-ready
ABCB,2016-12-31,2019-12-31,4,True,673917000,161441000,18242579000.0,0.2395562064764652,3 - Mid,High (>15%),Analysis-ready
ABEO,2016-12-31,2019-12-31,4,True,0,-76282000,223382000.0,,Not meaningful (revenue <= 0),Not meaningful (revenue <= 0),Limited (zero/negative revenue or assets)
ABG,2016-12-31,2019-12-31,4,True,7210300000,184400000,2911300000.0,0.025574525331816984,5 - Mega,Low (0-5%),Analysis-ready
ABIO,2016-12-31,2019-12-31,4,True,0,-5482000,8536000.0,,Not meaningful (revenue <= 0),Not meaningful (revenue <= 0),Limited (zero/negative revenue or assets)
ABM,2016-10-31,2019-10-31,4,True,6498600000,127400000,3692600000.0,0.019604222447911858,5 - Mega,Low (0-5%),Analysis-ready
ABMD,2017-03-31,2020-03-31,4,True,840883000,203009000,1216462000.0,0.24142359876463193,3 - Mid,High (>15%),Analysis-ready
ABR,2016-12-31,2019-12-31,4,True,402092000,128628000,6239160000.0,0.31989693900898303,3 - Mid,High (>15%),Analysis-ready
ABT,2016-12-31,2019-12-31,4,True,31904000000,3687000000,67887000000.0,0.11556544633901705,5 - Mega,Moderate (5-15%),Analysis-ready
ABTX,2016-12-31,2019-12-31,4,True,187021000,52959000,4992654000.0,0.2831714085583972,2 - Small,High (>15%),Analysis-ready
ABUS,2016-12-31,2019-12-31,4,True,6011000,-153723000,105535000.0,-25.573615039094992,1 - Micro,Loss-making (<=0%),Analysis-ready
ACA,2016-12-31,2019-12-31,4,True,1736900000,113300000,2302500000.0,0.06523115896136795,4 - Large,Moderate (5-15%),Analysis-ready
ACAD,2016-12-31,2019-12-31,4,True,339076000,-235259000,783183000.0,-0.6938238035130767,3 - Mid,Loss-making (<=0%),Analysis-ready
ACBI,2016-12-31,2019-12-31,4,True,88877000,49855000,2910379000.0,0.5609437762300707,2 - Small,High (>15%),Analysis-ready
ACC,2016-12-31,2019-12-31,4,True,943042000,84969000,7559754000.0,0.09010097111263338,4 - Large,Moderate (5-15%),Analysis-ready
ACCO,2016-12-31,2019-12-31,4,True,1955700000,106800000,2788600000.0,0.054609602699800586,4 - Large,Moderate (5-15%),Analysis-ready
ACEL,2016-12-31,2019-12-31,4,True,424385000,-5864000,,-0.013817641999599421,3 - Mid,Loss-making (<=0%),Limited (zero/negative revenue or assets)
ACER,2016-12-31,2019-12-31,4,True,0,-29417969,21465511.0,,Not meaningful (revenue <= 0),Not meaningful (revenue <= 0),Limited (zero/negative revenue or assets)
ACGL,2016-12-31,2019-12-31,4,True,6928200000,1636319000,37885361000.0,0.23618241390260097,5 - Mega,High (>15%),Analysis-ready
ACHC,2016-12-31,2019-12-31,4,True,3107462000,108923000,6879142000.0,0.03505207786933517,5 - Mega,Low (0-5%),Analysis-ready
ACHV,2016-12-31,2019-12-31,4,True,0,-16395000,21078000.0,,Not meaningful (revenue <= 0),Not meaningful (revenue <= 0),Limited (zero/negative revenue or assets)
ACIA,2016-12-31,2019-12-31,4,True,464663000,32839000,721415000.0,0.07067272410327485,3 - Mid,Moderate (5-15%),Analysis-ready
ACIW,2016-12-31,2019-12-31,4,True,1258294000,67062000,3257534000.0,0.0532959705760339,4 - Large,Moderate (5-15%),Analysis-ready
ACLS,2016-12-31,2019-12-31,4,True,342958000,17034000,548094000.0,0.049667889362545854,3 - Mid,Low (0-5%),Analysis-ready
ACM,2016-09-30,2019-09-30,4,True,20173329000,-261050000,14461591000.0,-0.012940353077075181,5 - Mega,Loss-making (<=0%),Analysis-ready
ACMR,2016-12-31,2019-12-31,4,True,107524000,18894000,217703000.0,0.17571890926676834,2 - Small,High (>15%),Analysis-ready
ACN,2016-08-31,2019-08-31,4,True,43215013000,4779112000,29789880000.0,0.11058916029945427,5 - Mega,Moderate (5-15%),Analysis-ready
ACNB,2016-12-31,2019-12-31,4,True,76987000,23721000,1720253000.0,0.30811695481055246,2 - Small,High (>15%),Analysis-ready
ACOR,2016-12-31,2019-12-31,4,True,192408000,-272966000,799718000.0,-1.418683214835142,2 - Small,Loss-making (<=0%),Analysis-ready
ACRE,2016-12-31,2019-12-31,4,True,76327000,36991000,1784134000.0,0.48463846345329964,2 - Small,High (>15%),Analysis-ready
ACRS,2016-12-31,2019-12-31,4,True,4227000,-161354000,98297000.0,-38.17222616512893,1 - Micro,Loss-making (<=0%),Analysis-ready
ACRX,2016-12-31,2019-12-31,4,True,2289000,-53240000,91356000.0,-23.25906509392748,1 - Micro,Loss-making (<=0%),Analysis-ready
ACTG,2016-12-31,2019-12-31,4,True,11246000,-17115000,218161000.0,-1.5218744442468433,1 - Micro,Loss-making (<=0%),Analysis-ready
ACTT,2019-12-31,2019-12-31,1,False,0,3932144,305392570.0,,Not meaningful (revenue <= 0),Not meaningful (revenue <= 0),Limited (zero/negative revenue or assets)
ACU,2016-12-31,2019-12-31,4,True,142457342,5513608,110748853.0,0.03870357204895764,2 - Small,Low (0-5%),Analysis-ready
ACY,2016-12-31,2019-12-31,4,True,43442800,-16658500,149595800.0,-0.38345824854751537,1 - Micro,Loss-making (<=0%),Analysis-ready
ADAP,2016-12-31,2019-12-31,4,True,1122000,-137165000,181543000.0,-122.25044563279857,1 - Micro,Loss-making (<=0%),Analysis-ready
ADBE,2016-12-02,2019-11-29,4,True,11171297000,2951458000,20762400000.0,0.2642001192878499,5 - Mega,High (>15%),Analysis-ready
ADC,2016-12-31,2019-12-31,4,True,187478000,80081000,2664530000.0,0.4271487854574937,2 - Small,High (>15%),Analysis-ready
ADCT,2017-12-31,2019-12-31,3,False,2340000,-116484000,137682000.0,-49.77948717948718,1 - Micro,Loss-making (<=0%),Analysis-ready
ADES,2016-12-31,2019-12-31,4,True,70086000,35537000,173799000.0,0.5070484832919556,2 - Small,High (>15%),Analysis-ready
ADI,2016-10-29,2019-11-02,4,True,5991065000,1363011000,21392641000.0,0.2275072962820467,5 - Mega,High (>15%),Analysis-ready
ADIL,2016-12-31,2019-12-31,4,True,0,-8591429,7679637.0,,Not meaningful (revenue <= 0),Not meaningful (revenue <= 0),Limited (zero/negative revenue or assets)
ADM,2016-12-31,2019-12-31,4,True,64656000000,1379000000,43997000000.0,0.02132826033160109,5 - Mega,Low (0-5%),Analysis-ready
ADMA,2016-12-31,2019-12-31,4,True,29349083,-48279317,127090725.0,-1.6450025712898764,1 - Micro,Loss-making (<=0%),Analysis-ready
ADMP,2016-12-31,2019-12-31,4,True,22113869,-29306769,47840517.0,-1.325266465131,1 - Micro,Loss-making (<=0%),Analysis-ready
ADMS,2016-12-31,2019-12-31,4,True,54637000,-105186000,162158000.0,-1.9251789080659627,2 - Small,Loss-making (<=0%),Analysis-ready
ADNT,2016-09-30,2019-09-30,4,True,16526000000,-491000000,10342000000.0,-0.029710758804308363,5 - Mega,Loss-making (<=0%),Analysis-ready
ADP,2016-06-30,2019-06-30,4,True,14175200000,2292800000,41887700000.0,0.16174727693436425,5 - Mega,High (>15%),Analysis-ready
ADPT,2017-12-31,2019-12-31,3,False,85071000,-68606000,912302000.0,-0.8064557839921948,2 - Small,Loss-making (<=0%),Analysis-ready
ADRO,2016-12-31,2019-12-31,4,True,17258000,-82372000,291313000.0,-4.772974852242438,1 - Micro,Loss-making (<=0%),Analysis-ready
ADS,2016-12-31,2019-12-31,4,True,5581300000,278000000,26494800000.0,0.04980918424023077,5 - Mega,Low (0-5%),Analysis-ready
ADSK,2017-01-31,2020-01-31,4,True,3274300000,214500000,6179300000.0,0.06551018538313533,5 - Mega,Moderate (5-15%),Analysis-ready
ADSW,2016-12-31,2019-12-31,4,True,1623000000,-6600000,3543500000.0,-0.004066543438077634,4 - Large,Loss-making (<=0%),Analysis-ready
ADT,2016-12-31,2019-12-31,4,True,5125657000,-424150000,16083652000.0,-0.08275036741631366,5 - Mega,Loss-making (<=0%),Analysis-ready
ADTN,2016-12-31,2019-12-31,4,True,530061000,-52982000,545118000.0,-0.09995453353481958,3 - Mid,Loss-making (<=0%),Analysis-ready
ADUS,2015-12-31,2018-12-31,4,True,517847000,17503000,355388000.0,0.03379955855687104,3 - Mid,Low (0-5%),Analysis-ready
ADVM,2016-12-31,2019-12-31,4,True,250000,-64486000,222727000.0,-257.944,1 - Micro,Loss-making (<=0%),Analysis-ready
ADXS,2016-10-31,2019-10-31,4,True,20884000,-16612000,45257000.0,-0.7954414863053055,1 - Micro,Loss-making (<=0%),Analysis-ready
AE,2016-12-31,2019-12-31,4,True,1811247000,8207000,330842000.0,0.004531132418714841,4 - Large,Low (0-5%),Analysis-ready
AEE,2016-12-31,2019-12-31,4,True,5646000000,828000000,28933000000.0,0.14665249734325186,5 - Mega,Moderate (5-15%),Analysis-ready
AEF,2016-12-31,2019-12-31,4,True,19695258,78500613,483908946.0,3.985762105782011,1 - Micro,High (>15%),Analysis-ready
AEGN,2016-12-31,2019-12-31,4,True,1213935000,-20892000,995513000.0,-0.017210147166034424,4 - Large,Loss-making (<=0%),Analysis-ready
AEHR,2016-05-31,2019-05-31,4,True,21056000,-5235000,21307000.0,-0.24862272036474165,1 - Micro,Loss-making (<=0%),Analysis-ready
AEIS,2016-12-31,2019-12-31,4,True,788948000,64941000,1532406000.0,0.08231340975577604,3 - Mid,Moderate (5-15%),Analysis-ready
AEL,2016-12-31,2019-12-31,4,True,3467405000,246090000,69696552000.0,0.07097238424700893,5 - Mega,Moderate (5-15%),Analysis-ready
AEM,2016-12-31,2019-12-31,4,True,2494892000,473166000,8789885000.0,0.18965390085021716,4 - Large,High (>15%),Analysis-ready
AEMD,2016-03-31,2019-03-31,4,True,229625,-6194719,4122964.0,-26.977545998911268,1 - Micro,Loss-making (<=0%),Analysis-ready
AEO,2017-01-28,2020-02-01,4,True,4308212000,191257000,3328679000.0,0.044393590658955505,5 - Mega,Low (0-5%),Analysis-ready
AEP,2016-12-31,2019-12-31,4,True,15561400000,1921100000,75892300000.0,0.12345290269513026,5 - Mega,Moderate (5-15%),Analysis-ready
AER,2016-12-31,2019-12-31,4,True,4937340000,1145694000,43749244000.0,0.2320468106308255,5 - Mega,High (>15%),Analysis-ready
AERI,2016-12-31,2019-12-31,4,True,69888000,-199581000,452608000.0,-2.8557263049450547,2 - Small,Loss-making (<=0%),Analysis-ready
AES,2016-12-31,2019-12-31,4,True,10189000000,303000000,33648000000.0,0.029737952694081853,5 - Mega,Low (0-5%),Analysis-ready
AESE,2016-12-31,2019-12-31,4,True,26071995,-16738729,71321074.0,-0.6420194925628054,1 - Micro,Loss-making (<=0%),Analysis-ready
AEY,2016-09-30,2019-09-30,4,True,55118297,-5302443,36828344.0,-0.09620113988645186,2 - Small,Loss-making (<=0%),Analysis-ready
AEYE,2016-12-31,2019-12-31,4,True,10765153,-7783271,9152243.0,-0.7230060733925472,1 - Micro,Loss-making (<=0%),Analysis-ready
AEZS,2016-12-31,2019-12-31,4,True,532000,-6042000,19981000.0,-11.357142857142858,1 - Micro,Loss-making (<=0%),Analysis-ready
AFB,2016-10-31,2019-10-31,4,True,26182841,54519656,697490887.0,2.082266626452034,1 - Micro,High (>15%),Analysis-ready
AFG,2016-12-31,2019-12-31,4,True,8017000000,897000000,70130000000.0,0.11188723961581638,5 - Mega,Moderate (5-15%),Analysis-ready
AFH,2015-12-31,2018-12-31,4,True,221766000,-80012000,470338000.0,-0.36079471154279735,2 - Small,Loss-making (<=0%),Analysis-ready
AFI,2016-12-31,2019-12-31,4,True,626300000,-58500000,502200000.0,-0.09340571611049019,3 - Mid,Loss-making (<=0%),Analysis-ready
AFIN,2016-12-31,2019-12-31,4,True,299744000,4147000,3490188000.0,0.013835139318885449,3 - Mid,Low (0-5%),Analysis-ready
AFL,2016-12-31,2019-12-31,4,True,22307000000,3304000000,152768000000.0,0.14811494149818444,5 - Mega,Moderate (5-15%),Analysis-ready
AFT,2016-12-31,2019-12-31,4,True,29411183,28067635,439688906.0,0.9543184645105911,1 - Micro,High (>15%),Analysis-ready
AG,2016-12-31,2019-12-31,4,True,363944000,-40474000,1027924000.0,-0.11120941683335898,3 - Mid,Loss-making (<=0%),Analysis-ready
AGCO,2016-12-31,2019-12-31,4,True,9041400000,125200000,7759700000.0,0.013847413011259318,5 - Mega,Low (0-5%),Analysis-ready
AGD,2016-10-31,2019-10-31,4,True,11157939,13982597,140266458.0,1.253152307070329,1 - Micro,High (>15%),Analysis-ready
AGEN,2016-12-31,2019-12-31,4,True,150048000,-107657000,155335000.0,-0.7174837385370015,2 - Small,Loss-making (<=0%),Analysis-ready
AGFS,2016-12-31,2019-12-31,4,True,170065000,-60832000,805692000.0,-0.3576985270337812,2 - Small,Loss-making (<=0%),Analysis-ready
AGI,2016-12-31,2019-12-31,4,True,683100000,96100000,3396500000.0,0.14068218416044503,3 - Mid,Moderate (5-15%),Analysis-ready
AGIO,2016-12-31,2019-12-31,4,True,117912000,-411472000,890741000.0,-3.4896533007666735,2 - Small,Loss-making (<=0%),Analysis-ready
AGLE,2016-12-31,2019-12-31,4,True,0,-78254000,83183000.0,,Not meaningful (revenue <= 0),Not meaningful (revenue <= 0),Limited (zero/negative revenue or assets)
AGM,2016-12-31,2019-12-31,4,True,189747000,109546000,21709374000.0,0.5773266507507365,2 - Small,High (>15%),Analysis-ready
AGNC,2016-12-31,2019-12-31,4,True,771000000,688000000,113082000000.0,0.8923476005188068,3 - Mid,High (>15%),Analysis-ready
AGO,2016-12-31,2019-12-31,4,True,940000000,402000000,14326000000.0,0.4276595744680851,4 - Large,High (>15%),Analysis-ready
AGR,2016-12-31,2019-12-31,4,True,6338000000,700000000,34416000000.0,0.1104449353108236,5 - Mega,Moderate (5-15%),Analysis-ready
AGRO,2016-12-31,2019-12-31,4,True,887138000,-772000,2521307000.0,-0.0008702141042318106,3 - Mid,Loss-making (<=0%),Analysis-ready
AGRX,2016-12-31,2019-12-31,4,True,0,-18606000,49540000.0,,Not meaningful (revenue <= 0),Not meaningful (revenue <= 0),Limited (zero/negative revenue or assets)
AGS,2016-12-31,2019-12-31,4,True,304714000,-11752000,762378000.0,-0.038567312299402065,3 - Mid,Loss-making (<=0%),Analysis-ready
AGTC,2016-06-30,2019-06-30,4,True,41692000,-2006000,92216000.0,-0.04811474623428955,1 - Micro,Loss-making (<=0%),Analysis-ready
AGX,2017-01-31,2020-01-31,4,True,238997000,-42689000,487540000.0,-0.17861730481972576,2 - Small,Loss-making (<=0%),Analysis-ready
AGYS,2017-03-31,2020-03-31,4,True,160757000,-34067000,154562000.0,-0.21191612184850425,2 - Small,Loss-making (<=0%),Analysis-ready
AHC,2016-12-31,2019-12-31,4,True,183563000,9292000,141045000.0,0.05062022302969553,2 - Small,Moderate (5-15%),Analysis-ready
AHCO,2016-12-31,2019-12-31,4,True,529644247,-14995895,,-0.02831314620132181,3 - Mid,Loss-making (<=0%),Limited (zero/negative revenue or assets)
AHH,2016-12-31,2019-12-31,4,True,257471000,32258000,1804897000.0,0.12528789650096517,2 - Small,Moderate (5-15%),Analysis-ready
AHPI,2016-06-30,2019-06-30,4,True,31381521,-2109685,15453896.0,-0.0672269836761577,1 - Micro,Loss-making (<=0%),Analysis-ready
AHT,2016-12-31,2019-12-31,4,True,1500280000,-113635000,4691348000.0,-0.07574252806142853,4 - Large,Loss-making (<=0%),Analysis-ready
AI,2016-12-31,2019-12-31,4,True,28757000,13742000,4000114000.0,0.4778662586500678,1 - Micro,High (>15%),Analysis-ready
AIG,2016-12-31,2019-12-31,4,True,49778000000,3348000000,525064000000.0,0.06725862830969505,5 - Mega,Moderate (5-15%),Analysis-ready
AIKI,2016-12-31,2019-12-31,4,True,9000,-4183000,11282000.0,-464.77777777777777,1 - Micro,Loss-making (<=0%),Analysis-ready
AIM,2016-12-31,2019-12-31,4,True,140000,-9533000,20219000.0,-68.09285714285714,1 - Micro,Loss-making (<=0%),Analysis-ready
AIMC,2016-12-31,2019-12-31,4,True,1834100000,127200000,4283700000.0,0.0693528160950875,4 - Large,Moderate (5-15%),Analysis-ready
AIMT,2016-12-31,2019-12-31,4,True,0,-248497000,204369000.0,,Not meaningful (revenue <= 0),Not meaningful (revenue <= 0),Limited (zero/negative revenue or assets)
AIN,2016-12-31,2019-12-31,4,True,1054132000,132398000,1474368000.0,0.12559907108407675,4 - Large,Moderate (5-15%),Analysis-ready
AINC,2016-12-31,2019-12-31,4,True,206082000,-13855000,782500000.0,-0.06723051989014082,2 - Small,Loss-making (<=0%),Analysis-ready
AINV,2017-03-31,2020-03-31,4,True,276916000,-116064000,2871058000.0,-0.419130711118173,3 - Mid,Loss-making (<=0%),Analysis-ready
AIR,2016-05-31,2019-05-31,4,True,2051800000,7500000,1517200000.0,0.003655327029924944,4 - Large,Low (0-5%),Analysis-ready
AIRG,2016-12-31,2019-12-31,4,True,55739000,926000,54726000.0,0.016613143400491578,2 - Small,Low (0-5%),Analysis-ready
AIRI,2016-12-31,2019-12-31,4,True,54573000,-2732000,51090000.0,-0.05006138566690488,2 - Small,Loss-making (<=0%),Analysis-ready
AIRT,2016-03-31,2019-03-31,4,True,249834478,1339995,115142137.0,0.005363531129598534,2 - Small,Low (0-5%),Analysis-ready
AIT,2016-06-30,2019-06-30,4,True,3472739000,143993000,2331697000.0,0.04146381285780475,5 - Mega,Low (0-5%),Analysis-ready
AIV,2016-12-31,2019-12-31,4,True,915097000,474083000,6828739000.0,0.5180685763367162,4 - Large,High (>15%),Analysis-ready
AIZ,2016-12-31,2019-12-31,4,True,9923800000,382600000,44291200000.0,0.03855377980209194,5 - Mega,Low (0-5%),Analysis-ready
AJG,2016-12-31,2019-12-31,4,True,6897100000,668800000,19634800000.0,0.09696829102086384,5 - Mega,Moderate (5-15%),Analysis-ready
AJRD,2016-12-31,2019-12-31,4,True,1981500000,141000000,2707800000.0,0.07115821347464042,4 - Large,Moderate (5-15%),Analysis-ready
AJX,2016-12-31,2019-12-31,4,True,63530000,34705000,1576841000.0,0.5462773492838029,2 - Small,High (>15%),Analysis-ready
AKAM,2016-12-31,2019-12-31,4,True,2893617000,478035000,7006886000.0,0.16520327327355347,4 - Large,High (>15%),Analysis-ready
AKBA,2016-12-31,2019-12-31,4,True,335001000,-279659000,771201000.0,-0.8348004931328563,3 - Mid,Loss-making (<=0%),Analysis-ready
AKCA,2016-12-31,2019-12-31,4,True,488543000,40772000,599250000.0,0.08345631807230888,3 - Mid,Moderate (5-15%),Analysis-ready
AKER,2016-12-31,2019-12-31,4,True,1577033,-3888249,10884935.0,-2.4655470113814992,1 - Micro,Loss-making (<=0%),Analysis-ready
AKR,2016-12-31,2019-12-31,4,True,307099000,53045000,4309114000.0,0.17272931530223154,3 - Mid,High (>15%),Analysis-ready
AKRO,2017-12-31,2019-12-31,3,False,0,-43755000,138118000.0,,Not meaningful (revenue <= 0),Not meaningful (revenue <= 0),Limited (zero/negative revenue or assets)
AKRX,2016-12-31,2019-12-31,4,True,682429000,-226770000,1288639000.0,-0.33229830502513813,3 - Mid,Loss-making (<=0%),Analysis-ready
AKTS,2016-06-30,2019-06-30,4,True,1443000,-29248000,47949000.0,-20.268884268884268,1 - Micro,Loss-making (<=0%),Analysis-ready
AKTX,2016-12-31,2019-12-31,4,True,0,-17105791,6801798.0,,Not meaningful (revenue <= 0),Not meaningful (revenue <= 0),Limited (zero/negative revenue or assets)
AL,2016-12-31,2019-12-31,4,True,2016904000,587121000,21709155000.0,0.29110012177079325,4 - Large,High (>15%),Analysis-ready
ALB,2016-12-31,2019-12-31,4,True,3589427000,533228000,9860863000.0,0.1485551872206901,5 - Mega,Moderate (5-15%),Analysis-ready
ALBO,2016-12-31,2019-12-31,4,True,9636000,-62717000,165069000.0,-6.508613532586136,1 - Micro,Loss-making (<=0%),Analysis-ready
ALC,2016-12-31,2019-12-31,4,True,7508000000,-656000000,27655000000.0,-0.08737346830047948,5 - Mega,Loss-making (<=0%),Analysis-ready
ALCO,2016-09-30,2019-09-30,4,True,122251000,37833000,417388000.0,0.3094698611872296,2 - Small,High (>15%),Analysis-ready
ALDX,2016-12-31,2019-12-31,4,True,0,-60826831,75518281.0,,Not meaningful (revenue <= 0),Not meaningful (revenue <= 0),Limited (zero/negative revenue or assets)
ALE,2016-12-31,2019-12-31,4,True,1240500000,185600000,5482800000.0,0.14961708988311165,4 - Large,Moderate (5-15%),Analysis-ready
ALEC,2016-12-31,2019-12-31,4,True,21219000,-105385000,421913000.0,-4.966539422215939,1 - Micro,Loss-making (<=0%),Analysis-ready
ALEX,2016-12-31,2019-12-31,4,True,440500000,-36400000,2084300000.0,-0.08263337116912599,3 - Mid,Loss-making (<=0%),Analysis-ready
ALG,2016-12-31,2019-12-31,4,True,1119138000,62906000,1212763000.0,0.0562093325398655,4 - Large,Moderate (5-15%),Analysis-ready
ALGN,2016-12-31,2019-12-31,4,True,2406796000,442776000,2500702000.0,0.18396906094243134,4 - Large,High (>15%),Analysis-ready
ALGT,2016-12-31,2019-12-31,4,True,1840965000,232117000,3010803000.0,0.1260844176831173,4 - Large,Moderate (5-15%),Analysis-ready
ALIM,2016-12-31,2019-12-31,4,True,53943000,-10443000,50309000.0,-0.19359323730604527,2 - Small,Loss-making (<=0%),Analysis-ready
ALJJ,2016-09-30,2019-09-30,4,True,354997000,-15979000,231177000.0,-0.04501164798575762,3 - Mid,Loss-making (<=0%),Analysis-ready
ALK,2016-12-31,2019-12-31,4,True,8781000000,769000000,12993000000.0,0.0875754469878146,5 - Mega,Moderate (5-15%),Analysis-ready
ALKS,2016-12-31,2019-12-31,4,True,1170947000,-196620000,1805403000.0,-0.1679153710629089,4 - Large,Loss-making (<=0%),Analysis-ready
ALL,2016-12-31,2019-12-31,4,True,44675000000,4847000000,119950000000.0,0.1084946838276441,5 - Mega,Moderate (5-15%),Analysis-ready
ALLE,2016-12-31,2019-12-31,4,True,2854000000,401800000,2967200000.0,0.14078486334968465,4 - Large,Moderate (5-15%),Analysis-ready
ALLK,2016-12-31,2019-12-31,4,True,0,-85372000,516894000.0,,Not meaningful (revenue <= 0),Not meaningful (revenue <= 0),Limited (zero/negative revenue or assets)
ALLO,2017-12-31,2019-12-31,3,False,0,-184594000,,,Not meaningful (revenue <= 0),Not meaningful (revenue <= 0),Limited (zero/negative revenue or assets)
ALLT,2016-12-31,2019-12-31,4,True,110100000,-8659000,215169000.0,-0.07864668483197093,2 - Small,Loss-making (<=0%),Analysis-ready
ALLY,2016-12-31,2019-12-31,4,True,6263000000,1715000000,180644000000.0,0.273830432699984,5 - Mega,High (>15%),Analysis-ready
ALNA,2016-12-31,2019-12-31,4,True,0,-47339000,34108000.0,,Not meaningful (revenue <= 0),Not meaningful (revenue <= 0),Limited (zero/negative revenue or assets)
ALNY,2016-12-31,2019-12-31,4,True,219750000,-886116000,2395134000.0,-4.032382252559727,2 - Small,Loss-making (<=0%),Analysis-ready
ALO,2016-12-31,2019-12-31,4,True,111541000,-136223000,251284000.0,-1.2212818604817959,2 - Small,Loss-making (<=0%),Analysis-ready
ALOT,2017-01-31,2020-01-31,4,True,133446000,1759000,116664000.0,0.013181361749321822,2 - Small,Low (0-5%),Analysis-ready
ALPN,2016-12-31,2019-12-31,4,True,1740000,-41852000,54093000.0,-24.05287356321839,1 - Micro,Loss-making (<=0%),Analysis-ready
ALRM,2016-12-31,2019-12-31,4,True,502363000,53531000,557799000.0,0.10655840497807362,3 - Mid,Moderate (5-15%),Analysis-ready
ALRN,2016-12-31,2019-12-31,4,True,0,-29369000,26473000.0,,Not meaningful (revenue <= 0),Not meaningful (revenue <= 0),Limited (zero/negative revenue or assets)
ALRS,2016-12-31,2019-12-31,4,True,181433000,29540000,2356878000.0,0.16281492341525522,2 - Small,High (>15%),Analysis-ready
ALSK,2016-12-31,2019-12-31,4,True,231694000,4928000,557245000.0,0.02126943295898901,2 - Small,Low (0-5%),Analysis-ready
ALSN,2016-12-31,2019-12-31,4,True,2698000000,604000000,4450000000.0,0.22386953298739806,4 - Large,High (>15%),Analysis-ready
ALT,2016-12-31,2019-12-31,4,True,5801401,-20520131,54058020.0,-3.537099228272619,1 - Micro,Loss-making (<=0%),Analysis-ready
ALTG,2017-12-31,2019-12-31,3,False,557400000,-35400000,454200000.0,-0.06350914962325081,3 - Mid,Loss-making (<=0%),Analysis-ready
ALTM,2017-12-31,2019-12-31,3,False,135798000,-369670000,1500854000.0,-2.7222050398385838,2 - Small,Loss-making (<=0%),Analysis-ready
ALTR,2016-12-31,2019-12-31,4,True,458915000,-7542000,743145000.0,-0.016434415959382456,3 - Mid,Loss-making (<=0%),Analysis-ready
ALV,2016-12-31,2019-12-31,4,True,8547600000,461500000,6771200000.0,0.05399176376994712,5 - Mega,Moderate (5-15%),Analysis-ready
ALX,2016-12-31,2019-12-31,4,True,226350000,60075000,1265511000.0,0.2654075546719682,2 - Small,High (>15%),Analysis-ready
ALXN,2016-12-31,2019-12-31,4,True,4991100000,2404300000,17544600000.0,0.481717457073591,5 - Mega,High (>15%),Analysis-ready
AM,2016-12-31,2019-12-31,4,True,849598000,-355114000,6282878000.0,-0.4179788558824291,3 - Mid,Loss-making (<=0%),Analysis-ready
AMAG,2016-12-31,2019-12-31,4,True,327751000,-466456000,791227000.0,-1.4232023700919296,3 - Mid,Loss-making (<=0%),Analysis-ready
AMAL,2016-12-31,2019-12-31,4,True,192001000,47202000,5325338000.0,0.24584246957047098,2 - Small,High (>15%),Analysis-ready
AMAT,2016-10-30,2019-10-27,4,True,14608000000,2706000000,19024000000.0,0.1852409638554217,5 - Mega,High (>15%),Analysis-ready
AMBA,2017-01-31,2020-01-31,4,True,228732000,-44792000,527276000.0,-0.19582743122956123,2 - Small,Loss-making (<=0%),Analysis-ready
AMBC,2016-12-31,2019-12-31,4,True,361000000,-216000000,13320000000.0,-0.5983379501385041,3 - Mid,Loss-making (<=0%),Analysis-ready
AMC,2016-12-31,2019-12-31,4,True,5471000000,-149100000,13675800000.0,-0.02725278742460245,5 - Mega,Loss-making (<=0%),Analysis-ready
AMCR,2016-06-30,2019-06-30,4,True,9458200000,430200000,17165000000.0,0.045484341629485524,5 - Mega,Low (0-5%),Analysis-ready
AMCX,2016-12-31,2019-12-31,4,True,3060321000,380486000,5596686000.0,0.12432878773174448,4 - Large,Moderate (5-15%),Analysis-ready
AMD,2016-12-31,2019-12-28,4,True,6731000000,341000000,6028000000.0,0.05066112019016491,5 - Mega,Moderate (5-15%),Analysis-ready
AME,2016-12-31,2019-12-31,4,True,5158557000,861297000,9844559000.0,0.1669647151325458,5 - Mega,High (>15%),Analysis-ready
AMED,2016-12-31,2019-12-31,4,True,1955633000,126833000,1262745000.0,0.06485521567697007,4 - Large,Moderate (5-15%),Analysis-ready
AMEH,2016-12-31,2019-12-31,4,True,560618097,14116545,728713347.0,0.02518032342434354,3 - Mid,Low (0-5%),Analysis-ready
AMG,2016-12-31,2019-12-31,4,True,2239600000,15700000,7653500000.0,0.007010180389355242,4 - Large,Low (0-5%),Analysis-ready
AMGN,2016-12-31,2019-12-31,4,True,23362000000,7842000000,59707000000.0,0.3356733156407842,5 - Mega,High (>15%),Analysis-ready
AMH,2016-12-31,2019-12-31,4,True,1143378000,141039000,9100109000.0,0.12335290691267455,4 - Large,Moderate (5-15%),Analysis-ready
AMK,2017-12-31,2019-12-31,3,False,417936000,-420000,1188960000.0,-0.001004938555185483,3 - Mid,Loss-making (<=0%),Analysis-ready
AMKR,2016-12-31,2019-12-31,4,True,4052650000,120888000,4695615000.0,0.029829370905456922,5 - Mega,Low (0-5%),Analysis-ready
AMN,2016-12-31,2019-12-31,4,True,2222107000,113988000,1931646000.0,0.051297259762918705,4 - Large,Moderate (5-15%),Analysis-ready
AMNB,2016-12-31,2019-12-31,4,True,91841000,20906000,2478550000.0,0.227632538844307,2 - Small,High (>15%),Analysis-ready
AMOT,2016-12-31,2019-12-31,4,True,371084000,17022000,305828000.0,0.04587101572689741,3 - Mid,Low (0-5%),Analysis-ready
AMP,2016-12-31,2019-12-31,4,True,12890000000,1893000000,151828000000.0,0.14685802948021723,5 - Mega,Moderate (5-15%),Analysis-ready
AMPE,2016-12-31,2019-12-31,4,True,0,-13630000,14001000.0,,Not meaningful (revenue <= 0),Not meaningful (revenue <= 0),Limited (zero/negative revenue or assets)
AMPH,2016-12-31,2019-12-31,4,True,322357000,48939000,586971000.0,0.15181615413966504,3 - Mid,High (>15%),Analysis-ready
AMPY,2016-12-31,2019-12-31,4,True,275575000,-35197000,877539000.0,-0.1277220357434455,3 - Mid,Loss-making (<=0%),Analysis-ready
AMRB,2016-12-31,2019-12-31,4,True,24237000,5500000,720353000.0,0.22692577464207617,1 - Micro,High (>15%),Analysis-ready
AMRC,2016-12-31,2019-12-31,4,True,866933000,44436000,1374013000.0,0.05125655615831904,3 - Mid,Moderate (5-15%),Analysis-ready
AMRH,2016-12-31,2019-12-31,4,True,39914675,-5603975,25005152.0,-0.14039886332533086,1 - Micro,Loss-making (<=0%),Analysis-ready
AMRK,2016-06-30,2019-06-30,4,True,4783157000,2225000,705362000.0,0.000465173942649175,5 - Mega,Low (0-5%),Analysis-ready
AMRN,2016-12-31,2019-12-31,4,True,429755000,-22645000,882209000.0,-0.05269281334713965,3 - Mid,Loss-making (<=0%),Analysis-ready
AMRS,2016-12-31,2019-12-31,4,True,152557000,-242767000,160966000.0,-1.5913199656521824,2 - Small,Loss-making (<=0%),Analysis-ready
AMRX,2016-12-31,2019-12-31,4,True,1626373000,-361917000,3665890000.0,-0.22253013300147015,4 - Large,Loss-making (<=0%),Analysis-ready
AMS,2016-12-31,2019-12-31,4,True,20605000,659000,53783000.0,0.031982528512496965,1 - Micro,Low (0-5%),Analysis-ready
AMSC,2017-03-31,2020-03-31,4,True,63838000,-17096000,124109000.0,-0.2678028760299508,2 - Small,Loss-making (<=0%),Analysis-ready
AMSF,2016-12-31,2019-12-31,4,True,370370000,92690000,1492906000.0,0.25026325026325025,3 - Mid,High (>15%),Analysis-ready
AMSWA,2016-04-30,2019-04-30,4,True,108706000,6803000,161310000.0,0.06258164222765993,2 - Small,Moderate (5-15%),Analysis-ready
AMT,2016-12-31,2019-12-31,4,True,7580300000,1887800000,42801600000.0,0.24904027545083968,5 - Mega,High (>15%),Analysis-ready
AMTB,2016-12-31,2019-12-31,4,True,274234000,51334000,7985399000.0,0.18719050154247832,3 - Mid,High (>15%),Analysis-ready
AMTD,2016-09-30,2019-09-30,4,True,5872000000,2208000000,43786000000.0,0.3760217983651226,5 - Mega,High (>15%),Analysis-ready
AMTX,2016-12-31,2019-12-31,4,True,201998000,-35716000,99896000.0,-0.1768136318181368,2 - Small,Loss-making (<=0%),Analysis-ready
AMWD,2017-04-30,2020-04-30,4,True,1650333000,74861000,1622806000.0,0.04536114832582273,4 - Large,Low (0-5%),Analysis-ready
AMZN,2016-12-31,2019-12-31,4,True,280522000000,11588000000,225248000000.0,0.04130870306072251,5 - Mega,Low (0-5%),Analysis-ready
AN,2016-12-31,2019-12-31,4,True,21335700000,450000000,10543300000.0,0.021091410171684078,5 - Mega,Low (0-5%),Analysis-ready
ANAB,2016-12-31,2019-12-31,4,True,8000000,-97336000,435197000.0,-12.167,1 - Micro,Loss-making (<=0%),Analysis-ready
ANAT,2016-12-31,2019-12-31,4,True,4070143000,620363000,28597566000.0,0.15241798629679595,5 - Mega,High (>15%),Analysis-ready
ANCN,2016-12-31,2019-12-31,4,True,0,-27124000,19755000.0,,Not meaningful (revenue <= 0),Not meaningful (revenue <= 0),Limited (zero/negative revenue or assets)
ANDE,2016-12-31,2019-12-31,4,True,8170191000,18307000,3900741000.0,0.0022407064902154675,5 - Mega,Low (0-5%),Analysis-ready
ANET,2016-12-31,2019-12-31,4,True,2410706000,859867000,4185290000.0,0.35668679631609995,4 - Large,High (>15%),Analysis-ready
ANF,2017-01-28,2020-02-01,4,True,3623073000,39358000,3549665000.0,0.010863154013181628,5 - Mega,Low (0-5%),Analysis-ready
ANGI,2016-12-31,2019-12-31,4,True,1326205000,34829000,1921611000.0,0.02626215404104192,4 - Large,Low (0-5%),Analysis-ready
ANGO,2016-05-31,2019-05-31,4,True,270634000,61340000,836438000.0,0.22665297043239208,3 - Mid,High (>15%),Analysis-ready
ANH,2016-12-31,2019-12-31,4,True,-42144000,-55419000,4938631000.0,,Not meaningful (revenue <= 0),Not meaningful (revenue <= 0),Limited (zero/negative revenue or assets)
ANIK,2016-12-31,2019-12-31,4,True,114610000,27193000,330710000.0,0.23726550911787803,2 - Small,High (>15%),Analysis-ready
ANIP,2016-12-31,2019-12-31,4,True,206547000,6094000,456789000.0,0.029504180646535656,2 - Small,Low (0-5%),Analysis-ready
ANIX,2016-10-31,2019-10-31,4,True,250000,-11647054,6293693.0,-46.588216,1 - Micro,Loss-making (<=0%),Analysis-ready
ANSS,2016-12-31,2019-12-31,4,True,1515892000,451295000,4838887000.0,0.2977092035580371,4 - Large,High (>15%),Analysis-ready
ANTM,2016-12-31,2019-12-31,4,True,104212000000,4807000000,77453000000.0,0.046127125474993286,5 - Mega,Low (0-5%),Analysis-ready
ANVS,2017-12-31,2019-12-31,3,False,0,-990980,1117107.0,,Not meaningful (revenue <= 0),Not meaningful (revenue <= 0),Limited (zero/negative revenue or assets)
ANY,2016-12-31,2019-12-31,4,True,5579000,-4281000,8406000.0,-0.7673418175300233,1 - Micro,Loss-making (<=0%),Analysis-ready
AOBC,2016-04-30,2019-04-30,4,True,638277000,18410000,766789000.0,0.02884327650847516,3 - Mid,Low (0-5%),Analysis-ready
AOD,2016-10-31,2019-10-31,4,True,80067435,95484190,1009370863.0,1.1925471323016654,2 - Small,High (>15%),Analysis-ready
AON,2016-12-31,2019-12-31,4,True,11013000000,1532000000,29405000000.0,0.13910832652319985,5 - Mega,Moderate (5-15%),Analysis-ready
AOS,2016-12-31,2019-12-31,4,True,2992700000,370000000,3058000000.0,0.12363417649614061,4 - Large,Moderate (5-15%),Analysis-ready
AOSL,2016-06-30,2019-06-30,4,True,450920000,1861000,739394000.0,0.004127117892309057,3 - Mid,Low (0-5%),Analysis-ready
AP,2016-12-31,2019-12-31,4,True,397904000,-20986000,506560000.0,-0.052741364751296795,3 - Mid,Loss-making (<=0%),Analysis-ready
APA,2016-12-31,2019-12-31,4,True,6213000000,-3553000000,18107000000.0,-0.5718654434250765,5 - Mega,Loss-making (<=0%),Analysis-ready
APAM,2016-12-31,2019-12-31,4,True,798952000,156536000,933619000.0,0.19592666392974797,3 - Mid,High (>15%),Analysis-ready
APD,2016-09-30,2019-09-30,4,True,8918900000,1760000000,18942800000.0,0.19733375192007982,5 - Mega,High (>15%),Analysis-ready
APDN,2016-09-30,2019-09-30,4,True,5389089,-8623123,3564735.0,-1.6001077362055072,1 - Micro,Loss-making (<=0%),Analysis-ready
APEI,2016-12-31,2019-12-31,4,True,286270000,10013000,354897000.0,0.03497746882313899,3 - Mid,Low (0-5%),Analysis-ready
APEN,2016-12-31,2019-12-31,4,True,50713000,-27432000,74582000.0,-0.5409263896831187,2 - Small,Loss-making (<=0%),Analysis-ready
APEX,2017-01-28,2020-02-01,4,True,21041000,-11500000,82922000.0,-0.5465519699634048,1 - Micro,Loss-making (<=0%),Analysis-ready
APG,2018-08-31,2019-12-31,2,False,3940000000,-612000000,4011000000.0,-0.15532994923857868,5 - Mega,Loss-making (<=0%),Analysis-ready
APH,2016-12-31,2019-12-31,4,True,8225400000,1155000000,10815500000.0,0.14041870304179735,5 - Mega,Moderate (5-15%),Analysis-ready
APLE,2016-12-31,2019-12-31,4,True,1266597000,171917000,4942411000.0,0.13573141259611385,4 - Large,Moderate (5-15%),Analysis-ready
APLS,2016-12-31,2019-12-31,4,True,0,-304706613,389244980.0,,Not meaningful (revenue <= 0),Not meaningful (revenue <= 0),Limited (zero/negative revenue or assets)
APLT,2017-12-31,2019-12-31,3,False,0,-45513000,48389000.0,,Not meaningful (revenue <= 0),Not meaningful (revenue <= 0),Limited (zero/negative revenue or assets)
APM,2016-12-31,2019-12-31,4,True,535166,-18686762,23954218.0,-34.91769282801972,1 - Micro,Loss-making (<=0%),Analysis-ready
APO,2016-12-31,2019-12-31,4,True,2833480000,843193000,8542117000.0,0.2975821251605799,4 - Large,High (>15%),Analysis-ready
APOG,2017-03-04,2020-02-29,4,True,1387439000,61914000,1128991000.0,0.04462466457984819,4 - Large,Low (0-5%),Analysis-ready
APPF,2016-12-31,2019-12-31,4,True,256012000,36282000,260102000.0,0.14171991937877912,2 - Small,Moderate (5-15%),Analysis-ready
APPN,2016-12-31,2019-12-31,4,True,260352000,-50714000,371485000.0,-0.1947901302851524,2 - Small,Loss-making (<=0%),Analysis-ready
APPS,2017-03-31,2020-03-31,4,True,138715000,13900000,184011000.0,0.10020545723245504,2 - Small,Moderate (5-15%),Analysis-ready
APRE,2017-12-31,2019-12-31,3,False,0,-28059807,133607885.0,,Not meaningful (revenue <= 0),Not meaningful (revenue <= 0),Limited (zero/negative revenue or assets)
APRN,2016-12-31,2019-12-31,4,True,454868000,-61081000,266065000.0,-0.13428291284504515,3 - Mid,Loss-making (<=0%),Analysis-ready
APT,2016-12-31,2019-12-31,4,True,46665000,3000000,38091000.0,0.06428801028608165,1 - Micro,Moderate (5-15%),Analysis-ready
APTO,2016-12-31,2019-12-31,4,True,0,-26277000,100476000.0,,Not meaningful (revenue <= 0),Not meaningful (revenue <= 0),Limited (zero/negative revenue or assets)
APTS,2016-12-31,2019-12-31,4,True,468404000,-7244000,4770560000.0,-0.015465282106899172,3 - Mid,Loss-making (<=0%),Analysis-ready
APTV,2016-12-31,2019-12-31,4,True,14357000000,990000000,13459000000.0,0.06895591000905482,5 - Mega,Moderate (5-15%),Analysis-ready
APTX,2016-12-31,2019-12-31,4,True,3669000,-57410000,106479000.0,-15.647315344780594,1 - Micro,Loss-making (<=0%),Analysis-ready
APVO,2016-12-31,2019-12-31,4,True,32424000,-40448000,53408000.0,-1.2474710091290402,1 - Micro,Loss-making (<=0%),Analysis-ready
APWC,2016-12-31,2019-12-31,4,True,338160000,-1632000,298911000.0,-0.004826117814052519,3 - Mid,Loss-making (<=0%),Analysis-ready
APY,2016-12-31,2019-12-31,4,True,1131251000,52164000,1922825000.0,0.046111782442623254,4 - Large,Low (0-5%),Analysis-ready
APYX,2016-12-31,2019-12-31,4,True,28235000,-19706000,84745000.0,-0.6979281034177439,1 - Micro,Loss-making (<=0%),Analysis-ready
AQB,2016-12-31,2019-12-31,4,True,186738,-13227642,30233739.0,-70.83529865372876,1 - Micro,Loss-making (<=0%),Analysis-ready
AQMS,2016-12-31,2019-12-31,4,True,4874000,-44795000,69454000.0,-9.190603200656545,1 - Micro,Loss-making (<=0%),Analysis-ready
AQST,2016-12-31,2019-12-31,4,True,52609000,-66246000,78479000.0,-1.259214202893041,2 - Small,Loss-making (<=0%),Analysis-ready
AQUA,2016-09-30,2019-09-30,4,True,1444441000,-9523000,1737848000.0,-0.0065928618752860105,4 - Large,Loss-making (<=0%),Analysis-ready
AR,2016-12-31,2019-12-31,4,True,3944718000,-340129000,15197569000.0,-0.0862239075137944,5 - Mega,Loss-making (<=0%),Analysis-ready
ARA,2016-12-31,2019-12-31,4,True,822522000,-13790000,1086791000.0,-0.0167655090076618,3 - Mid,Loss-making (<=0%),Analysis-ready
ARAV,2016-12-31,2019-12-31,4,True,4753000,-18218000,82121000.0,-3.8329476120345047,1 - Micro,Loss-making (<=0%),Analysis-ready
ARAY,2016-06-30,2019-06-30,4,True,418785000,-16430000,438181000.0,-0.03923254175770383,3 - Mid,Loss-making (<=0%),Analysis-ready
ARC,2016-12-31,2019-12-31,4,True,382415000,3015000,363157000.0,0.007884104964501915,3 - Mid,Low (0-5%),Analysis-ready
ARCB,2016-12-31,2019-12-31,4,True,2988310000,39985000,1651207000.0,0.013380472574799802,4 - Large,Low (0-5%),Analysis-ready
ARCC,2016-12-31,2019-12-31,4,True,1528000000,793000000,14905000000.0,0.518979057591623,4 - Large,High (>15%),Analysis-ready
ARCH,2016-12-31,2019-12-31,4,True,2274352000,233799000,1867756000.0,0.10279807171449275,4 - Large,Moderate (5-15%),Analysis-ready
ARCO,2016-12-31,2019-12-31,4,True,2959077000,79896000,2557685000.0,0.02700031124570263,4 - Large,Low (0-5%),Analysis-ready
ARCT,2016-12-31,2019-12-31,4,True,20789000,-25991000,82143000.0,-1.2502284862186734,1 - Micro,Loss-making (<=0%),Analysis-ready
ARD,2016-12-31,2019-12-31,4,True,6660000000,1458000000,8678000000.0,0.21891891891891893,5 - Mega,High (>15%),Analysis-ready
ARDS,2016-12-31,2019-12-31,4,True,1022000,-29681000,27967000.0,-29.04207436399217,1 - Micro,Loss-making (<=0%),Analysis-ready
ARDX,2016-12-31,2019-12-31,4,True,5281000,-94940000,259782000.0,-17.97765574701761,1 - Micro,Loss-making (<=0%),Analysis-ready
ARE,2016-12-31,2019-12-31,4,True,1541432000,363165000,18390503000.0,0.23560234898458057,4 - Large,High (>15%),Analysis-ready
AREC,2016-12-31,2019-12-31,4,True,24477707,-70918302,35229650.0,-2.8972608422839605,1 - Micro,Loss-making (<=0%),Analysis-ready
ARES,2016-12-31,2019-12-31,4,True,1765438000,148884000,12014196000.0,0.08433261320986633,4 - Large,Moderate (5-15%),Analysis-ready
ARGO,2016-12-31,2019-12-31,4,True,1969700000,-8400000,10514500000.0,-0.0042646088236787325,4 - Large,Loss-making (<=0%),Analysis-ready
ARI,2016-12-31,2019-12-31,4,True,300012000,230174000,6888363000.0,0.7672159780275456,3 - Mid,High (>15%),Analysis-ready
ARKR,2016-10-01,2019-09-28,4,True,162354000,2676000,94652000.0,0.016482501201079122,2 - Small,Low (0-5%),Analysis-ready
ARL,2016-12-31,2019-12-31,4,True,45657000,-15958000,830641000.0,-0.3495192412992531,1 - Micro,Loss-making (<=0%),Analysis-ready
ARLO,2016-12-31,2019-12-31,4,True,370007000,-85951000,542712000.0,-0.23229560521827966,3 - Mid,Loss-making (<=0%),Analysis-ready
ARLP,2016-12-31,2019-12-31,4,True,1961720000,399414000,2586694000.0,0.20360398018065778,4 - Large,High (>15%),Analysis-ready
ARMK,2016-09-30,2019-09-27,4,True,16227341000,448549000,13736321000.0,0.027641558774170086,5 - Mega,Low (0-5%),Analysis-ready
ARMP,2017-12-31,2019-12-31,3,False,0,-19479000,25451000.0,,Not meaningful (revenue <= 0),Not meaningful (revenue <= 0),Limited (zero/negative revenue or assets)
ARNA,2016-12-31,2019-12-31,4,True,806431000,397555000,1174123000.0,0.4929808005892631,3 - Mid,High (>15%),Analysis-ready
ARNC,2016-12-31,2019-12-31,4,True,7277000000,225000000,,0.030919334890751684,5 - Mega,Low (0-5%),Limited (zero/negative revenue or assets)
AROC,2016-12-31,2019-12-31,4,True,965485000,97330000,3109975000.0,0.10080943774372465,4 - Large,Moderate (5-15%),Analysis-ready
AROW,2016-12-31,2019-12-31,4,True,114525000,37475000,3184275000.0,0.32722113075747655,2 - Small,High (>15%),Analysis-ready
ARPO,2016-12-31,2019-12-31,4,True,0,-23270514,39936786.0,,Not meaningful (revenue <= 0),Not meaningful (revenue <= 0),Limited (zero/negative revenue or assets)
ARQT,2017-12-31,2019-12-31,3,False,0,-41996000,107012000.0,,Not meaningful (revenue <= 0),Not meaningful (revenue <= 0),Limited (zero/negative revenue or assets)
ARR,2016-12-31,2019-12-31,4,True,-211425000,-249905000,13272420000.0,,Not meaningful (revenue <= 0),Not meaningful (revenue <= 0),Limited (zero/negative revenue or assets)
ARTL,2016-08-31,2019-08-31,4,True,0,-2172176,6482726.0,,Not meaningful (revenue <= 0),Not meaningful (revenue <= 0),Limited (zero/negative revenue or assets)
ARTNA,2016-12-31,2019-12-31,4,True,83595000,14925000,560368000.0,0.17853938632693342,2 - Small,High (>15%),Analysis-ready
ARTW,2016-11-30,2019-11-30,4,True,22889173,-1419586,19346938.0,-0.06201997774231511,1 - Micro,Loss-making (<=0%),Analysis-ready
ARVN,2016-12-31,2019-12-31,4,True,42976478,-70292227,301641426.0,-1.6355976634474327,1 - Micro,Loss-making (<=0%),Analysis-ready
ARW,2016-12-31,2019-12-31,4,True,28916847000,-204087000,16400796000.0,-0.007057719674624277,5 - Mega,Loss-making (<=0%),Analysis-ready
ARWR,2016-09-30,2019-09-30,4,True,168795577,67974849,349845437.0,0.4027051550053352,2 - Small,High (>15%),Analysis-ready
ASA,2016-11-30,2019-11-30,4,True,2371123,91431019,286612482.0,38.560217669011685,1 - Micro,High (>15%),Analysis-ready
ASB,2016-12-31,2019-12-31,4,True,1200499000,326790000,32386478000.0,0.27221180525764704,4 - Large,High (>15%),Analysis-ready
ASC,2016-12-31,2019-12-31,4,True,230042240,-22861257,772438430.0,-0.0993785184842575,2 - Small,Loss-making (<=0%),Analysis-ready
ASFI,2016-09-30,2019-09-30,4,True,22848000,7175000,90685000.0,0.31403186274509803,1 - Micro,High (>15%),Analysis-ready
ASG,2016-12-31,2019-12-31,4,True,1413489,64006700,245532111.0,45.28277192111152,1 - Micro,High (>15%),Analysis-ready
ASGN,2016-12-31,2019-12-31,4,True,3923900000,174700000,2941400000.0,0.04452203165218278,5 - Mega,Low (0-5%),Analysis-ready
ASH,2016-09-30,2019-09-30,4,True,2493000000,505000000,7251000000.0,0.20256718812675492,4 - Large,High (>15%),Analysis-ready
ASIX,2016-12-31,2019-12-31,4,True,1297393000,41347000,1235969000.0,0.03186929480889754,4 - Large,Low (0-5%),Analysis-ready
ASM,2017-01-01,2019-12-31,4,True,31746000,-31461000,72571000.0,-0.9910224910224911,1 - Micro,Loss-making (<=0%),Analysis-ready
ASMB,2016-12-31,2019-12-31,4,True,15963000,-97634000,339907000.0,-6.116268871765959,1 - Micro,Loss-making (<=0%),Analysis-ready
ASNA,2016-07-30,2019-08-03,4,True,5493400000,-661400000,2699800000.0,-0.12039902428368587,5 - Mega,Loss-making (<=0%),Analysis-ready
ASPN,2016-12-31,2019-12-31,4,True,139375000,-14565000,103502000.0,-0.10450224215246637,2 - Small,Loss-making (<=0%),Analysis-ready
ASPS,2016-12-31,2019-12-31,4,True,648651000,-307969000,385119000.0,-0.4747838205753171,3 - Mid,Loss-making (<=0%),Analysis-ready
ASPU,2016-04-30,2019-04-30,4,True,34025418,-9278217,43204503.0,-0.27268487928642055,1 - Micro,Loss-making (<=0%),Analysis-ready
ASRT,2016-12-31,2019-12-31,4,True,229526000,-217201000,527170000.0,-0.9463023796868328,2 - Small,Loss-making (<=0%),Analysis-ready
ASRV,2016-12-31,2019-12-31,4,True,49415000,6028000,1171184000.0,0.12198725083476677,2 - Small,Moderate (5-15%),Analysis-ready
ASTC,2016-06-30,2019-06-30,4,True,127000,-7534000,3692000.0,-59.32283464566929,1 - Micro,Loss-making (<=0%),Analysis-ready
ASTE,2016-12-31,2019-12-31,4,True,1169613000,22306000,800498000.0,0.01907126545276087,4 - Large,Low (0-5%),Analysis-ready
ASUR,2016-12-31,2019-12-31,4,True,73150000,30001000,335044000.0,0.4101298701298701,2 - Small,High (>15%),Analysis-ready
ASYS,2016-09-30,2019-09-30,4,True,85035000,-5162000,126477000.0,-0.060704415828776385,2 - Small,Loss-making (<=0%),Analysis-ready
AT,2016-12-31,2019-12-31,4,True,281600000,-42600000,935600000.0,-0.1512784090909091,3 - Mid,Loss-making (<=0%),Analysis-ready
ATAX,2016-12-31,2019-12-31,4,True,37600719,28389277,1029168508.0,0.755019525025572,1 - Micro,High (>15%),Analysis-ready
ATCO,2016-12-31,2019-12-31,4,True,1131500000,439100000,7917000000.0,0.38806893504197965,4 - Large,High (>15%),Analysis-ready
ATCX,2016-12-31,2019-12-31,4,True,471047000,8030000,,0.017047131177992853,3 - Mid,Low (0-5%),Limited (zero/negative revenue or assets)
ATEC,2016-12-31,2019-12-31,4,True,113427000,-57002000,169948000.0,-0.5025434861188254,2 - Small,Loss-making (<=0%),Analysis-ready
ATEN,2016-12-31,2019-12-31,4,True,212628000,-17819000,274053000.0,-0.08380363827906014,2 - Small,Loss-making (<=0%),Analysis-ready
ATEX,2017-03-31,2020-03-31,4,True,1564000,-37638000,267397000.0,-24.065217391304348,1 - Micro,Loss-making (<=0%),Analysis-ready
ATGE,2016-06-30,2019-06-30,4,True,1239687000,95168000,2242696000.0,0.07676776476642895,4 - Large,Moderate (5-15%),Analysis-ready
ATH,2016-12-31,2019-12-31,4,True,16258000000,2172000000,146875000000.0,0.13359576823717553,5 - Mega,Moderate (5-15%),Analysis-ready
ATHX,2016-12-31,2019-12-31,4,True,5633000,-44582000,41666000.0,-7.914432806674951,1 - Micro,Loss-making (<=0%),Analysis-ready
ATI,2016-12-31,2019-12-31,4,True,4122500000,257600000,5634600000.0,0.062486355366889026,5 - Mega,Moderate (5-15%),Analysis-ready
ATKR,2016-09-30,2019-09-30,4,True,1916538000,139051000,1436995000.0,0.07255321835518001,4 - Large,Moderate (5-15%),Analysis-ready
ATLC,2016-12-31,2019-12-31,4,True,35142000,26443000,936266000.0,0.7524614421489955,1 - Micro,High (>15%),Analysis-ready
ATLO,2016-12-31,2019-12-31,4,True,52563438,17194169,1737182505.0,0.32711271663775116,2 - Small,High (>15%),Analysis-ready
ATNI,2016-12-31,2019-12-31,4,True,438722000,-10806000,1130726000.0,-0.024630631698433176,3 - Mid,Loss-making (<=0%),Analysis-ready
ATNM,2016-12-31,2019-12-31,4,True,0,-21899054,11670407.0,,Not meaningful (revenue <= 0),Not meaningful (revenue <= 0),Limited (zero/negative revenue or assets)
ATNX,2016-12-31,2019-12-31,4,True,101229000,-123749000,309932000.0,-1.2224658941607642,2 - Small,Loss-making (<=0%),Analysis-ready
ATO,2016-09-30,2019-09-30,4,True,2901848000,511406000,13367619000.0,0.17623459257686827,4 - Large,High (>15%),Analysis-ready
ATOM,2016-12-31,2019-12-31,4,True,533000,-13300000,15240000.0,-24.953095684803003,1 - Micro,Loss-making (<=0%),Analysis-ready
ATOS,2016-12-31,2019-12-31,4,True,0,-17239777,14489855.0,,Not meaningful (revenue <= 0),Not meaningful (revenue <= 0),Limited (zero/negative revenue or assets)
ATR,2016-12-31,2019-12-31,4,True,2859732000,242202000,3562119000.0,0.0846939503421999,4 - Large,Moderate (5-15%),Analysis-ready
ATRA,2016-12-31,2019-12-31,4,True,0,-290976000,342942000.0,,Not meaningful (revenue <= 0),Not meaningful (revenue <= 0),Limited (zero/negative revenue or assets)
ATRC,2016-12-31,2019-12-31,4,True,230807000,-35194000,557880000.0,-0.152482377050956,2 - Small,Loss-making (<=0%),Analysis-ready
ATRI,2016-12-31,2019-12-31,4,True,155066000,36761000,262031000.0,0.2370667973637032,2 - Small,High (>15%),Analysis-ready
ATRO,2016-12-31,2019-12-31,4,True,772702000,52017000,782716000.0,0.06731831935209175,3 - Mid,Moderate (5-15%),Analysis-ready
ATRS,2016-12-31,2019-12-31,4,True,123864000,-2027000,132751000.0,-0.016364722598979527,2 - Small,Loss-making (<=0%),Analysis-ready
ATSG,2016-12-31,2019-12-31,4,True,1452183000,61202000,2820178000.0,0.04214482609974087,4 - Large,Low (0-5%),Analysis-ready
ATTO,2016-12-31,2019-12-31,4,True,1717763000,-81306000,1304611000.0,-0.04733248998843263,4 - Large,Loss-making (<=0%),Analysis-ready
ATUS,2016-12-31,2019-12-31,4,True,9760859000,138936000,34108122000.0,0.014233993135235332,5 - Mega,Low (0-5%),Analysis-ready
ATV,2016-12-31,2019-12-31,4,True,37484493,9836231,80164064.0,0.26240800429126787,1 - Micro,High (>15%),Analysis-ready
ATVI,2016-12-31,2019-12-31,4,True,6489000000,1503000000,19845000000.0,0.231622746185853,5 - Mega,High (>15%),Analysis-ready
ATXI,2016-12-31,2019-12-31,4,True,0,-25908000,8915000.0,,Not meaningful (revenue <= 0),Not meaningful (revenue <= 0),Limited (zero/negative revenue or assets)
AU,2016-12-31,2019-12-31,4,True,3525000000,-12000000,6863000000.0,-0.003404255319148936,5 - Mega,Loss-making (<=0%),Analysis-ready
AUB,2016-12-31,2019-12-31,4,True,649595000,193528000,17562990000.0,0.29792101232306284,3 - Mid,High (>15%),Analysis-ready
AUBN,2016-12-31,2019-12-31,4,True,29791000,9741000,827879000.0,0.32697794635963884,1 - Micro,High (>15%),Analysis-ready
AUDC,2016-12-31,2019-12-31,4,True,200287000,3977000,244324000.0,0.01985650591401339,2 - Small,Low (0-5%),Analysis-ready
AUMN,2016-12-31,2019-12-31,4,True,7730000,-5386000,13357000.0,-0.6967658473479948,1 - Micro,Loss-making (<=0%),Analysis-ready
AUPH,2016-12-31,2019-12-31,4,True,318000,-123846000,326683000.0,-389.45283018867923,1 - Micro,Loss-making (<=0%),Analysis-ready
AUTL,2017-09-30,2019-12-31,4,True,2908000,-123849000,303533000.0,-42.58906464924347,1 - Micro,Loss-making (<=0%),Analysis-ready
AUTO,2016-12-31,2019-12-31,4,True,113981000,-15229000,44904000.0,-0.1336099876295172,2 - Small,Loss-making (<=0%),Analysis-ready
AUY,2016-12-31,2019-12-31,4,True,1612200000,225600000,7117200000.0,0.13993301079270562,4 - Large,Moderate (5-15%),Analysis-ready
AVA,2016-12-31,2019-12-31,4,True,1345622000,196979000,6082456000.0,0.1463850918014123,4 - Large,Moderate (5-15%),Analysis-ready
AVAV,2016-04-30,2019-04-30,4,True,314274000,47438000,508844000.0,0.15094471703036205,3 - Mid,High (>15%),Analysis-ready
AVB,2016-12-31,2019-12-31,4,True,2327490000,785974000,19121051000.0,0.33769167644114473,4 - Large,High (>15%),Analysis-ready
AVD,2016-12-31,2019-12-31,4,True,468186000,13601000,670098000.0,0.029050420132169692,3 - Mid,Low (0-5%),Analysis-ready
AVDL,2016-12-31,2019-12-31,4,True,59215000,-33226000,151436000.0,-0.5611078274085958,2 - Small,Loss-making (<=0%),Analysis-ready
AVEO,2016-12-31,2019-12-31,4,True,28795000,9388000,50600000.0,0.326028824448689,1 - Micro,High (>15%),Analysis-ready
AVGO,2016-10-30,2019-11-03,4,True,22597000000,2724000000,67493000000.0,0.12054697526220294,5 - Mega,Moderate (5-15%),Analysis-ready
AVGR,2016-12-31,2019-12-31,4,True,9131000,-19450000,23825000.0,-2.1301062315190014,1 - Micro,Loss-making (<=0%),Analysis-ready
AVID,2016-12-31,2019-12-31,4,True,411788000,7601000,304293000.0,0.018458527203318212,3 - Mid,Low (0-5%),Analysis-ready
AVK,2016-10-31,2019-10-31,4,True,39338950,53264511,969141197.0,1.353989137991736,1 - Micro,High (>15%),Analysis-ready
AVLR,2016-12-31,2019-12-31,4,True,382421000,-50214000,807267000.0,-0.13130555068890046,3 - Mid,Loss-making (<=0%),Analysis-ready
AVNS,2016-12-31,2019-12-31,4,True,697600000,-45900000,1799600000.0,-0.06579701834862385,3 - Mid,Loss-making (<=0%),Analysis-ready
AVNW,2016-07-01,2019-06-28,4,True,243858000,9738000,169193000.0,0.03993307580641193,2 - Small,Low (0-5%),Analysis-ready
AVRO,2016-12-31,2019-12-31,4,True,0,-72965000,200514000.0,,Not meaningful (revenue <= 0),Not meaningful (revenue <= 0),Limited (zero/negative revenue or assets)
AVT,2016-07-02,2019-06-29,4,True,19518592000,176337000,8564556000.0,0.009034309441992537,5 - Mega,Low (0-5%),Analysis-ready
AVTR,2016-12-31,2019-12-31,4,True,6040300000,37800000,9773300000.0,0.0062579673195039985,5 - Mega,Low (0-5%),Analysis-ready
AVXL,2016-09-30,2019-09-30,4,True,0,-26294979,25329373.0,,Not meaningful (revenue <= 0),Not meaningful (revenue <= 0),Limited (zero/negative revenue or assets)
AVY,2016-12-31,2019-12-28,4,True,7070100000,303600000,5488800000.0,0.04294140111172402,5 - Mega,Low (0-5%),Analysis-ready
AVYA,2016-09-30,2019-09-30,4,True,2887000000,-671000000,6950000000.0,-0.23242119847592657,4 - Large,Loss-making (<=0%),Analysis-ready
AWF,2017-03-31,2020-03-31,4,True,69374803,-122629497,976490871.0,-1.7676374086424433,2 - Small,Loss-making (<=0%),Analysis-ready
AWI,2016-12-31,2019-12-31,4,True,1038100000,214500000,1493300000.0,0.2066274925344379,4 - Large,High (>15%),Analysis-ready
AWK,2016-12-31,2019-12-31,4,True,3610000000,621000000,22682000000.0,0.17202216066481996,5 - Mega,High (>15%),Analysis-ready
AWP,2016-10-31,2019-10-31,4,True,21525459,145879050,663899181.0,6.777047123594437,1 - Micro,High (>15%),Analysis-ready
AWR,2016-12-31,2019-12-31,4,True,473869000,84342000,1641331000.0,0.1779858990564903,3 - Mid,High (>15%),Analysis-ready
AWRE,2016-12-31,2019-12-31,4,True,12204000,-8340000,57555000.0,-0.6833824975417896,1 - Micro,Loss-making (<=0%),Analysis-ready
AWX,2016-12-31,2019-12-31,4,True,68357000,-455000,79164000.0,-0.006656231256491654,2 - Small,Loss-making (<=0%),Analysis-ready
AX,2016-06-30,2019-06-30,4,True,464012000,155131000,11220238000.0,0.33432540537744715,3 - Mid,High (>15%),Analysis-ready
AXAS,2015-12-31,2018-12-31,4,True,149167000,57821000,425890000.0,0.38762594943921913,2 - Small,High (>15%),Analysis-ready
AXDX,2016-12-31,2019-12-31,4,True,9297000,-84305000,134424000.0,-9.067978917930516,1 - Micro,Loss-making (<=0%),Analysis-ready
AXE,2016-12-30,2020-01-03,4,True,8845600000,262900000,4808900000.0,0.02972099122727684,5 - Mega,Low (0-5%),Analysis-ready
AXGN,2016-12-31,2019-12-31,4,True,106712000,-29135000,154643000.0,-0.2730245895494415,2 - Small,Loss-making (<=0%),Analysis-ready
AXGT,2017-03-31,2020-03-31,4,True,0,-72628000,93680000.0,,Not meaningful (revenue <= 0),Not meaningful (revenue <= 0),Limited (zero/negative revenue or assets)
AXL,2016-12-31,2019-12-31,4,True,6530900000,-484500000,6644600000.0,-0.0741857936884656,5 - Mega,Loss-making (<=0%),Analysis-ready
AXLA,2017-12-31,2019-12-31,3,False,0,-59037000,94359000.0,,Not meaningful (revenue <= 0),Not meaningful (revenue <= 0),Limited (zero/negative revenue or assets)
AXNX,2016-12-31,2019-12-31,4,True,13820000,-79935000,219822000.0,-5.784008683068017,1 - Micro,Loss-making (<=0%),Analysis-ready
AXP,2016-12-31,2019-12-31,4,True,39983000000,6759000000,198321000000.0,0.16904684490908636,5 - Mega,High (>15%),Analysis-ready
AXR,2016-04-30,2019-04-30,4,True,12831000,1527000,100530000.0,0.11900865092354454,1 - Micro,Moderate (5-15%),Analysis-ready
AXS,2016-12-31,2019-12-31,4,True,5173427000,323473000,25604054000.0,0.06252586534998948,5 - Mega,Moderate (5-15%),Analysis-ready
AXSM,2016-12-31,2019-12-31,4,True,0,-68345186,220549760.0,,Not meaningful (revenue <= 0),Not meaningful (revenue <= 0),Limited (zero/negative revenue or assets)
AXTA,2016-12-31,2019-12-31,4,True,4482200000,249000000,6818000000.0,0.055553076614162686,5 - Mega,Moderate (5-15%),Analysis-ready
AXTI,2016-12-31,2019-12-31,4,True,83256000,-2600000,223349000.0,-0.03122898049389834,2 - Small,Loss-making (<=0%),Analysis-ready
AY,2016-12-31,2019-12-31,4,True,1046084000,62135000,9659815000.0,0.05939771567101686,4 - Large,Moderate (5-15%),Analysis-ready
AYI,2016-08-31,2019-08-31,4,True,3672700000,330400000,3172400000.0,0.08996106406730743,5 - Mega,Moderate (5-15%),Analysis-ready
AYLA,2018-12-31,2019-12-31,2,False,2334000,-17792000,20054000.0,-7.622964867180806,1 - Micro,Loss-making (<=0%),Analysis-ready
AYRO,2017-12-31,2019-12-31,3,False,890152,-8664693,2778130.0,-9.733947685339134,1 - Micro,Loss-making (<=0%),Analysis-ready
AYTU,2016-06-30,2019-06-30,4,True,7320357,-27131908,34721391.0,-3.7063640475457684,1 - Micro,Loss-making (<=0%),Analysis-ready
AYX,2016-12-31,2019-12-31,4,True,417910000,27143000,1342338000.0,0.06494939101720466,3 - Mid,Moderate (5-15%),Analysis-ready
AZN,2016-12-31,2019-12-31,4,True,24384000000,1335000000,61377000000.0,0.054749015748031496,5 - Mega,Moderate (5-15%),Analysis-ready
AZO,2016-08-27,2019-08-31,4,True,11863743000,1617221000,9895913000.0,0.13631625364777372,5 - Mega,Moderate (5-15%),Analysis-ready
AZPN,2016-06-30,2019-06-30,4,True,598345000,262734000,903065000.0,0.4391011874420276,3 - Mid,High (>15%),Analysis-ready
AZRX,2016-12-31,2019-12-31,4,True,0,-15177686,8902880.0,,Not meaningful (revenue <= 0),Not meaningful (revenue <= 0),Limited (zero/negative revenue or assets)
AZZ,2017-02-28,2020-02-29,4,True,1061817000,48234000,1073831000.0,0.04542590672404002,4 - Large,Low (0-5%),Analysis-ready
B,2016-12-31,2019-12-31,4,True,1491118000,158350000,2738335000.0,0.10619548553501466,4 - Large,Moderate (5-15%),Analysis-ready
BA,2016-12-31,2019-12-31,4,True,76559000000,-636000000,133625000000.0,-0.0083073185386434,5 - Mega,Loss-making (<=0%),Analysis-ready
BAC,2016-12-31,2019-12-31,4,True,85582000000,27430000000,2434079000000.0,0.3205113224743521,5 - Mega,High (>15%),Analysis-ready
BAH,2017-03-31,2020-03-31,4,True,7463841000,482603000,4793966000.0,0.06465879967164359,5 - Mega,Moderate (5-15%),Analysis-ready
BAM,2016-12-31,2019-12-31,4,True,71521000000,2807000000,323969000000.0,0.0392472141049482,5 - Mega,Low (0-5%),Analysis-ready
BANC,2016-12-31,2019-12-31,4,True,222198000,23759000,7828410000.0,0.10692715505990152,2 - Small,Moderate (5-15%),Analysis-ready
BAND,2016-12-31,2019-12-31,4,True,232594000,2494000,341416000.0,0.010722546583316853,2 - Small,Low (0-5%),Analysis-ready
BANF,2016-12-31,2019-12-31,4,True,410863000,134879000,8565758000.0,0.3282821767839888,3 - Mid,High (>15%),Analysis-ready
BANR,2016-12-31,2019-12-31,4,True,540860000,146278000,12604031000.0,0.27045446141330476,3 - Mid,High (>15%),Analysis-ready
BANX,2016-12-31,2019-12-31,4,True,16354751,12605205,164703377.0,0.7707365890193009,1 - Micro,High (>15%),Analysis-ready
BASI,2016-09-30,2019-09-30,4,True,43616000,-790000,41980000.0,-0.01811261922230374,1 - Micro,Loss-making (<=0%),Analysis-ready
BATL,2016-12-31,2019-12-31,4,True,224685000,-1166513000,584666000.0,-5.191770701203907,2 - Small,Loss-making (<=0%),Analysis-ready
BATRA,2016-12-31,2019-12-31,4,True,476000000,-77000000,1593000000.0,-0.16176470588235295,3 - Mid,Loss-making (<=0%),Analysis-ready
BATRK,2016-12-31,2019-12-31,4,True,476000000,-77000000,1593000000.0,-0.16176470588235295,3 - Mid,Loss-making (<=0%),Analysis-ready
BAX,2016-12-31,2019-12-31,4,True,11362000000,1001000000,18193000000.0,0.08810068649885583,5 - Mega,Moderate (5-15%),Analysis-ready
BB,2017-02-28,2020-02-29,4,True,1040000000,-152000000,3888000000.0,-0.14615384615384616,4 - Large,Loss-making (<=0%),Analysis-ready
BBBY,2017-02-25,2020-02-29,4,True,11158580000,-613816000,7790515000.0,-0.055008432972654224,5 - Mega,Loss-making (<=0%),Analysis-ready
BBCP,2016-10-31,2019-10-31,4,True,282961000,-32487000,871365000.0,-0.1148108749969077,3 - Mid,Loss-making (<=0%),Analysis-ready
BBDC,2016-12-31,2019-12-31,4,True,75648345,58191634,1252634838.0,0.7692386925318723,2 - Small,High (>15%),Analysis-ready
BBGI,2016-12-31,2019-12-31,4,True,261554114,13450224,760060229.0,0.05142424943849287,2 - Small,Moderate (5-15%),Analysis-ready
BBI,2017-12-31,2019-12-31,3,False,7917000,-23877000,18144000.0,-3.0159151193633953,1 - Micro,Loss-making (<=0%),Analysis-ready
BBIO,2017-12-31,2019-12-31,3,False,40560000,-260587000,631679000.0,-6.424728796844182,1 - Micro,Loss-making (<=0%),Analysis-ready
BBL,2016-06-30,2019-06-30,4,True,44609000000,8306000000,100861000000.0,0.1861956107511937,5 - Mega,High (>15%),Analysis-ready
BBQ,2017-01-01,2019-12-29,4,True,82269000,-649000,73081000.0,-0.007888755181173953,2 - Small,Loss-making (<=0%),Analysis-ready
BBSI,2016-12-31,2019-12-31,4,True,942311000,48292000,860929000.0,0.0512484731686248,4 - Large,Moderate (5-15%),Analysis-ready
BBU,2016-12-31,2019-12-31,4,True,43032000000,43000000,51751000000.0,0.0009992563673545268,5 - Mega,Low (0-5%),Analysis-ready
BBW,2017-12-30,2020-02-01,4,True,338543000,261000,,0.0007709508097937338,3 - Mid,Low (0-5%),Limited (zero/negative revenue or assets)
BBX,2016-12-31,2019-12-31,4,True,869366000,17691000,1790971000.0,0.020349312027385474,3 - Mid,Low (0-5%),Analysis-ready
BBY,2017-01-28,2020-02-01,4,True,43638000000,1541000000,15591000000.0,0.035313259086117606,5 - Mega,Low (0-5%),Analysis-ready
BC,2016-12-31,2019-12-31,4,True,4108400000,-131000000,3564400000.0,-0.03188589231817739,5 - Mega,Loss-making (<=0%),Analysis-ready
BCBP,2016-12-31,2019-12-31,4,True,85926000,21034000,2907468000.0,0.24479203035169797,2 - Small,High (>15%),Analysis-ready
BCC,2016-12-31,2019-12-31,4,True,4643404000,80925000,1693351000.0,0.017427947255935515,5 - Mega,Low (0-5%),Analysis-ready
BCDA,2016-12-31,2019-12-31,4,True,710000,-14709000,7678000.0,-20.716901408450703,1 - Micro,Loss-making (<=0%),Analysis-ready
BCEI,2016-12-31,2019-12-31,4,True,313220000,67067000,1206318000.0,0.21412106506608775,3 - Mid,High (>15%),Analysis-ready
BCEL,2017-12-31,2019-12-31,3,False,0,-67484000,195715000.0,,Not meaningful (revenue <= 0),Not meaningful (revenue <= 0),Limited (zero/negative revenue or assets)
BCLI,2016-12-31,2019-12-31,4,True,0,-23253000,6534000.0,,Not meaningful (revenue <= 0),Not meaningful (revenue <= 0),Limited (zero/negative revenue or assets)
BCML,2016-12-31,2019-12-31,4,True,75157000,17318000,1994177000.0,0.23042431177401973,2 - Small,High (>15%),Analysis-ready
BCO,2016-12-31,2019-12-31,4,True,3683200000,29000000,3763800000.0,0.007873588184187662,5 - Mega,Low (0-5%),Analysis-ready
BCOR,2016-12-31,2019-12-31,4,True,717945000,48148000,1137572000.0,0.0670636330080995,3 - Mid,Moderate (5-15%),Analysis-ready
BCOV,2016-12-31,2019-12-31,4,True,184455000,-21903000,172867000.0,-0.11874440920549728,2 - Small,Loss-making (<=0%),Analysis-ready
BCPC,2016-12-31,2019-12-31,4,True,643705000,79671000,1155682000.0,0.12376942854257773,3 - Mid,Moderate (5-15%),Analysis-ready
BCRX,2016-12-31,2019-12-31,4,True,48835000,-108897000,175282000.0,-2.229896590560049,1 - Micro,Loss-making (<=0%),Analysis-ready
BCSF,2016-12-31,2019-12-31,4,True,197945000,98085000,2645554000.0,0.4955164313319356,2 - Small,High (>15%),Analysis-ready
BCTF,2016-12-31,2019-12-31,4,True,15123677,710179,393739355.0,0.046958090945740244,1 - Micro,Low (0-5%),Analysis-ready
BCV,2016-10-31,2019-10-31,4,True,3945784,23720345,167860736.0,6.011567029518088,1 - Micro,High (>15%),Analysis-ready
BCYC,2016-12-31,2019-12-31,4,True,13801000,-30608000,110194000.0,-2.2178103036011882,1 - Micro,Loss-making (<=0%),Analysis-ready
BDC,2016-12-31,2019-12-31,4,True,2131278000,-377015000,3406759000.0,-0.17689620969202516,4 - Large,Loss-making (<=0%),Analysis-ready
BDGE,2016-12-31,2019-12-31,4,True,161890000,51691000,4921520000.0,0.31929705355488297,2 - Small,High (>15%),Analysis-ready
BDL,2016-10-01,2019-09-28,4,True,115989000,3648000,68755000.0,0.031451258308977575,2 - Small,Low (0-5%),Analysis-ready
BDN,2016-12-31,2019-12-31,4,True,570495000,34267000,4075969000.0,0.060065381817544415,3 - Mid,Moderate (5-15%),Analysis-ready
BDR,2016-12-31,2019-12-31,4,True,19842000,-742000,18347000.0,-0.03739542384840238,1 - Micro,Loss-making (<=0%),Analysis-ready
BDSI,2016-12-31,2019-12-31,4,True,111389000,-15305000,182905000.0,-0.1374013592006392,2 - Small,Loss-making (<=0%),Analysis-ready
BDTX,2017-12-31,2019-12-31,3,False,0,-35258000,158295000.0,,Not meaningful (revenue <= 0),Not meaningful (revenue <= 0),Limited (zero/negative revenue or assets)
BDX,2016-09-30,2019-09-30,4,True,17290000000,1233000000,51765000000.0,0.0713128976286871,5 - Mega,Moderate (5-15%),Analysis-ready
BE,2016-12-31,2019-12-31,4,True,785177000,-304414000,1322591000.0,-0.38770111707296573,3 - Mid,Loss-making (<=0%),Analysis-ready
BEAM,2017-12-31,2019-12-31,3,False,18000,-78326000,156099000.0,-4351.444444444444,1 - Micro,Loss-making (<=0%),Analysis-ready
BEAT,2016-12-31,2019-12-31,4,True,417339000,29844000,685720000.0,0.07151021112333139,3 - Mid,Moderate (5-15%),Analysis-ready
BECN,2016-09-30,2019-09-30,4,True,7105160000,-10612000,6392812000.0,-0.0014935624250544675,5 - Mega,Loss-making (<=0%),Analysis-ready
BELFA,2016-12-31,2019-12-31,4,True,492412000,-8743000,468917000.0,-0.017755456812587833,3 - Mid,Loss-making (<=0%),Analysis-ready
BELFB,2016-12-31,2019-12-31,4,True,492412000,-8743000,468917000.0,-0.017755456812587833,3 - Mid,Loss-making (<=0%),Analysis-ready
BEN,2016-09-30,2019-09-30,4,True,5774500000,1195700000,14532200000.0,0.2070655468005888,5 - Mega,High (>15%),Analysis-ready
BEP,2016-12-31,2019-12-31,4,True,2980000000,-15000000,35691000000.0,-0.0050335570469798654,4 - Large,Loss-making (<=0%),Analysis-ready
BERY,2016-10-01,2019-09-28,4,True,8878000000,404000000,16469000000.0,0.0455057445370579,5 - Mega,Low (0-5%),Analysis-ready
BFAM,2016-12-31,2019-12-31,4,True,2062017000,180386000,3330420000.0,0.08748036509883284,4 - Large,Moderate (5-15%),Analysis-ready
BFC,2016-12-31,2019-12-31,4,True,77049000,26694000,2210168000.0,0.34645485340497606,2 - Small,High (>15%),Analysis-ready
BFIN,2016-12-31,2019-12-31,4,True,54582000,11672000,1488015000.0,0.2138433915942985,2 - Small,High (>15%),Analysis-ready
BFS,2016-12-31,2019-12-31,4,True,231525000,51723000,1618340000.0,0.2234013605442177,2 - Small,High (>15%),Analysis-ready
BFST,2016-12-31,2019-12-31,4,True,88300000,23772000,2273835000.0,0.2692185730464326,2 - Small,High (>15%),Analysis-ready
BFY,2016-08-31,2019-08-31,4,True,5178924,7675297,133498733.0,1.4820254168626534,1 - Micro,High (>15%),Analysis-ready
BFYT,2016-12-31,2019-12-31,4,True,381808000,29614000,651858000.0,0.07756254452499686,3 - Mid,Moderate (5-15%),Analysis-ready
BG,2016-12-31,2019-12-31,4,True,41140000000,-1280000000,18317000000.0,-0.031113271754982984,5 - Mega,Loss-making (<=0%),Analysis-ready
BGCP,2016-12-31,2019-12-31,4,True,2045154000,55707000,3916120000.0,0.02723853558216154,4 - Large,Low (0-5%),Analysis-ready
BGFV,2017-01-01,2019-12-29,4,True,996495000,8445000,688800000.0,0.008474703836948504,4 - Large,Low (0-5%),Analysis-ready
BGG,2016-07-03,2019-06-30,4,True,1836605000,-54083000,1551431000.0,-0.0294472681932152,4 - Large,Loss-making (<=0%),Analysis-ready
BGNE,2016-12-31,2019-12-31,4,True,428212000,-948628000,1612289000.0,-2.2153232510999223,3 - Mid,Loss-making (<=0%),Analysis-ready
BGS,2016-12-31,2019-12-28,4,True,1660414000,76389000,3227590000.0,0.04600599609494981,4 - Large,Low (0-5%),Analysis-ready
BGSF,2016-12-25,2019-12-29,4,True,294313548,13246990,115586044.0,0.045009786637480925,3 - Mid,Low (0-5%),Analysis-ready
BGY,2016-12-31,2019-12-31,4,True,23704684,114465266,691816474.0,4.828803708161645,1 - Micro,High (>15%),Analysis-ready
BH,2016-12-31,2019-12-31,4,True,668838000,45380000,1139309000.0,0.06784901575568374,3 - Mid,Moderate (5-15%),Analysis-ready
BHB,2016-12-31,2019-12-31,4,True,116544000,22620000,3669128000.0,0.19408978583196046,2 - Small,High (>15%),Analysis-ready
BHC,2016-12-31,2019-12-31,4,True,8601000000,-1788000000,33863000000.0,-0.20788280432507847,5 - Mega,Loss-making (<=0%),Analysis-ready
BHE,2016-12-31,2019-12-31,4,True,2268095000,23425000,1759874000.0,0.010328050632799773,4 - Large,Low (0-5%),Analysis-ready
BHF,2016-12-31,2019-12-31,4,True,6520000000,-740000000,227259000000.0,-0.11349693251533742,5 - Mega,Loss-making (<=0%),Analysis-ready
BHLB,2016-12-31,2019-12-31,4,True,412490000,97450000,13215970000.0,0.23624815147033867,3 - Mid,High (>15%),Analysis-ready
BHP,2016-06-30,2019-06-30,4,True,44609000000,8306000000,100861000000.0,0.1861956107511937,5 - Mega,High (>15%),Analysis-ready
BHR,2016-12-31,2019-12-31,4,True,468115000,371000,1758947000.0,0.0007925402945857321,3 - Mid,Low (0-5%),Analysis-ready
BHTG,2016-12-31,2019-12-31,4,True,4219448,-7622948,56540047.0,-1.8066220984356247,1 - Micro,Loss-making (<=0%),Analysis-ready
BHV,2016-08-31,2019-08-31,4,True,1685522,2124628,42243044.0,1.2605163266928583,1 - Micro,High (>15%),Analysis-ready
BHVN,2016-12-31,2019-12-31,4,True,0,-528805000,344264000.0,,Not meaningful (revenue <= 0),Not meaningful (revenue <= 0),Limited (zero/negative revenue or assets)
BIF,2016-11-30,2019-11-30,4,True,22447483,59127223,1394163574.0,2.6340246253889577,1 - Micro,High (>15%),Analysis-ready
BIG,2017-01-28,2020-02-01,4,True,5323180000,242464000,3189281000.0,0.04554871336306494,5 - Mega,Low (0-5%),Analysis-ready
BIIB,2016-12-31,2019-12-31,4,True,14377900000,5888500000,27234300000.0,0.4095521599120873,5 - Mega,High (>15%),Analysis-ready
BILL,2018-06-30,2019-06-30,2,False,108351000,-7314000,1526298000.0,-0.06750283799872636,2 - Small,Loss-making (<=0%),Analysis-ready
BIMI,2016-12-31,2019-12-31,4,True,157978,-4438565,30061778.0,-28.09609565888921,1 - Micro,Loss-making (<=0%),Analysis-ready
BIO,2016-12-31,2019-12-31,4,True,2311659000,1758675000,8008859000.0,0.7607847870295749,4 - Large,High (>15%),Analysis-ready
BIOC,2016-12-31,2019-12-31,4,True,5528566,-25138039,17732644.0,-4.5469365835553015,1 - Micro,Loss-making (<=0%),Analysis-ready
BIOL,2016-12-31,2019-12-31,4,True,37799000,-17855000,31847000.0,-0.47236699383581576,1 - Micro,Loss-making (<=0%),Analysis-ready
BIOX,2016-12-31,2019-06-30,4,True,160308979,-18369045,242467297.0,-0.114585253518457,2 - Small,Loss-making (<=0%),Analysis-ready
BIP,2016-12-31,2019-12-31,4,True,6597000000,52000000,56308000000.0,0.007882370774594513,5 - Mega,Low (0-5%),Analysis-ready
BJ,2017-01-28,2020-02-01,4,True,13190707000,187176000,5269780000.0,0.014189989967937276,5 - Mega,Low (0-5%),Analysis-ready
BJRI,2017-01-03,2019-12-31,4,True,1161450000,45238000,1072084000.0,0.038949588875973995,4 - Large,Low (0-5%),Analysis-ready
BK,2016-12-31,2019-12-31,4,True,16487000000,4441000000,381508000000.0,0.26936374112937467,5 - Mega,High (>15%),Analysis-ready
BKCC,2016-12-31,2019-12-31,4,True,78118521,-6886740,774063427.0,-0.08815758301414846,2 - Small,Loss-making (<=0%),Analysis-ready
BKD,2016-12-31,2019-12-31,4,True,3267039000,-267931000,7194433000.0,-0.08201034637174517,5 - Mega,Loss-making (<=0%),Analysis-ready
BKE,2017-01-28,2020-02-01,4,True,900254000,104429000,867890000.0,0.11599948458990463,4 - Large,Moderate (5-15%),Analysis-ready
BKEP,2016-12-31,2019-12-31,4,True,371070000,18075000,301940000.0,0.04871048589214973,3 - Mid,Low (0-5%),Analysis-ready
BKH,2016-12-31,2019-12-31,4,True,1734900000,199310000,7558457000.0,0.11488270217303591,4 - Large,Moderate (5-15%),Analysis-ready
BKI,2016-12-31,2019-12-31,4,True,1177200000,108800000,3962800000.0,0.09242269792728508,4 - Large,Moderate (5-15%),Analysis-ready
BKNG,2016-12-31,2019-12-31,4,True,15066000000,4865000000,21402000000.0,0.32291251825302003,5 - Mega,High (>15%),Analysis-ready
BKR,2016-12-31,2019-12-31,4,True,23838000000,128000000,53369000000.0,0.005369577984730263,5 - Mega,Low (0-5%),Analysis-ready
BKSC,2016-12-31,2019-12-31,4,True,20115690,7318433,445012520.0,0.3638171496975744,1 - Micro,High (>15%),Analysis-ready
BKTI,2016-12-31,2019-12-31,4,True,40100000,-2636000,37940000.0,-0.0657356608478803,1 - Micro,Loss-making (<=0%),Analysis-ready
BKU,2016-12-31,2019-12-31,4,True,891085000,313098000,32871293000.0,0.35136715352631903,3 - Mid,High (>15%),Analysis-ready
BKYI,2016-12-31,2019-12-31,4,True,2267528,-14588700,2496698.0,-6.433746352856502,1 - Micro,Loss-making (<=0%),Analysis-ready
BL,2016-12-31,2019-12-31,4,True,288976000,-32535000,1014552000.0,-0.11258720447372793,3 - Mid,Loss-making (<=0%),Analysis-ready
BLBD,2016-10-01,2019-09-28,4,True,1018874000,24300000,365413000.0,0.02384985778418136,4 - Large,Low (0-5%),Analysis-ready
BLCM,2016-12-31,2019-12-31,4,True,7143000,-112477000,116250000.0,-15.746465070698585,1 - Micro,Loss-making (<=0%),Analysis-ready
BLD,2016-12-31,2019-12-31,4,True,2624121000,190995000,2603963000.0,0.07278437236697545,4 - Large,Moderate (5-15%),Analysis-ready
BLDP,2016-12-31,2019-12-31,4,True,106327000,-39050000,340319000.0,-0.36726325392421494,2 - Small,Loss-making (<=0%),Analysis-ready
BLDR,2016-12-31,2019-12-31,4,True,7280431000,221809000,3249490000.0,0.030466465515571813,5 - Mega,Low (0-5%),Analysis-ready
BLE,2016-08-31,2019-08-31,4,True,25373039,30549569,569580023.0,1.204016948856619,1 - Micro,High (>15%),Analysis-ready
BLFS,2016-12-31,2019-12-31,4,True,27371000,-1657000,92816000.0,-0.060538526177340984,1 - Micro,Loss-making (<=0%),Analysis-ready
BLIN,2016-09-30,2019-09-30,4,True,9952000,-9474000,11155000.0,-0.9519694533762058,1 - Micro,Loss-making (<=0%),Analysis-ready
BLK,2016-12-31,2019-12-31,4,True,14539000000,4476000000,168622000000.0,0.30786161359103104,5 - Mega,High (>15%),Analysis-ready
BLKB,2016-12-31,2019-12-31,4,True,900423000,11908000,1992963000.0,0.013224895410268285,4 - Large,Low (0-5%),Analysis-ready
BLL,2016-12-31,2019-12-31,4,True,11474000000,566000000,17360000000.0,0.049328917552727905,5 - Mega,Low (0-5%),Analysis-ready
BLMN,2016-12-25,2019-12-29,4,True,4139389000,130573000,3592683000.0,0.031544027391482175,5 - Mega,Low (0-5%),Analysis-ready
BLNK,2016-12-31,2019-12-31,4,True,2759190,-9648500,11947493.0,-3.4968595856030213,1 - Micro,Loss-making (<=0%),Analysis-ready
BLPH,2016-12-31,2019-12-31,4,True,0,-13267000,13108000.0,,Not meaningful (revenue <= 0),Not meaningful (revenue <= 0),Limited (zero/negative revenue or assets)
BLRX,2016-12-31,2019-12-31,4,True,0,-25446000,53567000.0,,Not meaningful (revenue <= 0),Not meaningful (revenue <= 0),Limited (zero/negative revenue or assets)
BLUE,2016-12-31,2019-12-31,4,True,44674000,-789608000,1727424000.0,-17.674889197295965,1 - Micro,Loss-making (<=0%),Analysis-ready
BLX,2016-12-31,2019-12-31,4,True,126705000,86053000,7249666000.0,0.6791602541336175,2 - Small,High (>15%),Analysis-ready
BMCH,2016-12-31,2019-12-31,4,True,3626593000,109845000,1906101000.0,0.030288758622762466,5 - Mega,Low (0-5%),Analysis-ready
BMI,2016-12-31,2019-12-31,4,True,424625000,47177000,421893000.0,0.1111027377097439,3 - Mid,Moderate (5-15%),Analysis-ready
BMRA,2016-05-31,2019-05-31,4,True,5200682,-2393060,5245364.0,-0.46014349656448905,1 - Micro,Loss-making (<=0%),Analysis-ready
BMRC,2016-12-31,2019-12-31,4,True,103302000,34241000,2707280000.0,0.33146502487851154,2 - Small,High (>15%),Analysis-ready
BMRN,2016-12-31,2019-12-31,4,True,1704048000,-23848000,4690039000.0,-0.013994910941475827,4 - Large,Loss-making (<=0%),Analysis-ready
BMTC,2016-12-31,2019-12-31,4,True,221258000,59206000,5263259000.0,0.267588064612353,2 - Small,High (>15%),Analysis-ready
BMY,2016-12-31,2019-12-31,4,True,26145000000,3439000000,129944000000.0,0.1315356664754255,5 - Mega,Moderate (5-15%),Analysis-ready
BNED,2016-04-30,2019-04-27,4,True,2034643000,-24374000,946180000.0,-0.01197949714028456,4 - Large,Loss-making (<=0%),Analysis-ready
BNFT,2016-12-31,2019-12-31,4,True,295686000,-45515000,331683000.0,-0.15393018269380357,3 - Mid,Loss-making (<=0%),Analysis-ready
BNGO,2016-12-31,2019-12-31,4,True,10129508,-29815070,30207866.0,-2.9433877736213843,1 - Micro,Loss-making (<=0%),Analysis-ready
BNSO,2016-03-31,2019-03-31,4,True,9992000,-463000,22486000.0,-0.04633706965572458,1 - Micro,Loss-making (<=0%),Analysis-ready
BOCH,2016-12-31,2019-12-31,4,True,57719000,14961000,1479616000.0,0.2592040749146728,2 - Small,High (>15%),Analysis-ready
BOE,2016-12-31,2019-12-31,4,True,28104792,130809874,817635083.0,4.654361932299659,1 - Micro,High (>15%),Analysis-ready
BOH,2016-12-31,2019-12-31,4,True,661293000,225913000,18095496000.0,0.3416231534282081,3 - Mid,High (>15%),Analysis-ready
BOKF,2016-12-31,2019-12-31,4,True,1763249000,500758000,42172021000.0,0.28399732539193273,4 - Large,High (>15%),Analysis-ready
BOMN,2016-12-31,2019-12-31,4,True,41389138,-1486923,436908210.0,-0.03592544014808909,1 - Micro,Loss-making (<=0%),Analysis-ready
BOOM,2016-12-31,2019-12-31,4,True,397550000,34041000,277421000.0,0.08562696516161489,3 - Mid,Moderate (5-15%),Analysis-ready
BOOT,2017-04-01,2020-03-28,4,True,845575000,47949000,924711000.0,0.05670579191674305,3 - Mid,Moderate (5-15%),Analysis-ready
BORR,2016-12-31,2019-12-31,4,True,334100000,-306600000,3280000000.0,-0.9176893145764741,3 - Mid,Loss-making (<=0%),Analysis-ready
BOSC,2016-12-31,2019-12-31,4,True,33817000,-913000,25199000.0,-0.026998255315373924,1 - Micro,Loss-making (<=0%),Analysis-ready
BOTJ,2016-12-31,2019-12-31,4,True,31217000,5605000,725394000.0,0.17954960438222764,1 - Micro,High (>15%),Analysis-ready
BOX,2017-01-31,2020-01-31,4,True,696264000,-144348000,959991000.0,-0.2073179138947296,3 - Mid,Loss-making (<=0%),Analysis-ready
BOXL,2016-12-31,2019-12-31,4,True,33030357,-9402078,20468885.0,-0.28464960278812607,1 - Micro,Loss-making (<=0%),Analysis-ready
BP,2016-12-31,2019-12-31,4,True,276850000000,4026000000,295194000000.0,0.014542170850641141,5 - Mega,Low (0-5%),Analysis-ready
BPFH,2016-12-31,2019-12-31,4,True,333187000,80028000,8830501000.0,0.2401894431655497,3 - Mid,High (>15%),Analysis-ready
BPMC,2016-12-31,2019-12-31,4,True,66512000,-347694000,707694000.0,-5.227537887899928,2 - Small,Loss-making (<=0%),Analysis-ready
BPMP,2016-12-31,2019-12-31,4,True,128468000,167884000,722096000.0,1.3068157050783074,2 - Small,High (>15%),Analysis-ready
BPMX,2017-01-31,2020-01-31,4,True,0,-9687000,2130000.0,,Not meaningful (revenue <= 0),Not meaningful (revenue <= 0),Limited (zero/negative revenue or assets)
BPOP,2016-12-31,2019-12-31,4,True,2295798000,671135000,52115324000.0,0.2923319037650525,4 - Large,High (>15%),Analysis-ready
BPRN,2016-12-31,2019-12-31,4,True,40043000,10142000,1454894000.0,0.25327772644407265,1 - Micro,High (>15%),Analysis-ready
BPT,2016-12-31,2019-12-31,4,True,49007000,47922000,1151000.0,0.9778603056706184,2 - Small,High (>15%),Analysis-ready
BPTH,2016-12-31,2019-12-31,4,True,0,-8599000,22660000.0,,Not meaningful (revenue <= 0),Not meaningful (revenue <= 0),Limited (zero/negative revenue or assets)
BPY,2016-12-31,2019-12-31,4,True,10172000000,884000000,111643000000.0,0.086905230043256,5 - Mega,Moderate (5-15%),Analysis-ready
BPYU,2016-12-31,2019-12-31,4,True,1604927000,432880000,21973386000.0,0.2697194327218621,4 - Large,High (>15%),Analysis-ready
BR,2016-06-30,2019-06-30,4,True,4362200000,482100000,3880700000.0,0.11051762871945349,5 - Mega,Moderate (5-15%),Analysis-ready
BRBR,2016-09-30,2019-09-30,4,True,854400000,123100000,,0.14407771535580524,3 - Mid,Moderate (5-15%),Limited (zero/negative revenue or assets)
BRC,2016-07-31,2019-07-31,4,True,1160645000,131258000,1157308000.0,0.11309056602147943,4 - Large,Moderate (5-15%),Analysis-ready
BREW,2016-12-31,2019-12-31,4,True,192971000,-12919000,249385000.0,-0.06694788336071224,2 - Small,Loss-making (<=0%),Analysis-ready
BRG,2016-12-31,2019-12-31,4,True,219768000,36743000,2340697000.0,0.1671899457609843,2 - Small,High (>15%),Analysis-ready
BRID,2016-10-28,2019-11-01,4,True,188785000,6484000,123456000.0,0.03434594909553195,2 - Small,Low (0-5%),Analysis-ready
BRKL,2016-12-31,2019-12-31,4,True,273510000,87717000,7856853000.0,0.3207085664143907,3 - Mid,High (>15%),Analysis-ready
BRKR,2016-12-31,2019-12-31,4,True,2072600000,197200000,2771500000.0,0.09514619318730097,4 - Large,Moderate (5-15%),Analysis-ready
BRKS,2016-09-30,2019-09-30,4,True,780848000,437416000,1515999000.0,0.5601807265946765,3 - Mid,High (>15%),Analysis-ready
BRMK,2016-12-31,2019-12-31,4,True,127642000,75236000,,0.5894298115040504,2 - Small,High (>15%),Limited (zero/negative revenue or assets)
BRN,2016-09-30,2019-09-30,4,True,12075000,-12414000,18302000.0,-1.0280745341614907,1 - Micro,Loss-making (<=0%),Analysis-ready
BRO,2016-12-31,2019-12-31,4,True,2384737000,398514000,7622821000.0,0.1671102515707183,4 - Large,High (>15%),Analysis-ready
BRP,2017-12-31,2019-12-31,3,False,137841000,-8650000,398768000.0,-0.06275346232253103,2 - Small,Loss-making (<=0%),Analysis-ready
BRQS,2015-12-31,2018-12-31,4,True,128420000,-71764000,80392000.0,-0.5588226133001091,2 - Small,Loss-making (<=0%),Analysis-ready
BRT,2017-09-30,2019-12-31,4,True,18935000,856000,390610000.0,0.04520728809083707,1 - Micro,Low (0-5%),Analysis-ready
BRX,2016-12-31,2019-12-31,4,True,1168258000,274773000,8142496000.0,0.23519890298204676,4 - Large,High (>15%),Analysis-ready
BRY,2016-12-31,2019-12-31,4,True,597403000,43539000,1690198000.0,0.07288045088491353,3 - Mid,Moderate (5-15%),Analysis-ready
BSET,2016-11-26,2019-11-30,4,True,452087000,-1928000,275766000.0,-0.004264665871834403,3 - Mid,Loss-making (<=0%),Analysis-ready
BSGM,2016-12-31,2019-12-31,4,True,0,-34054828,14217113.0,,Not meaningful (revenue <= 0),Not meaningful (revenue <= 0),Limited (zero/negative revenue or assets)
BSIG,2016-12-31,2019-12-31,4,True,815100000,223900000,1419700000.0,0.27469022205864313,3 - Mid,High (>15%),Analysis-ready
BSM,2016-12-31,2019-12-31,4,True,462943000,214368000,1545208000.0,0.46305484692499943,3 - Mid,High (>15%),Analysis-ready
BSQR,2016-12-31,2019-12-31,4,True,59283000,-9181000,23055000.0,-0.15486733127540778,2 - Small,Loss-making (<=0%),Analysis-ready
BSRR,2016-12-31,2019-12-31,4,True,118296000,35961000,2593819000.0,0.30399168188273484,2 - Small,High (>15%),Analysis-ready
BSTC,2016-12-31,2019-12-31,4,True,38187755,24469808,126653268.0,0.6407762907246053,1 - Micro,High (>15%),Analysis-ready
BSVN,2016-12-31,2019-12-31,4,True,43501000,8225000,866392000.0,0.18907611319280015,1 - Micro,High (>15%),Analysis-ready
BSX,2016-12-31,2019-12-31,4,True,10735000000,4700000000,30565000000.0,0.43782021425244527,5 - Mega,High (>15%),Analysis-ready
BTAI,2016-12-31,2019-12-31,4,True,0,-32968000,36392000.0,,Not meaningful (revenue <= 0),Not meaningful (revenue <= 0),Limited (zero/negative revenue or assets)
BTG,2016-12-31,2019-12-31,4,True,1155637000,293382000,2683071000.0,0.2538703762513661,4 - Large,High (>15%),Analysis-ready
BTN,2016-12-31,2019-12-31,4,True,62550000,-10103000,57633000.0,-0.16151878497202238,2 - Small,Loss-making (<=0%),Analysis-ready
BTO,2016-12-31,2019-12-31,4,True,22359902,177846030,805549282.0,7.953792910183596,1 - Micro,High (>15%),Analysis-ready
BTT,2012-07-12,2018-07-31,4,True,89312058,45468262,2697233927.0,0.5090943263226563,2 - Small,High (>15%),Analysis-ready
BTU,2016-12-31,2019-12-31,4,True,4623400000,-211300000,6542800000.0,-0.04570229701085781,5 - Mega,Loss-making (<=0%),Analysis-ready
BUD,2016-12-31,2019-12-31,4,True,52329000000,9171000000,236648000000.0,0.17525654990540618,5 - Mega,High (>15%),Analysis-ready
BURL,2017-01-28,2020-02-01,4,True,7277294000,465116000,5593859000.0,0.06391331723027818,5 - Mega,Moderate (5-15%),Analysis-ready
BUSE,2016-12-31,2019-12-31,4,True,393232000,102953000,9695729000.0,0.2618123652195142,3 - Mid,High (>15%),Analysis-ready
BV,2016-12-31,2019-09-30,4,True,2404600000,44400000,2928600000.0,0.018464609498461283,4 - Large,Low (0-5%),Analysis-ready
BVN,2016-12-31,2019-12-31,4,True,867888000,-12208000,4107274000.0,-0.014066331139501871,3 - Mid,Loss-making (<=0%),Analysis-ready
BVSN,2015-12-31,2018-12-31,4,True,5051000,-7000000,3853000.0,-1.3858641853098397,1 - Micro,Loss-making (<=0%),Analysis-ready
BW,2016-12-31,2019-12-31,4,True,859111000,-121974000,626519000.0,-0.14197699715170684,3 - Mid,Loss-making (<=0%),Analysis-ready
BWA,2016-12-31,2019-12-31,4,True,10168000000,746000000,9702000000.0,0.07336742722265932,5 - Mega,Moderate (5-15%),Analysis-ready
BWAY,2016-12-31,2019-12-31,4,True,23101000,-10328000,38736000.0,-0.44708021297779316,1 - Micro,Loss-making (<=0%),Analysis-ready
BWB,2016-12-31,2019-12-31,4,True,72033000,31403000,2268830000.0,0.43595296600169364,2 - Small,High (>15%),Analysis-ready
BWEN,2016-12-31,2019-12-31,4,True,178220000,-4523000,122866000.0,-0.02537874537088991,2 - Small,Loss-making (<=0%),Analysis-ready
BWFG,2016-12-31,2019-12-31,4,True,58568000,18216000,1882182000.0,0.3110230842781041,2 - Small,High (>15%),Analysis-ready
BWXT,2016-12-31,2019-12-31,4,True,1894920000,244115000,1908913000.0,0.12882601904038166,4 - Large,Moderate (5-15%),Analysis-ready
BX,2016-12-31,2019-12-31,4,True,7138622000,2049682000,32585506000.0,0.28712572258343416,5 - Mega,High (>15%),Analysis-ready
BXC,2016-12-31,2019-12-28,4,True,2637268000,-17656000,971425000.0,-0.006694806898654214,4 - Large,Loss-making (<=0%),Analysis-ready
BXG,2016-12-31,2019-12-31,4,True,680262000,34851000,1360018000.0,0.05123173130352717,3 - Mid,Moderate (5-15%),Analysis-ready
BXMT,2016-12-31,2019-12-31,4,True,424176000,305567000,16551871000.0,0.720377862019539,3 - Mid,High (>15%),Analysis-ready
BXMX,2016-12-31,2019-12-31,4,True,28876573,207439467,1467777087.0,7.183659466793376,1 - Micro,High (>15%),Analysis-ready
BXP,2016-12-31,2019-12-31,4,True,2927361000,521534000,21284905000.0,0.17815841640303332,4 - Large,High (>15%),Analysis-ready
BXRX,2017-12-31,2019-12-31,3,False,0,-32557000,54213000.0,,Not meaningful (revenue <= 0),Not meaningful (revenue <= 0),Limited (zero/negative revenue or assets)
BXS,2016-12-31,2019-12-31,4,True,929125000,234261000,21052576000.0,0.2521307681958832,4 - Large,High (>15%),Analysis-ready
BY,2016-12-31,2019-12-31,4,True,251070000,57002000,5521809000.0,0.2270362847014777,2 - Small,High (>15%),Analysis-ready
BYD,2016-12-31,2019-12-31,4,True,3326119000,157636000,6650145000.0,0.04739337347821891,5 - Mega,Low (0-5%),Analysis-ready
BYFC,2016-12-31,2019-12-31,4,True,11341000,-206000,440369000.0,-0.01816418305264086,1 - Micro,Loss-making (<=0%),Analysis-ready
BYND,2016-12-31,2019-12-31,4,True,297897000,-12443000,451923000.0,-0.04176947065596498,3 - Mid,Loss-making (<=0%),Analysis-ready
BYSI,2016-12-31,2019-12-31,4,True,0,-38085000,44555000.0,,Not meaningful (revenue <= 0),Not meaningful (revenue <= 0),Limited (zero/negative revenue or assets)
BZH,2016-09-30,2019-09-30,4,True,2087739000,-79520000,1957644000.0,-0.03808905231927937,4 - Large,Loss-making (<=0%),Analysis-ready
BZM,2016-08-31,2019-08-31,4,True,1925809,2764967,51653311.0,1.4357431084806438,1 - Micro,High (>15%),Analysis-ready
C,2016-12-31,2019-12-31,4,True,66068000000,19401000000,1951158000000.0,0.2936519949143307,5 - Mega,High (>15%),Analysis-ready
CAAP,2016-12-31,2019-12-31,4,True,1558640000,9099000,3882243000.0,0.005837781655802494,4 - Large,Low (0-5%),Analysis-ready
CAAS,2016-12-31,2019-12-31,4,True,431427000,9959000,659964000.0,0.0230838589147179,3 - Mid,Low (0-5%),Analysis-ready
CABA,2017-12-31,2019-12-31,3,False,0,-16943000,141468000.0,,Not meaningful (revenue <= 0),Not meaningful (revenue <= 0),Limited (zero/negative revenue or assets)
CABO,2016-12-31,2019-12-31,4,True,1167997000,178582000,3151831000.0,0.15289594065738182,4 - Large,High (>15%),Analysis-ready
CAC,2016-12-31,2019-12-31,4,True,166883000,57203000,4429521000.0,0.34277308054145716,2 - Small,High (>15%),Analysis-ready
CACC,2016-12-31,2019-12-31,4,True,1216400000,656100000,7423200000.0,0.5393784939164749,4 - Large,High (>15%),Analysis-ready
CACI,2016-06-30,2019-06-30,4,True,4986341000,265604000,5086843000.0,0.05326631291361742,5 - Mega,Moderate (5-15%),Analysis-ready
CADE,2016-12-31,2019-12-31,4,True,671071000,201958000,17800229000.0,0.3009487818725589,3 - Mid,High (>15%),Analysis-ready
CAG,2016-05-29,2019-05-26,4,True,9538400000,678300000,22213800000.0,0.07111255556487461,5 - Mega,Moderate (5-15%),Analysis-ready
CAH,2016-06-30,2019-06-30,4,True,145534000000,1363000000,40963000000.0,0.009365509090659228,5 - Mega,Low (0-5%),Analysis-ready
CAI,2016-12-31,2019-12-31,4,True,416540000,31011000,2901765000.0,0.0744490325058818,3 - Mid,Moderate (5-15%),Analysis-ready
CAKE,2017-01-03,2019-12-31,4,True,2482692000,127293000,2840593000.0,0.05127216746982711,4 - Large,Moderate (5-15%),Analysis-ready
CAL,2017-01-28,2020-02-01,4,True,2921562000,62819000,2431707000.0,0.021501854145145646,4 - Large,Low (0-5%),Analysis-ready
CALA,2016-12-31,2019-12-31,4,True,0,-89860000,168768000.0,,Not meaningful (revenue <= 0),Not meaningful (revenue <= 0),Limited (zero/negative revenue or assets)
CALB,2016-12-31,2019-12-31,4,True,42860000,7001000,1152034000.0,0.16334577694820346,1 - Micro,High (>15%),Analysis-ready
CALM,2016-05-28,2019-06-01,4,True,1361188000,54229000,1156278000.0,0.039839463762536845,4 - Large,Low (0-5%),Analysis-ready
CALX,2016-12-31,2019-12-31,4,True,424330000,-17694000,316823000.0,-0.0416986779157731,3 - Mid,Loss-making (<=0%),Analysis-ready
CAMP,2017-02-28,2020-02-29,4,True,366107000,-79304000,495805000.0,-0.21661426850620175,3 - Mid,Loss-making (<=0%),Analysis-ready
CAMT,2016-12-31,2019-12-31,4,True,134019000,21986000,170369000.0,0.16405136585111066,2 - Small,High (>15%),Analysis-ready
CANF,2016-12-31,2019-12-31,4,True,2032000,-9587000,8175000.0,-4.718011811023622,1 - Micro,Loss-making (<=0%),Analysis-ready
CAPL,2016-12-31,2019-12-31,4,True,2071425000,18076000,905256000.0,0.008726359873034264,4 - Large,Low (0-5%),Analysis-ready
CAPR,2016-12-31,2019-12-31,4,True,1005028,-7641817,11113637.0,-7.603586168743558,1 - Micro,Loss-making (<=0%),Analysis-ready
CAR,2016-12-31,2019-12-31,4,True,9172000000,302000000,23126000000.0,0.03292629742695159,5 - Mega,Low (0-5%),Analysis-ready
CARA,2016-12-31,2019-12-31,4,True,19886000,-106373000,232959000.0,-5.3491400985618025,1 - Micro,Loss-making (<=0%),Analysis-ready
CARE,2016-12-31,2019-12-31,4,True,123360000,26575000,4006108000.0,0.21542639429312582,2 - Small,High (>15%),Analysis-ready
CARG,2016-12-31,2019-12-31,4,True,588916000,42146000,393623000.0,0.07156538453701376,3 - Mid,Moderate (5-15%),Analysis-ready
CARR,2017-12-31,2019-12-31,3,False,18608000000,2116000000,,0.11371453138435082,5 - Mega,Moderate (5-15%),Limited (zero/negative revenue or assets)
CARS,2016-12-31,2019-12-31,4,True,606682000,-445324000,2027991000.0,-0.7340319969934825,3 - Mid,Loss-making (<=0%),Analysis-ready
CARV,2016-03-31,2019-03-31,4,True,22217000,-5936000,563713000.0,-0.2671827879551695,1 - Micro,Loss-making (<=0%),Analysis-ready
CASA,2016-12-31,2019-12-31,4,True,282297000,-48206000,444312000.0,-0.17076341583509566,3 - Mid,Loss-making (<=0%),Analysis-ready
CASH,2016-09-30,2019-09-30,4,True,431102000,97004000,6182890000.0,0.22501403380174528,3 - Mid,High (>15%),Analysis-ready
CASI,2016-12-31,2019-12-31,4,True,4131000,-46032000,102631000.0,-11.143064633260712,1 - Micro,Loss-making (<=0%),Analysis-ready
CASS,2016-12-31,2019-12-31,4,True,162678000,30404000,1764243000.0,0.18689681456619825,2 - Small,High (>15%),Analysis-ready
CASY,2017-04-30,2020-04-30,4,True,9175296000,263846000,3943892000.0,0.02875612950252504,5 - Mega,Low (0-5%),Analysis-ready
CAT,2016-12-31,2019-12-31,4,True,53800000000,6093000000,78453000000.0,0.11325278810408922,5 - Mega,Moderate (5-15%),Analysis-ready
CATB,2016-12-31,2019-12-31,4,True,0,-26293000,41780000.0,,Not meaningful (revenue <= 0),Not meaningful (revenue <= 0),Limited (zero/negative revenue or assets)
CATC,2016-12-31,2019-12-31,4,True,112093000,25257000,2855563000.0,0.225321830979633,2 - Small,High (>15%),Analysis-ready
CATM,2016-12-31,2019-12-31,4,True,1349405000,48274000,1763958000.0,0.03577428570369904,4 - Large,Low (0-5%),Analysis-ready
CATO,2017-01-28,2020-02-01,4,True,825335000,35897000,684976000.0,0.04349385401079561,3 - Mid,Low (0-5%),Analysis-ready
CATS,2016-12-31,2019-12-31,4,True,35095000,-25659000,23855000.0,-0.7311297905684571,1 - Micro,Loss-making (<=0%),Analysis-ready
CATY,2016-12-31,2019-12-31,4,True,620921000,279135000,18094144000.0,0.4495499427463397,3 - Mid,High (>15%),Analysis-ready
CB,2016-12-31,2019-12-31,4,True,34230000000,4454000000,176943000000.0,0.1301197779725387,5 - Mega,Moderate (5-15%),Analysis-ready
CBAN,2016-12-31,2019-12-31,4,True,61503000,10211000,1515313000.0,0.1660244215729314,2 - Small,High (>15%),Analysis-ready
CBAT,2016-12-31,2019-12-31,4,True,22194348,-10767523,95583557.0,-0.4851470743812794,1 - Micro,Loss-making (<=0%),Analysis-ready
CBAY,2016-12-31,2019-12-31,4,True,0,-102808000,205727000.0,,Not meaningful (revenue <= 0),Not meaningful (revenue <= 0),Limited (zero/negative revenue or assets)
CBB,2016-12-31,2019-12-31,4,True,1536700000,-66600000,2653800000.0,-0.043339623869330386,4 - Large,Loss-making (<=0%),Analysis-ready
CBFV,2016-12-31,2019-12-31,4,True,51847000,14327000,1321537000.0,0.2763322853781318,2 - Small,High (>15%),Analysis-ready
CBIO,2016-12-31,2019-12-31,4,True,0,-55178000,98554000.0,,Not meaningful (revenue <= 0),Not meaningful (revenue <= 0),Limited (zero/negative revenue or assets)
CBL,2016-12-31,2019-12-31,4,True,768696000,-108777000,4622346000.0,-0.14150847669299696,3 - Mid,Loss-making (<=0%),Analysis-ready
CBLI,2016-12-31,2019-12-31,4,True,1113421,-2646987,2036852.0,-2.3773460353271583,1 - Micro,Loss-making (<=0%),Analysis-ready
CBMG,2016-12-31,2019-12-31,4,True,339920,-49984054,97324300.0,-147.04652271122617,1 - Micro,Loss-making (<=0%),Analysis-ready
CBNK,2016-12-31,2019-12-31,4,True,89239000,16895000,1428495000.0,0.18932305382175954,2 - Small,High (>15%),Analysis-ready
CBOE,2016-12-31,2019-12-31,4,True,2496100000,374900000,5113900000.0,0.15019430311285606,4 - Large,High (>15%),Analysis-ready
CBPO,2016-12-31,2019-12-31,4,True,503744922,138807748,1937858497.0,0.27555165707456997,3 - Mid,High (>15%),Analysis-ready
CBRE,2016-12-31,2019-12-31,4,True,23894091000,1282357000,16197196000.0,0.05366837349033282,5 - Mega,Moderate (5-15%),Analysis-ready
CBRL,2016-07-29,2019-08-02,4,True,3071951000,223401000,1581225000.0,0.07272283965466897,4 - Large,Moderate (5-15%),Analysis-ready
CBSH,2016-12-31,2019-12-31,4,True,1299184000,421231000,26065789000.0,0.3242273611743987,4 - Large,High (>15%),Analysis-ready
CBT,2016-09-30,2019-09-30,4,True,3337000000,157000000,3004000000.0,0.047048246928378785,5 - Mega,Low (0-5%),Analysis-ready
CBTX,2016-12-31,2019-12-31,4,True,146131000,50517000,3478544000.0,0.34569666942674726,2 - Small,High (>15%),Analysis-ready
CBU,2016-12-31,2019-12-31,4,True,581364000,169063000,11410295000.0,0.2908040401538451,3 - Mid,High (>15%),Analysis-ready
CBZ,2016-12-31,2019-12-31,4,True,948424000,70714000,1400774000.0,0.0745594797263671,4 - Large,Moderate (5-15%),Analysis-ready
CC,2016-12-31,2019-12-31,4,True,5526000000,-52000000,7258000000.0,-0.009410061527325372,5 - Mega,Loss-making (<=0%),Analysis-ready
CCAP,2016-12-31,2019-12-31,4,True,53476763,29278523,747174648.0,0.5474999113166218,2 - Small,High (>15%),Analysis-ready
CCB,2016-12-31,2019-12-31,4,True,47725000,13201000,1128526000.0,0.2766055526453641,1 - Micro,High (>15%),Analysis-ready
CCBG,2016-12-31,2019-12-31,4,True,154369000,30807000,3088953000.0,0.19956727063076135,2 - Small,High (>15%),Analysis-ready
CCC,2017-12-31,2019-12-31,3,False,974345000,-210977000,3791371000.0,-0.2165321318424172,4 - Large,Loss-making (<=0%),Analysis-ready
CCF,2016-08-31,2019-08-31,4,True,281351000,32711000,307968000.0,0.11626402607419202,3 - Mid,Moderate (5-15%),Analysis-ready
CCI,2016-12-31,2019-12-31,4,True,5763000000,860000000,38457000000.0,0.14922783272601076,5 - Mega,Moderate (5-15%),Analysis-ready
CCK,2016-12-31,2019-12-31,4,True,11665000000,510000000,15505000000.0,0.04372053150450064,5 - Mega,Low (0-5%),Analysis-ready
CCL,2016-11-30,2019-11-30,4,True,20825000000,2990000000,45058000000.0,0.14357743097238895,5 - Mega,Moderate (5-15%),Analysis-ready
CCLP,2016-12-31,2019-12-31,4,True,476581000,-20675000,822246000.0,-0.04338192248536975,3 - Mid,Loss-making (<=0%),Analysis-ready
CCMP,2016-09-30,2019-09-30,4,True,1037696000,39215000,2261766000.0,0.037790451153324287,4 - Large,Low (0-5%),Analysis-ready
CCNE,2016-12-31,2019-12-31,4,True,136149000,40081000,3763659000.0,0.2943907043019045,2 - Small,High (>15%),Analysis-ready
CCO,2016-12-31,2019-12-31,4,True,2683810000,-363304000,6393288000.0,-0.1353687481602647,4 - Large,Loss-making (<=0%),Analysis-ready
CCOI,2016-12-31,2019-12-31,4,True,531259000,37520000,932124000.0,0.07062468588767437,3 - Mid,Moderate (5-15%),Analysis-ready
CCR,2016-12-31,2019-12-31,4,True,330219000,44783000,496094000.0,0.13561606085658306,3 - Mid,Moderate (5-15%),Analysis-ready
CCRN,2016-12-31,2019-12-31,4,True,822224000,-57713000,382374000.0,-0.07019133472143844,3 - Mid,Loss-making (<=0%),Analysis-ready
CCS,2016-12-31,2019-12-31,4,True,2535911000,112994000,2499967000.0,0.04455755742216505,4 - Large,Low (0-5%),Analysis-ready
CCXI,2016-12-31,2019-12-31,4,True,36128000,-55489000,209083000.0,-1.535900132860939,1 - Micro,Loss-making (<=0%),Analysis-ready
CDAY,2016-12-31,2019-12-31,4,True,824100000,78700000,6085700000.0,0.09549811916029607,3 - Mid,Moderate (5-15%),Analysis-ready
CDE,2016-12-31,2019-12-31,4,True,711502000,-341203000,1378636000.0,-0.47955311439742965,3 - Mid,Loss-making (<=0%),Analysis-ready
CDEV,2016-12-31,2019-12-31,4,True,944330000,15798000,4688288000.0,0.01672932131775968,4 - Large,Low (0-5%),Analysis-ready
CDK,2016-06-30,2019-06-30,4,True,1914800000,124000000,2999000000.0,0.06475872153749739,4 - Large,Moderate (5-15%),Analysis-ready
CDLX,2016-12-31,2019-12-31,4,True,210430000,-17144000,224313000.0,-0.08147127310744666,2 - Small,Loss-making (<=0%),Analysis-ready
CDMO,2016-04-30,2019-04-30,4,True,53603000,-4215000,78395000.0,-0.07863365856388635,2 - Small,Loss-making (<=0%),Analysis-ready
CDNA,2016-12-31,2019-12-31,4,True,127068000,-21968000,151736000.0,-0.17288381024333427,2 - Small,Loss-making (<=0%),Analysis-ready
CDNS,2016-12-31,2019-12-28,4,True,2336319000,988979000,3357225000.0,0.42330649196449627,4 - Large,High (>15%),Analysis-ready
CDOR,2016-12-31,2019-12-31,4,True,61242000,-5048000,236941000.0,-0.08242709251820646,2 - Small,Loss-making (<=0%),Analysis-ready
CDR,2016-12-31,2019-12-31,4,True,144083000,1076000,1205625000.0,0.007467917797380676,2 - Small,Low (0-5%),Analysis-ready
CDTX,2016-12-31,2019-12-31,4,True,20915000,-41092000,68976000.0,-1.9647143198661248,1 - Micro,Loss-making (<=0%),Analysis-ready
CDW,2016-12-31,2019-12-31,4,True,18032400000,736800000,7999400000.0,0.04085978571903906,5 - Mega,Low (0-5%),Analysis-ready
CDXC,2016-12-31,2019-12-31,4,True,46291000,-32147000,40247000.0,-0.694454645611458,1 - Micro,Loss-making (<=0%),Analysis-ready
CDXS,2016-12-31,2019-12-31,4,True,68458000,-11935000,149073000.0,-0.1743404715299892,2 - Small,Loss-making (<=0%),Analysis-ready
CDZI,2016-12-31,2019-12-31,4,True,441000,-29528000,76724000.0,-66.95691609977324,1 - Micro,Loss-making (<=0%),Analysis-ready
CE,2016-12-31,2019-12-31,4,True,6297000000,852000000,9476000000.0,0.13530252501191042,5 - Mega,Moderate (5-15%),Analysis-ready
CECE,2016-12-31,2019-12-31,4,True,341869000,17707000,408637000.0,0.05179469328894986,3 - Mid,Moderate (5-15%),Analysis-ready
CEE,2016-10-31,2019-10-31,4,True,11440974,37575337,213786070.0,3.2842778071167715,1 - Micro,High (>15%),Analysis-ready
CEF,2016-10-31,2019-12-31,4,True,439138191,419467760,2960939855.0,0.9552067403766301,3 - Mid,High (>15%),Analysis-ready
CEI,2016-03-31,2019-03-31,4,True,2742102,16643153,8582672.0,6.069487203612411,1 - Micro,High (>15%),Analysis-ready
CEIX,2016-12-31,2019-12-31,4,True,1411864000,76001000,2693802000.0,0.05383025560535576,4 - Large,Moderate (5-15%),Analysis-ready
CELC,2016-12-31,2019-12-31,4,True,0,-7359364,20280800.0,,Not meaningful (revenue <= 0),Not meaningful (revenue <= 0),Limited (zero/negative revenue or assets)
CELH,2016-12-31,2019-12-31,4,True,75146546,9971260,90382236.0,0.13269086246492287,2 - Small,Moderate (5-15%),Analysis-ready
CELP,2016-12-31,2019-12-31,4,True,401648000,16014000,157342000.0,0.03987073258176314,3 - Mid,Low (0-5%),Analysis-ready
CEMI,2016-12-31,2019-12-31,4,True,34464032,-13675129,55728964.0,-0.39679422883544213,1 - Micro,Loss-making (<=0%),Analysis-ready
CENT,2016-09-24,2019-09-28,4,True,2383010000,92786000,2025020000.0,0.03893647110167393,4 - Large,Low (0-5%),Analysis-ready
CENTA,2016-09-24,2019-09-28,4,True,2383010000,92786000,2025020000.0,0.03893647110167393,4 - Large,Low (0-5%),Analysis-ready
CENX,2016-12-31,2019-12-31,4,True,1836600000,-80800000,1499700000.0,-0.0439943373625177,4 - Large,Loss-making (<=0%),Analysis-ready
CEQP,2016-12-31,2019-12-31,4,True,3181900000,285100000,5349300000.0,0.08960055312863384,5 - Mega,Moderate (5-15%),Analysis-ready
CERC,2016-12-31,2019-12-31,4,True,6750351,-16072547,36108970.0,-2.3809942623724307,1 - Micro,Loss-making (<=0%),Analysis-ready
CERN,2016-12-31,2019-12-28,4,True,5692598000,529454000,6894622000.0,0.0930074458094529,5 - Mega,Moderate (5-15%),Analysis-ready
CERS,2016-12-31,2019-12-31,4,True,74649000,-71244000,165535000.0,-0.9543865289555118,2 - Small,Loss-making (<=0%),Analysis-ready
CETV,2016-12-31,2019-12-31,4,True,694804000,119134000,1447862000.0,0.17146418270476277,3 - Mid,High (>15%),Analysis-ready
CETX,2016-09-30,2019-09-30,4,True,39265041,-22364941,44392697.0,-0.5695891416489289,1 - Micro,Loss-making (<=0%),Analysis-ready
CEVA,2016-12-31,2019-12-31,4,True,87152000,28000,297021000.0,0.00032127776757848354,2 - Small,Low (0-5%),Analysis-ready
CF,2016-12-31,2019-12-31,4,True,4590000000,493000000,12172000000.0,0.10740740740740741,5 - Mega,Moderate (5-15%),Analysis-ready
CFB,2017-12-31,2019-12-31,3,False,120259000,28473000,4931233000.0,0.23676398440033594,2 - Small,High (>15%),Analysis-ready
CFBK,2016-12-31,2019-12-31,4,True,33420000,9601000,880545000.0,0.2872830640335129,1 - Micro,High (>15%),Analysis-ready
CFFI,2016-12-31,2019-12-31,4,True,103951000,18859000,1657432000.0,0.18142201614222087,2 - Small,High (>15%),Analysis-ready
CFFN,2016-09-30,2019-09-30,4,True,227598000,94243000,9340018000.0,0.41407657360785244,2 - Small,High (>15%),Analysis-ready
CFG,2016-12-31,2019-12-31,4,True,6098000000,1791000000,165733000000.0,0.2937028533945556,5 - Mega,High (>15%),Analysis-ready
CFMS,2016-12-31,2019-12-31,4,True,77429000,-28478000,72396000.0,-0.3677950122047295,2 - Small,Loss-making (<=0%),Analysis-ready
CFR,2016-12-31,2019-12-31,4,True,1334148000,443599000,34027428000.0,0.33249609488602466,4 - Large,High (>15%),Analysis-ready
CFRX,2016-12-31,2019-12-31,4,True,0,-12794493,35008709.0,,Not meaningful (revenue <= 0),Not meaningful (revenue <= 0),Limited (zero/negative revenue or assets)
CFX,2016-12-31,2019-12-31,4,True,3327458000,-527646000,7386832000.0,-0.1585733013008729,5 - Mega,Loss-making (<=0%),Analysis-ready
CG,2016-12-31,2019-12-31,4,True,3377000000,380900000,13808800000.0,0.11279241930707729,5 - Mega,Moderate (5-15%),Analysis-ready
CGA,2016-06-30,2019-06-30,4,True,294320803,11590395,481000399.0,0.03938014194667714,3 - Mid,Low (0-5%),Analysis-ready
CGBD,2016-12-31,2019-12-31,4,True,221298000,61330000,2187533000.0,0.27713761534220827,2 - Small,High (>15%),Analysis-ready
CGEN,2016-12-31,2019-12-31,4,True,0,-27337000,53763000.0,,Not meaningful (revenue <= 0),Not meaningful (revenue <= 0),Limited (zero/negative revenue or assets)
CGIX,2016-12-31,2019-12-31,4,True,7305000,-6708000,14904000.0,-0.9182751540041068,1 - Micro,Loss-making (<=0%),Analysis-ready
CGNX,2016-12-31,2019-12-31,4,True,725625000,203865000,1885935000.0,0.2809509043927649,3 - Mid,High (>15%),Analysis-ready
CGO,2016-10-31,2019-10-31,4,True,4929870,9898472,155890097.0,2.0078565966242516,1 - Micro,High (>15%),Analysis-ready
CHAP,2016-12-31,2019-12-31,4,True,223055000,-468948000,988432000.0,-2.1023873035798344,2 - Small,Loss-making (<=0%),Analysis-ready
CHCI,2016-12-31,2019-12-31,4,True,25317000,893000,19933000.0,0.03527274163605482,1 - Micro,Low (0-5%),Analysis-ready
CHCO,2016-12-31,2019-12-31,4,True,231101000,89352000,5018756000.0,0.3866361461006227,2 - Small,High (>15%),Analysis-ready
CHCT,2016-12-31,2019-12-31,4,True,60849000,8376000,562531000.0,0.13765222107183356,2 - Small,Moderate (5-15%),Analysis-ready
CHD,2016-12-31,2019-12-31,4,True,4357700000,615900000,6657400000.0,0.14133602588521468,5 - Mega,Moderate (5-15%),Analysis-ready
CHDN,2016-12-31,2019-12-31,4,True,1329700000,137500000,2551000000.0,0.10340678348499661,4 - Large,Moderate (5-15%),Analysis-ready
CHE,2016-12-31,2019-12-31,4,True,1938555000,219923000,1268317000.0,0.1134468715099649,4 - Large,Moderate (5-15%),Analysis-ready
CHEF,2016-12-30,2019-12-27,4,True,1591834000,24193000,1013679000.0,0.015198192776382463,4 - Large,Low (0-5%),Analysis-ready
CHEK,2016-12-31,2019-12-31,4,True,0,-13836000,9429000.0,,Not meaningful (revenue <= 0),Not meaningful (revenue <= 0),Limited (zero/negative revenue or assets)
CHFS,2016-12-31,2019-12-31,4,True,5511000,-18114000,5602000.0,-3.286880783886772,1 - Micro,Loss-making (<=0%),Analysis-ready
CHGG,2016-12-31,2019-12-31,4,True,410926000,-9605000,1488998000.0,-0.023374038147987716,3 - Mid,Loss-making (<=0%),Analysis-ready
CHH,2016-12-31,2019-12-31,4,True,1114820000,222878000,1386672000.0,0.19992285750165947,4 - Large,High (>15%),Analysis-ready
CHK,2016-12-31,2019-12-31,4,True,8408000000,-308000000,16193000000.0,-0.03663177925784967,5 - Mega,Loss-making (<=0%),Analysis-ready
CHKP,2016-12-31,2019-12-31,4,True,1994800000,825700000,5764900000.0,0.41392620814116704,4 - Large,High (>15%),Analysis-ready
CHMA,2016-12-31,2019-12-31,4,True,0,-36320000,98826000.0,,Not meaningful (revenue <= 0),Not meaningful (revenue <= 0),Limited (zero/negative revenue or assets)
CHMG,2016-12-31,2019-12-31,4,True,74739000,15609000,1787827000.0,0.20884678681812707,2 - Small,High (>15%),Analysis-ready
CHMI,2016-12-31,2019-12-31,4,True,-30765000,-42793000,2956552000.0,,Not meaningful (revenue <= 0),Not meaningful (revenue <= 0),Limited (zero/negative revenue or assets)
CHN,2016-10-31,2019-10-31,4,True,5187995,57154466,252966774.0,11.016677155625631,1 - Micro,High (>15%),Analysis-ready
CHNG,2017-03-31,2020-03-31,4,True,196792000,-947597000,10107380000.0,-4.815221147201106,2 - Small,Loss-making (<=0%),Analysis-ready
CHRA,2016-12-31,2019-12-31,4,True,554868000,-42058000,355756000.0,-0.07579820786205008,3 - Mid,Loss-making (<=0%),Analysis-ready
CHRS,2016-12-31,2019-12-31,4,True,356071000,89833000,408927000.0,0.25228957146187136,3 - Mid,High (>15%),Analysis-ready
CHRW,2016-12-31,2019-12-31,4,True,15309508000,576968000,4641060000.0,0.03768690672489279,5 - Mega,Low (0-5%),Analysis-ready
CHS,2017-01-28,2020-02-01,4,True,2037875000,-12754000,1542659000.0,-0.006258480034349506,4 - Large,Loss-making (<=0%),Analysis-ready
CHSCP,2016-08-31,2019-08-31,4,True,31900453000,829880000,16447494000.0,0.02601467759721155,5 - Mega,Low (0-5%),Analysis-ready
CHTR,2016-12-31,2019-12-31,4,True,45764000000,1668000000,148188000000.0,0.03644786294904292,5 - Mega,Low (0-5%),Analysis-ready
CHUY,2016-12-25,2019-12-29,4,True,426357000,6215000,446069000.0,0.014576985953086263,3 - Mid,Low (0-5%),Analysis-ready
CHWY,2017-01-31,2020-02-02,4,True,4846743000,-252370000,,-0.0520700189797561,5 - Mega,Loss-making (<=0%),Limited (zero/negative revenue or assets)
CHX,2016-12-31,2019-12-31,4,True,1131251000,52164000,1922825000.0,0.046111782442623254,4 - Large,Low (0-5%),Analysis-ready
CHY,2016-10-31,2019-10-31,4,True,63061916,86037688,1247633775.0,1.364336725829897,2 - Small,High (>15%),Analysis-ready
CI,2016-12-31,2019-12-31,4,True,153743000000,5104000000,155774000000.0,0.033198259432949795,5 - Mega,Low (0-5%),Analysis-ready
CIA,2016-12-31,2019-12-31,4,True,250545000,-1370000,1744936000.0,-0.005468079586501427,2 - Small,Loss-making (<=0%),Analysis-ready
CIDM,2016-03-31,2019-03-31,4,True,53534000,-16233000,98839000.0,-0.3032278551948295,2 - Small,Loss-making (<=0%),Analysis-ready
CIEN,2016-10-31,2019-10-31,4,True,3572131000,253434000,3893346000.0,0.07094756603271268,5 - Mega,Moderate (5-15%),Analysis-ready
CIGI,2016-12-31,2019-12-31,4,True,3045811000,102903000,2892714000.0,0.03378509040777645,4 - Large,Low (0-5%),Analysis-ready
CIM,2016-12-31,2019-12-31,4,True,886805000,413551000,27118671000.0,0.46633814649218264,3 - Mid,High (>15%),Analysis-ready
CINF,2016-12-31,2019-12-31,4,True,7924000000,1997000000,25408000000.0,0.25201918223119635,5 - Mega,High (>15%),Analysis-ready
CINR,2016-12-31,2019-12-31,4,True,522800000,49600000,494300000.0,0.09487375669472073,3 - Mid,Moderate (5-15%),Analysis-ready
CIO,2016-12-31,2019-12-31,4,True,156297000,1798000,1228474000.0,0.011503739675105729,2 - Small,Low (0-5%),Analysis-ready
CIR,2016-12-31,2019-12-31,4,True,964313000,-133935000,1470945000.0,-0.13889162543696912,4 - Large,Loss-making (<=0%),Analysis-ready
CIT,2016-12-31,2019-12-31,4,True,2228900000,529900000,50832800000.0,0.23774058952846697,4 - Large,High (>15%),Analysis-ready
CIVB,2016-12-31,2019-12-31,4,True,106508000,33878000,2309557000.0,0.31807939309723215,2 - Small,High (>15%),Analysis-ready
CIX,2016-12-31,2019-12-31,4,True,124243000,15998000,178544000.0,0.12876379353363973,2 - Small,Moderate (5-15%),Analysis-ready
CIZN,2016-12-31,2019-12-31,4,True,34814000,5902000,1195434000.0,0.169529499626587,1 - Micro,High (>15%),Analysis-ready
CJJD,2016-03-31,2019-03-31,4,True,107551012,-1317769,72730636.0,-0.012252502096400544,2 - Small,Loss-making (<=0%),Analysis-ready
CKH,2016-12-31,2019-12-31,4,True,799966000,26774000,1512972000.0,0.03346892242920324,3 - Mid,Low (0-5%),Analysis-ready
CKPT,2016-12-31,2019-12-31,4,True,1708000,-24714000,26966000.0,-14.469555035128806,1 - Micro,Loss-making (<=0%),Analysis-ready
CKX,2016-12-31,2019-12-31,4,True,811271,249933,15862530.0,0.30807584641876756,1 - Micro,High (>15%),Analysis-ready
CL,2016-12-31,2019-12-31,4,True,15693000000,2367000000,15034000000.0,0.15083158095966354,5 - Mega,High (>15%),Analysis-ready
CLAR,2016-12-31,2019-12-31,4,True,229437000,18972000,230265000.0,0.08268936570823364,2 - Small,Moderate (5-15%),Analysis-ready
CLB,2016-12-31,2019-12-31,4,True,668210000,101983000,774673000.0,0.1526211819637539,3 - Mid,High (>15%),Analysis-ready
CLBK,2017-09-30,2019-12-31,4,True,199783000,54717000,8188694000.0,0.2738821621459283,2 - Small,High (>15%),Analysis-ready
CLBS,2016-12-31,2019-12-31,4,True,0,-19361000,27153000.0,,Not meaningful (revenue <= 0),Not meaningful (revenue <= 0),Limited (zero/negative revenue or assets)
CLCT,2016-06-30,2019-06-30,4,True,72453000,9977000,37693000.0,0.13770306267511354,2 - Small,Moderate (5-15%),Analysis-ready
CLDB,2016-12-31,2019-12-31,4,True,28345000,7282000,737162000.0,0.2569059798906333,1 - Micro,High (>15%),Analysis-ready
CLDR,2017-01-31,2020-01-31,4,True,794191000,-336582000,2299790000.0,-0.4238048529887647,3 - Mid,Loss-making (<=0%),Analysis-ready
CLDT,2016-12-31,2019-12-31,4,True,314614000,18703000,1438574000.0,0.05944744989097751,3 - Mid,Moderate (5-15%),Analysis-ready
CLDX,2016-12-31,2019-12-31,4,True,3573000,-50878000,122933000.0,-14.23957458718164,1 - Micro,Loss-making (<=0%),Analysis-ready
CLF,2016-12-31,2019-12-31,4,True,1989900000,292800000,3503800000.0,0.14714307251620684,4 - Large,Moderate (5-15%),Analysis-ready
CLFD,2016-09-30,2019-09-30,4,True,85034182,4566156,81888563.0,0.053697888220998,2 - Small,Moderate (5-15%),Analysis-ready
CLGN,2016-12-31,2019-12-31,4,True,2318000,-11164000,10752000.0,-4.816220880069025,1 - Micro,Loss-making (<=0%),Analysis-ready
CLGX,2016-12-31,2019-12-31,4,True,1762235000,49380000,4158657000.0,0.028021234398363442,4 - Large,Low (0-5%),Analysis-ready
CLH,2016-12-31,2019-12-31,4,True,3412190000,97740000,4108904000.0,0.02864436036680255,5 - Mega,Low (0-5%),Analysis-ready
CLI,2016-12-31,2019-12-31,4,True,350254000,111861000,5292798000.0,0.31937108498404015,3 - Mid,High (>15%),Analysis-ready
CLIR,2016-12-31,2019-12-31,4,True,0,-8479000,10942000.0,,Not meaningful (revenue <= 0),Not meaningful (revenue <= 0),Limited (zero/negative revenue or assets)
CLLS,2016-12-31,2019-12-31,4,True,22990000,-102091000,467469000.0,-4.44066985645933,1 - Micro,Loss-making (<=0%),Analysis-ready
CLM,2016-12-31,2019-12-31,4,True,16682970,203140466,815703476.0,12.17651689117705,1 - Micro,High (>15%),Analysis-ready
CLMT,2016-12-31,2019-12-31,4,True,3452600000,-42700000,1857800000.0,-0.012367491166077738,5 - Mega,Loss-making (<=0%),Analysis-ready
CLNC,2016-12-31,2019-12-31,4,True,588302000,-414512000,7414306000.0,-0.7045904994373638,3 - Mid,Loss-making (<=0%),Analysis-ready
CLNE,2016-12-31,2019-12-31,4,True,344065000,20421000,777085000.0,0.05935215729585979,3 - Mid,Moderate (5-15%),Analysis-ready
CLNY,2016-12-31,2019-12-31,4,True,2376345000,-1048807000,19832184000.0,-0.44135300219454665,4 - Large,Loss-making (<=0%),Analysis-ready
CLPR,2016-12-31,2019-12-31,4,True,116165000,-1665000,1166207000.0,-0.014333060732578659,2 - Small,Loss-making (<=0%),Analysis-ready
CLPT,2016-12-31,2019-12-31,4,True,11216937,-5539790,11926437.0,-0.49387725009064415,1 - Micro,Loss-making (<=0%),Analysis-ready
CLR,2016-12-31,2019-12-31,4,True,4224876000,775641000,15727907000.0,0.1835890568149219,5 - Mega,High (>15%),Analysis-ready
CLRB,2016-12-31,2019-12-31,4,True,0,-14092912,12250811.0,,Not meaningful (revenue <= 0),Not meaningful (revenue <= 0),Limited (zero/negative revenue or assets)
CLRO,2016-12-31,2019-12-31,4,True,25042000,-8408000,55110000.0,-0.33575593003753695,1 - Micro,Loss-making (<=0%),Analysis-ready
CLS,2017-01-01,2019-12-31,4,True,5888300000,70300000,3560700000.0,0.011938929742030807,5 - Mega,Low (0-5%),Analysis-ready
CLSD,2016-12-31,2019-12-31,4,True,2173000,-30770000,26776000.0,-14.160147261849977,1 - Micro,Loss-making (<=0%),Analysis-ready
CLSK,2016-09-30,2019-09-30,4,True,4532782,-26116932,23434252.0,-5.761788676358139,1 - Micro,Loss-making (<=0%),Analysis-ready
CLSN,2016-12-31,2019-12-31,4,True,500000,-16851533,38278367.0,-33.703066,1 - Micro,Loss-making (<=0%),Analysis-ready
CLUB,2016-12-31,2019-12-31,4,True,466760000,-18558000,794278000.0,-0.03975919101893907,3 - Mid,Loss-making (<=0%),Analysis-ready
CLVS,2016-12-31,2019-12-31,4,True,143006000,-400424000,669604000.0,-2.8000503475378657,2 - Small,Loss-making (<=0%),Analysis-ready
CLW,2016-12-31,2019-12-31,4,True,1761500000,-5600000,1877700000.0,-0.0031791087141640646,4 - Large,Loss-making (<=0%),Analysis-ready
CLWT,2016-12-31,2019-12-31,4,True,17399000,-146000,22213000.0,-0.008391286855566412,1 - Micro,Loss-making (<=0%),Analysis-ready
CLX,2016-06-30,2019-06-30,4,True,6214000000,820000000,5116000000.0,0.13196009011908594,5 - Mega,Moderate (5-15%),Analysis-ready
CLXT,2016-12-31,2019-12-31,4,True,7296000,-39612000,88098000.0,-5.4292763157894735,1 - Micro,Loss-making (<=0%),Analysis-ready
CMA,2016-12-31,2019-12-31,4,True,3275000000,1198000000,73402000000.0,0.3658015267175573,5 - Mega,High (>15%),Analysis-ready
CMBM,2016-12-31,2019-12-31,4,True,267028000,-17601000,172479000.0,-0.06591443593930224,3 - Mid,Loss-making (<=0%),Analysis-ready
CMC,2016-08-31,2019-08-31,4,True,5829002000,198093000,3758771000.0,0.03398403363045681,5 - Mega,Low (0-5%),Analysis-ready
CMCL,2016-12-31,2019-12-31,4,True,71972000,42018000,143553000.0,0.5838103706997165,2 - Small,High (>15%),Analysis-ready
CMCO,2017-03-31,2020-03-31,4,True,809162000,59672000,1093272000.0,0.07374543045768338,3 - Mid,Moderate (5-15%),Analysis-ready
CMCSA,2016-12-31,2019-12-31,4,True,108942000000,13057000000,263414000000.0,0.11985276569183602,5 - Mega,Moderate (5-15%),Analysis-ready
CMCT,2016-12-31,2019-12-31,4,True,139989000,345673000,667592000.0,2.4692868725399855,2 - Small,High (>15%),Analysis-ready
CMD,2016-07-31,2019-07-31,4,True,918155000,55042000,1070366000.0,0.0599484836438292,4 - Large,Moderate (5-15%),Analysis-ready
CME,2016-12-31,2019-12-31,4,True,4857800000,2116500000,75215300000.0,0.4356910535633414,5 - Mega,High (>15%),Analysis-ready
CMG,2016-12-31,2019-12-31,4,True,5586369000,350158000,5104604000.0,0.0626807860347213,5 - Mega,Moderate (5-15%),Analysis-ready
CMI,2016-12-31,2019-12-31,4,True,23571000000,2260000000,19737000000.0,0.09588053116117262,5 - Mega,Moderate (5-15%),Analysis-ready
CMLS,2016-12-31,2019-12-31,4,True,1113445000,61257000,1761332000.0,0.05501573943930774,4 - Large,Moderate (5-15%),Analysis-ready
CMO,2016-12-31,2019-12-31,4,True,-22495000,-35338000,11520001000.0,,Not meaningful (revenue <= 0),Not meaningful (revenue <= 0),Limited (zero/negative revenue or assets)
CMP,2016-12-31,2019-12-31,4,True,1490500000,62500000,2443200000.0,0.041932237504193226,4 - Large,Low (0-5%),Analysis-ready
CMPR,2016-06-30,2019-06-30,4,True,2751076000,95052000,1868376000.0,0.03455084483307622,4 - Large,Low (0-5%),Analysis-ready
CMRE,2016-12-31,2019-12-31,4,True,478109000,98999000,3011958000.0,0.20706366121532957,3 - Mid,High (>15%),Analysis-ready
CMRX,2016-12-31,2019-12-31,4,True,12519000,-112576000,119376000.0,-8.992411534467609,1 - Micro,Loss-making (<=0%),Analysis-ready
CMS,2016-12-31,2019-12-31,4,True,6845000000,680000000,26837000000.0,0.09934258582907232,5 - Mega,Moderate (5-15%),Analysis-ready
CMT,2016-12-31,2019-12-31,4,True,284290000,-15223000,179306000.0,-0.053547433958282036,3 - Mid,Loss-making (<=0%),Analysis-ready
CMTL,2016-07-31,2019-07-31,4,True,671797000,25041000,887711000.0,0.03727465290854231,3 - Mid,Low (0-5%),Analysis-ready
CNA,2016-12-31,2019-12-31,4,True,10767000000,1000000000,60612000000.0,0.09287638153617535,5 - Mega,Moderate (5-15%),Analysis-ready
CNAT,2016-12-31,2019-12-31,4,True,21717000,-11385000,21827000.0,-0.5242436800663075,1 - Micro,Loss-making (<=0%),Analysis-ready
CNBKA,2016-12-31,2019-12-31,4,True,112938000,39699000,5492424000.0,0.35151144875949636,2 - Small,High (>15%),Analysis-ready
CNC,2016-12-31,2019-12-31,4,True,70791000000,1321000000,40994000000.0,0.018660564196013616,5 - Mega,Low (0-5%),Analysis-ready
CNCE,2016-12-31,2019-12-31,4,True,1077000,-78166000,137471000.0,-72.57753017641598,1 - Micro,Loss-making (<=0%),Analysis-ready
CNDT,2016-12-31,2019-12-31,4,True,4467000000,-1934000000,4514000000.0,-0.4329527647190508,5 - Mega,Loss-making (<=0%),Analysis-ready
CNET,2016-12-31,2019-12-31,4,True,58080000,-1261000,18551000.0,-0.021711432506887052,2 - Small,Loss-making (<=0%),Analysis-ready
CNFR,2016-12-31,2019-12-31,4,True,95998000,-7822000,247265000.0,-0.08148086418467052,2 - Small,Loss-making (<=0%),Analysis-ready
CNHI,2016-12-31,2019-12-31,4,True,28079000000,1422000000,47352000000.0,0.050642829160582645,5 - Mega,Moderate (5-15%),Analysis-ready
CNK,2016-12-31,2019-12-31,4,True,3283099000,191386000,5828017000.0,0.05829431278191733,5 - Mega,Moderate (5-15%),Analysis-ready
CNMD,2016-12-31,2019-12-31,4,True,955097000,28620000,1775095000.0,0.02996554276686033,4 - Large,Low (0-5%),Analysis-ready
CNNE,2016-12-31,2019-12-31,4,True,1070000000,77300000,2092200000.0,0.07224299065420561,4 - Large,Moderate (5-15%),Analysis-ready
CNO,2016-12-31,2019-12-31,4,True,4015800000,409400000,33630900000.0,0.10194730813287514,5 - Mega,Moderate (5-15%),Analysis-ready
CNOB,2016-12-31,2019-12-31,4,True,186254000,73395000,6174032000.0,0.3940586510893726,2 - Small,High (>15%),Analysis-ready
CNP,2016-12-31,2019-12-31,4,True,12301000000,791000000,35439000000.0,0.06430371514511016,5 - Mega,Moderate (5-15%),Analysis-ready
CNR,2017-10-29,2019-12-31,4,True,4889747000,-15390000,5564346000.0,-0.0031474021048532776,5 - Mega,Loss-making (<=0%),Analysis-ready
CNS,2016-12-31,2019-12-31,4,True,410830000,134621000,402419000.0,0.3276805491322445,3 - Mid,High (>15%),Analysis-ready
CNSL,2016-12-31,2019-12-31,4,True,1336542000,-20383000,3390277000.0,-0.015250549552501904,4 - Large,Loss-making (<=0%),Analysis-ready
CNSP,2017-12-31,2019-12-31,3,False,0,-3877211,7912075.0,,Not meaningful (revenue <= 0),Not meaningful (revenue <= 0),Limited (zero/negative revenue or assets)
CNST,2016-12-31,2019-12-31,4,True,0,-85550000,399130000.0,,Not meaningful (revenue <= 0),Not meaningful (revenue <= 0),Limited (zero/negative revenue or assets)
CNTY,2016-12-31,2019-12-31,4,True,218227000,-19155000,726900000.0,-0.08777557314172857,2 - Small,Loss-making (<=0%),Analysis-ready
CNX,2016-12-31,2019-12-31,4,True,1544241000,-80730000,9060806000.0,-0.05227810944017158,4 - Large,Loss-making (<=0%),Analysis-ready
CNXM,2016-12-31,2019-12-31,4,True,305797000,155604000,1234602000.0,0.5088473726033937,3 - Mid,High (>15%),Analysis-ready
CNXN,2016-12-31,2019-12-31,4,True,2820034000,82111000,937335000.0,0.029117024830197083,4 - Large,Low (0-5%),Analysis-ready
COCP,2016-12-31,2019-12-31,4,True,6564000,-48169000,28531000.0,-7.338360755636807,1 - Micro,Loss-making (<=0%),Analysis-ready
CODA,2016-10-31,2019-10-31,4,True,25056934,5225199,34330993.0,0.20853305516149742,1 - Micro,High (>15%),Analysis-ready
CODI,2016-12-31,2019-12-31,4,True,1450253000,301865000,1891892000.0,0.208146440655527,4 - Large,High (>15%),Analysis-ready
CODX,2016-12-31,2019-12-31,4,True,214974,-6195557,2215326.0,-28.820029398904055,1 - Micro,Loss-making (<=0%),Analysis-ready
COF,2016-12-31,2019-12-31,4,True,22357000000,5546000000,390365000000.0,0.24806548284653576,5 - Mega,High (>15%),Analysis-ready
COG,2016-12-31,2019-12-31,4,True,1985469000,681070000,4487245000.0,0.34302726459088506,4 - Large,High (>15%),Analysis-ready
COHN,2016-12-31,2019-12-31,4,True,42031000,-2054000,8001624000.0,-0.048868692155789775,1 - Micro,Loss-making (<=0%),Analysis-ready
COHR,2016-10-01,2019-09-28,4,True,1430640000,53825000,2083169000.0,0.03762302186434043,4 - Large,Low (0-5%),Analysis-ready
COHU,2016-12-31,2019-12-28,4,True,583329000,-69700000,1077710000.0,-0.11948660190047126,3 - Mid,Loss-making (<=0%),Analysis-ready
COKE,2017-01-01,2019-12-29,4,True,4826549000,11375000,3126926000.0,0.0023567563491016046,5 - Mega,Low (0-5%),Analysis-ready
COLB,2016-12-31,2019-12-31,4,True,583993000,194451000,14079524000.0,0.3329680321510703,3 - Mid,High (>15%),Analysis-ready
COLD,2016-12-31,2019-12-31,4,True,1783594000,48162000,4170683000.0,0.02700278202326314,4 - Large,Low (0-5%),Analysis-ready
COLL,2016-12-31,2019-12-31,4,True,296701000,-22722000,306302000.0,-0.07658214835811136,3 - Mid,Loss-making (<=0%),Analysis-ready
COLM,2016-12-31,2019-12-31,4,True,3042478000,330489000,2931591000.0,0.10862494322062477,4 - Large,Moderate (5-15%),Analysis-ready
COMM,2016-12-31,2019-12-31,4,True,8345100000,-929500000,14431600000.0,-0.11138272758864483,5 - Mega,Loss-making (<=0%),Analysis-ready
CONE,2016-12-31,2019-12-31,4,True,981300000,41400000,6142000000.0,0.042188933047997555,4 - Large,Low (0-5%),Analysis-ready
CONN,2017-01-31,2020-01-31,4,True,1543686000,56004000,2168769000.0,0.036279398789650225,4 - Large,Low (0-5%),Analysis-ready
COO,2016-10-31,2019-10-31,4,True,2653400000,466700000,6274500000.0,0.17588754051405744,4 - Large,High (>15%),Analysis-ready
COOP,2016-12-31,2019-12-31,4,True,2007000000,274000000,18305000000.0,0.13652217239661185,4 - Large,Moderate (5-15%),Analysis-ready
COP,2016-12-31,2019-12-31,4,True,33346000000,7189000000,70514000000.0,0.21558807653091824,5 - Mega,High (>15%),Analysis-ready
COR,2016-12-31,2019-12-31,4,True,572727000,75840000,2100999000.0,0.13241911067576698,3 - Mid,Moderate (5-15%),Analysis-ready
CORE,2016-12-31,2019-12-31,4,True,13329200000,57700000,1898400000.0,0.0043288419410017105,5 - Mega,Low (0-5%),Analysis-ready
CORR,2016-12-31,2019-12-31,4,True,85945570,4079495,651455794.0,0.04746602995360901,2 - Small,Low (0-5%),Analysis-ready
CORT,2016-12-31,2019-12-31,4,True,306486000,94181000,412312000.0,0.30729299217582534,3 - Mid,High (>15%),Analysis-ready
CORV,2016-12-31,2019-12-31,4,True,32634000,-35184000,58893000.0,-1.0781393638536496,1 - Micro,Loss-making (<=0%),Analysis-ready
COST,2016-08-28,2019-09-01,4,True,152703000000,3659000000,45400000000.0,0.023961546269555937,5 - Mega,Low (0-5%),Analysis-ready
COTY,2016-06-30,2019-06-30,4,True,8648500000,-3784200000,17665400000.0,-0.4375556454876568,5 - Mega,Loss-making (<=0%),Analysis-ready
COUP,2017-01-31,2020-01-31,4,True,389719000,-90832000,1594073000.0,-0.23307049438184949,3 - Mid,Loss-making (<=0%),Analysis-ready
COWN,2016-12-31,2019-12-31,4,True,875187000,24631000,5162025000.0,0.028143699575062246,3 - Mid,Low (0-5%),Analysis-ready
CPA,2016-12-31,2019-12-31,4,True,2707408000,247002000,4357378000.0,0.09123190889588861,4 - Large,Moderate (5-15%),Analysis-ready
CPAH,2016-04-30,2019-04-30,4,True,10764904,-5013439,11124786.0,-0.4657207347134726,1 - Micro,Loss-making (<=0%),Analysis-ready
CPB,2016-07-31,2019-07-28,4,True,8107000000,211000000,13148000000.0,0.02602689034168003,5 - Mega,Low (0-5%),Analysis-ready
CPE,2016-12-31,2019-12-31,4,True,628921000,67928000,7194838000.0,0.10800720599248555,3 - Mid,Moderate (5-15%),Analysis-ready
CPF,2016-12-31,2019-12-31,4,True,218877000,58322000,6012672000.0,0.26646015798827655,2 - Small,High (>15%),Analysis-ready
CPHC,2016-12-31,2019-12-31,4,True,59226857,2718274,65413082.0,0.04589596912090067,2 - Small,Low (0-5%),Analysis-ready
CPHI,2016-12-31,2019-12-31,4,True,10923936,-20702044,22235222.0,-1.8951085030157628,1 - Micro,Loss-making (<=0%),Analysis-ready
CPIX,2016-12-31,2019-12-31,4,True,47533637,-3537759,104549283.0,-0.0744264319601717,1 - Micro,Loss-making (<=0%),Analysis-ready
CPK,2016-12-31,2019-12-31,4,True,479604000,65153000,1783198000.0,0.13584749084661513,3 - Mid,Moderate (5-15%),Analysis-ready
CPLG,2016-12-31,2019-12-31,4,True,812000000,-212000000,2109000000.0,-0.26108374384236455,3 - Mid,Loss-making (<=0%),Analysis-ready
CPLP,2016-12-31,2019-12-31,4,True,108374000,-122691000,703462000.0,-1.1321073320169044,2 - Small,Loss-making (<=0%),Analysis-ready
CPRI,2016-04-02,2019-03-30,4,True,5238000000,543000000,6650000000.0,0.1036655211912944,5 - Mega,Moderate (5-15%),Analysis-ready
CPRT,2016-07-31,2019-07-31,4,True,2041957000,591693000,2547617000.0,0.2897676101896367,4 - Large,High (>15%),Analysis-ready
CPRX,2016-12-31,2019-12-31,4,True,102306337,31875337,112376230.0,0.3115675718113141,2 - Small,High (>15%),Analysis-ready
CPS,2016-12-31,2019-12-31,4,True,3108400000,67529000,2635582000.0,0.021724681508171407,5 - Mega,Low (0-5%),Analysis-ready
CPSH,2016-12-31,2019-12-28,4,True,21468414,-638202,9024271.0,-0.029727487088706227,1 - Micro,Loss-making (<=0%),Analysis-ready
CPSI,2016-12-31,2019-12-31,4,True,274634000,20468000,339589000.0,0.0745282812761712,3 - Mid,Moderate (5-15%),Analysis-ready
CPSS,2016-12-31,2019-12-31,4,True,148102000,5406000,2539249000.0,0.036501870332608606,2 - Small,Low (0-5%),Analysis-ready
CPST,2016-03-31,2019-03-31,4,True,83412000,-16659000,79963000.0,-0.199719464825205,2 - Small,Loss-making (<=0%),Analysis-ready
CPT,2016-12-31,2019-12-31,4,True,1048830000,219623000,6748504000.0,0.20939809120639188,4 - Large,High (>15%),Analysis-ready
CPTA,2016-12-31,2019-12-31,4,True,44035000,-27647000,427337000.0,-0.6278414897240832,1 - Micro,Loss-making (<=0%),Analysis-ready
CQP,2016-12-31,2019-12-31,4,True,6838000000,1175000000,19384000000.0,0.17183386955250074,5 - Mega,High (>15%),Analysis-ready
CR,2016-12-31,2019-12-31,4,True,3283100000,133300000,4423700000.0,0.04060187018366788,5 - Mega,Low (0-5%),Analysis-ready
CRAI,2016-12-31,2019-12-28,4,True,451370000,20747000,533243000.0,0.04596450805326008,3 - Mid,Low (0-5%),Analysis-ready
CRBP,2016-12-31,2019-12-31,4,True,36143568,-71453718,49142499.0,-1.9769414574676192,1 - Micro,Loss-making (<=0%),Analysis-ready
CRC,2016-12-31,2019-12-31,4,True,2693000000,-28000000,6958000000.0,-0.0103973264017824,4 - Large,Loss-making (<=0%),Analysis-ready
CRD-A,2016-12-31,2019-12-31,4,True,1005802000,12485000,760013000.0,0.012412979890674308,4 - Large,Low (0-5%),Analysis-ready
CRDF,2016-12-31,2019-12-31,4,True,244632,-16414159,13086546.0,-67.09735030576539,1 - Micro,Loss-making (<=0%),Analysis-ready
CREE,2016-06-26,2019-06-30,4,True,1080000000,-375100000,2816900000.0,-0.3473148148148148,4 - Large,Loss-making (<=0%),Analysis-ready
CREG,2016-12-31,2019-12-31,4,True,867431,-8772757,123845141.0,-10.113492600564195,1 - Micro,Loss-making (<=0%),Analysis-ready
CREX,2016-12-31,2019-12-31,4,True,31598000,1038000,33976000.0,0.032850180391164,1 - Micro,Low (0-5%),Analysis-ready
CRF,2016-12-31,2019-12-31,4,True,8783760,104659977,417310256.0,11.915168105685948,1 - Micro,High (>15%),Analysis-ready
CRHM,2016-12-31,2019-12-31,4,True,120385274,3771163,203095269.0,0.031325783251529585,2 - Small,Low (0-5%),Analysis-ready
CRI,2016-12-31,2019-12-28,4,True,3519286000,263802000,2753117000.0,0.07495895474252448,5 - Mega,Moderate (5-15%),Analysis-ready
CRIS,2016-12-31,2019-12-31,4,True,10004000,-32141000,35107000.0,-3.21281487405038,1 - Micro,Loss-making (<=0%),Analysis-ready
CRK,2016-12-31,2019-12-31,4,True,739508000,96889000,,0.13101819047258448,3 - Mid,Moderate (5-15%),Limited (zero/negative revenue or assets)
CRL,2016-12-31,2019-12-28,4,True,2621226000,252019000,4692790000.0,0.09614546780781207,4 - Large,Moderate (5-15%),Analysis-ready
CRM,2017-01-31,2020-01-31,4,True,17098000000,126000000,55126000000.0,0.007369282957071003,5 - Mega,Low (0-5%),Analysis-ready
CRMD,2016-12-31,2019-12-31,4,True,283266,-16433074,29475910.0,-58.01287129411931,1 - Micro,Loss-making (<=0%),Analysis-ready
CRMT,2017-04-30,2020-04-30,4,True,744611000,51343000,667324000.0,0.0689527820566712,3 - Mid,Moderate (5-15%),Analysis-ready
CRNC,2017-09-30,2019-09-30,3,False,303315000,100268000,1483829000.0,0.3305738258905758,3 - Mid,High (>15%),Analysis-ready
CRNT,2016-12-31,2019-12-31,4,True,285583000,-2344000,289889000.0,-0.00820777147099092,3 - Mid,Loss-making (<=0%),Analysis-ready
CRNX,2016-12-31,2019-12-31,4,True,1193000,-50422000,130377000.0,-42.26487845766974,1 - Micro,Loss-making (<=0%),Analysis-ready
CROX,2016-12-31,2019-12-31,4,True,1230593000,119497000,738802000.0,0.09710521675322385,4 - Large,Moderate (5-15%),Analysis-ready
CRS,2016-06-30,2019-06-30,4,True,2380200000,167000000,3187800000.0,0.07016217124611378,4 - Large,Moderate (5-15%),Analysis-ready
CRSP,2016-12-31,2019-12-31,4,True,289590000,66858000,1066752000.0,0.23087123174142754,3 - Mid,High (>15%),Analysis-ready
CRT,2016-12-31,2019-12-31,4,True,5959675,5257032,9664835.0,0.8821004501084371,1 - Micro,High (>15%),Analysis-ready
CRTO,2016-12-31,2019-12-31,4,True,2261516000,90745000,1790384000.0,0.040125738663798975,4 - Large,Low (0-5%),Analysis-ready
CRTX,2017-12-31,2019-12-31,3,False,0,-36980000,124370000.0,,Not meaningful (revenue <= 0),Not meaningful (revenue <= 0),Limited (zero/negative revenue or assets)
CRUS,2017-03-25,2020-03-28,4,True,1281124000,159498000,1592677000.0,0.12449848726586966,4 - Large,Moderate (5-15%),Analysis-ready
CRVL,2017-03-31,2020-03-31,4,True,592225000,47377000,416260000.0,0.07999831145257293,3 - Mid,Moderate (5-15%),Analysis-ready
CRVS,2016-12-31,2019-12-31,4,True,0,-46672000,83646000.0,,Not meaningful (revenue <= 0),Not meaningful (revenue <= 0),Limited (zero/negative revenue or assets)
CRWD,2017-01-31,2020-01-31,4,True,481413000,-141779000,1404906000.0,-0.29450596473298396,3 - Mid,Loss-making (<=0%),Analysis-ready
CRWS,2017-04-02,2020-03-29,4,True,73396000,6561000,57173000.0,0.0893917924682544,2 - Small,Moderate (5-15%),Analysis-ready
CRY,2016-12-31,2019-12-31,4,True,276222000,1720000,605654000.0,0.006226875484211974,3 - Mid,Low (0-5%),Analysis-ready
CSBR,2016-04-30,2019-04-30,4,True,27067000,128000,11265000.0,0.004729005800421177,1 - Micro,Low (0-5%),Analysis-ready
CSCO,2016-07-30,2019-07-27,4,True,51904000000,11621000000,97793000000.0,0.22389411220715166,5 - Mega,High (>15%),Analysis-ready
CSFL,2016-12-31,2019-12-31,4,True,739503000,225396000,17142025000.0,0.3047938953594509,3 - Mid,High (>15%),Analysis-ready
CSGP,2016-12-31,2019-12-31,4,True,1399719000,314963000,3853986000.0,0.2250187359034206,4 - Large,High (>15%),Analysis-ready
CSGS,2016-12-31,2019-12-31,4,True,996810000,82770000,1283030000.0,0.0830348812712553,4 - Large,Moderate (5-15%),Analysis-ready
CSII,2016-06-30,2019-06-30,4,True,248017000,-255000,218577000.0,-0.0010281553280621894,2 - Small,Loss-making (<=0%),Analysis-ready
CSIQ,2016-12-31,2019-12-31,4,True,3200583000,171585000,5467207000.0,0.053610545328772914,5 - Mega,Moderate (5-15%),Analysis-ready
CSL,2016-12-31,2019-12-31,4,True,4811600000,472800000,5496000000.0,0.0982625322138166,5 - Mega,Moderate (5-15%),Analysis-ready
CSLT,2016-12-31,2019-12-31,4,True,143308000,-40002000,242784000.0,-0.2791330560750272,2 - Small,Loss-making (<=0%),Analysis-ready
CSOD,2016-12-31,2019-12-31,4,True,576523000,-4054000,966101000.0,-0.007031809658938151,3 - Mid,Loss-making (<=0%),Analysis-ready
CSPI,2016-09-30,2019-09-30,4,True,79061000,-371000,59369000.0,-0.0046925791477466765,2 - Small,Loss-making (<=0%),Analysis-ready
CSPR,2017-12-31,2019-12-31,3,False,439258000,-93040000,230318000.0,-0.21181173706568804,3 - Mid,Loss-making (<=0%),Analysis-ready
CSSE,2016-12-31,2019-12-31,4,True,55363906,-31671869,167665484.0,-0.572067097288981,2 - Small,Loss-making (<=0%),Analysis-ready
CSTE,2016-12-31,2019-12-31,4,True,545974000,12862000,703866000.0,0.023557898361460435,3 - Mid,Low (0-5%),Analysis-ready
CSTL,2017-12-31,2019-12-31,3,False,51865000,5277000,119746000.0,0.1017449146823484,2 - Small,Moderate (5-15%),Analysis-ready
CSTR,2016-12-31,2019-12-31,4,True,91261000,22422000,2037201000.0,0.24569093040838913,2 - Small,High (>15%),Analysis-ready
CSU,2016-12-31,2019-12-31,4,True,443335000,-36030000,1267696000.0,-0.08127037116401818,3 - Mid,Loss-making (<=0%),Analysis-ready
CSV,2016-12-31,2019-12-31,4,True,274107000,14533000,1129755000.0,0.053019441313063874,3 - Mid,Moderate (5-15%),Analysis-ready
CSWC,2017-03-31,2020-03-31,4,True,62039000,-22351000,584959000.0,-0.3602733764245072,2 - Small,Loss-making (<=0%),Analysis-ready
CSWI,2017-03-31,2020-03-31,4,True,385871000,45878000,369245000.0,0.11889465650437582,3 - Mid,Moderate (5-15%),Analysis-ready
CSX,2016-12-30,2019-12-31,4,True,11937000000,3331000000,38257000000.0,0.2790483371031247,5 - Mega,High (>15%),Analysis-ready
CTAS,2016-05-31,2019-05-31,4,True,6892303000,884981000,7436662000.0,0.128401348576811,5 - Mega,Moderate (5-15%),Analysis-ready
CTB,2016-12-31,2019-12-31,4,True,2752639000,96404000,2802338000.0,0.035022391239824764,4 - Large,Low (0-5%),Analysis-ready
CTBI,2016-12-31,2019-12-31,4,True,186828000,64540000,4366003000.0,0.34545143126297984,2 - Small,High (>15%),Analysis-ready
CTEK,2016-12-31,2019-12-31,4,True,21364810,14890704,45169549.0,0.6969733875470926,1 - Micro,High (>15%),Analysis-ready
CTG,2016-12-31,2019-12-31,4,True,394170000,4125000,158706000.0,0.010465027779891925,3 - Mid,Low (0-5%),Analysis-ready
CTHR,2016-12-31,2019-06-30,4,True,32244109,2275467,51146381.0,0.07057000706702735,1 - Micro,Moderate (5-15%),Analysis-ready
CTIB,2016-12-31,2019-12-31,4,True,40537030,-7127355,31321083.0,-0.17582331512693455,1 - Micro,Loss-making (<=0%),Analysis-ready
CTIC,2016-12-31,2019-12-31,4,True,3345000,-40020000,46280000.0,-11.964125560538116,1 - Micro,Loss-making (<=0%),Analysis-ready
CTK,2016-12-31,2019-12-31,4,True,177883105,-36846061,101836660.0,-0.20713637194493542,2 - Small,Loss-making (<=0%),Analysis-ready
CTL,2016-12-31,2019-12-31,4,True,22401000000,-5269000000,64742000000.0,-0.2352127137181376,5 - Mega,Loss-making (<=0%),Analysis-ready
CTLT,2016-06-30,2019-06-30,4,True,2518000000,137400000,6184000000.0,0.054567116759332804,4 - Large,Moderate (5-15%),Analysis-ready
CTMX,2016-12-31,2019-12-31,4,True,57489000,-102238000,341282000.0,-1.7783923881090296,2 - Small,Loss-making (<=0%),Analysis-ready
CTO,2016-12-31,2019-12-31,4,True,44941246,114972858,703286203.0,2.558292620547281,1 - Micro,High (>15%),Analysis-ready
CTRA,2016-12-31,2019-12-31,4,True,2290260000,-316319000,2302823000.0,-0.1381148865194345,4 - Large,Loss-making (<=0%),Analysis-ready
CTRC,2015-12-31,2018-12-31,4,True,596602000,-123766000,1858955000.0,-0.20745153385338969,3 - Mid,Loss-making (<=0%),Analysis-ready
CTRE,2016-12-31,2019-12-31,4,True,163401000,46359000,1518861000.0,0.2837130739713955,2 - Small,High (>15%),Analysis-ready
CTRN,2017-01-28,2020-02-01,4,True,781925000,16503000,459145000.0,0.02110560475748953,3 - Mid,Low (0-5%),Analysis-ready
CTS,2016-12-31,2019-12-31,4,True,468999000,36146000,643354000.0,0.077070526802829,3 - Mid,Moderate (5-15%),Analysis-ready
CTSH,2016-12-31,2019-12-31,4,True,16783000000,1842000000,16204000000.0,0.1097539176547697,5 - Mega,Moderate (5-15%),Analysis-ready
CTSO,2016-12-31,2019-12-31,4,True,24949473,-19265644,27382510.0,-0.7721864105105547,1 - Micro,Loss-making (<=0%),Analysis-ready
CTT,2016-12-31,2019-12-31,4,True,17238000,-93321000,663865000.0,-5.413679081099896,1 - Micro,Loss-making (<=0%),Analysis-ready
CTVA,2016-12-31,2019-12-31,4,True,13846000000,-959000000,,-0.0692618806875632,5 - Mega,Loss-making (<=0%),Limited (zero/negative revenue or assets)
CTXR,2016-09-30,2019-09-30,4,True,0,-15562144,28986394.0,,Not meaningful (revenue <= 0),Not meaningful (revenue <= 0),Limited (zero/negative revenue or assets)
CTXS,2016-12-31,2019-12-31,4,True,3010564000,681813000,4388926000.0,0.2264735112756281,4 - Large,High (>15%),Analysis-ready
CUB,2016-09-30,2019-09-30,4,True,1496475000,49694000,1847170000.0,0.033207370654371106,4 - Large,Low (0-5%),Analysis-ready
CUBA,2016-06-30,2019-06-30,4,True,800409,-635225,46697300.0,-0.7936255089585449,1 - Micro,Loss-making (<=0%),Analysis-ready
CUBE,2016-12-31,2019-12-31,4,True,655037000,169117000,4029545000.0,0.25817930895506663,3 - Mid,High (>15%),Analysis-ready
CUBI,2016-12-31,2019-12-31,4,True,341497000,79327000,11520717000.0,0.23229193814294122,3 - Mid,High (>15%),Analysis-ready
CUE,2016-12-31,2019-12-31,4,True,3458331,-36698957,71605009.0,-10.611753762147117,1 - Micro,Loss-making (<=0%),Analysis-ready
CUK,2016-11-30,2019-11-30,4,True,20825000000,2990000000,45058000000.0,0.14357743097238895,5 - Mega,Moderate (5-15%),Analysis-ready
CULP,2016-05-01,2019-04-28,4,True,296669000,5676000,219726000.0,0.019132433789846595,3 - Mid,Low (0-5%),Analysis-ready
CURO,2016-12-31,2019-12-31,4,True,1141797000,111488000,1081895000.0,0.09764257569427841,4 - Large,Moderate (5-15%),Analysis-ready
CUTR,2016-12-31,2019-12-31,4,True,181712000,-12348000,113738000.0,-0.06795368495201197,2 - Small,Loss-making (<=0%),Analysis-ready
CUZ,2016-12-31,2019-12-31,4,True,670196000,150418000,7151447000.0,0.22443882088224937,3 - Mid,High (>15%),Analysis-ready
CVA,2016-12-31,2019-12-31,4,True,1870000000,10000000,3715000000.0,0.0053475935828877,4 - Large,Low (0-5%),Analysis-ready
CVBF,2016-12-31,2019-12-31,4,True,484129000,207827000,11282450000.0,0.42928021250534465,3 - Mid,High (>15%),Analysis-ready
CVCO,2017-04-01,2020-03-28,4,True,1061774000,75066000,810431000.0,0.07069866092030884,4 - Large,Moderate (5-15%),Analysis-ready
CVCY,2016-12-31,2019-12-31,4,True,76052000,21443000,1596755000.0,0.28195182243727973,2 - Small,High (>15%),Analysis-ready
CVEO,2016-12-31,2019-12-31,4,True,527555000,-58491000,969912000.0,-0.11087185222393874,3 - Mid,Loss-making (<=0%),Analysis-ready
CVET,2016-12-31,2019-12-31,4,True,3976000000,-1019000000,3361000000.0,-0.2562877263581489,5 - Mega,Loss-making (<=0%),Analysis-ready
CVGI,2016-12-31,2019-12-31,4,True,901238000,15778000,435826000.0,0.017507029219806534,4 - Large,Low (0-5%),Analysis-ready
CVGW,2016-10-31,2019-10-31,4,True,1195777000,36646000,390360000.0,0.030646182356743774,4 - Large,Low (0-5%),Analysis-ready
CVI,2016-12-31,2019-12-31,4,True,6364000000,380000000,3905000000.0,0.059710873664362035,5 - Mega,Moderate (5-15%),Analysis-ready
CVIA,2016-12-31,2019-12-31,4,True,1595446000,-1290102000,2446518000.0,-0.8086152712156977,4 - Large,Loss-making (<=0%),Analysis-ready
CVLT,2017-03-31,2020-03-31,4,True,670885000,-5645000,845076000.0,-0.008414258777584832,3 - Mid,Loss-making (<=0%),Analysis-ready
CVLY,2016-12-31,2019-12-31,4,True,75401000,18647000,1886545000.0,0.2473044124083235,2 - Small,High (>15%),Analysis-ready
CVM,2016-09-30,2019-09-30,4,True,462754,-22134640,27622994.0,-47.83241203749724,1 - Micro,Loss-making (<=0%),Analysis-ready
CVNA,2016-12-31,2019-12-31,4,True,3939896000,-114659000,2057748000.0,-0.029102037211134506,5 - Mega,Loss-making (<=0%),Analysis-ready
CVR,2016-12-31,2019-12-31,4,True,32873002,538314,31723376.0,0.016375565578099622,1 - Micro,Low (0-5%),Analysis-ready
CVS,2016-12-31,2019-12-31,4,True,255765000000,6634000000,222449000000.0,0.025937872656540184,5 - Mega,Low (0-5%),Analysis-ready
CVTI,2016-12-31,2019-12-31,4,True,894528000,8477000,881640000.0,0.00947650604564642,4 - Large,Low (0-5%),Analysis-ready
CVU,2015-12-31,2018-12-31,4,True,83929270,2211563,143713674.0,0.026350318547986893,2 - Small,Low (0-5%),Analysis-ready
CVV,2016-12-31,2019-12-31,4,True,19646652,-6327658,46723052.0,-0.3220730941841898,1 - Micro,Loss-making (<=0%),Analysis-ready
CVX,2016-12-31,2019-12-31,4,True,139865000000,2924000000,237428000000.0,0.02090587352089515,5 - Mega,Low (0-5%),Analysis-ready
CW,2016-12-31,2019-12-31,4,True,2487961000,307583000,3764261000.0,0.12362854562430842,4 - Large,Moderate (5-15%),Analysis-ready
CWBC,2016-12-31,2019-12-31,4,True,38129000,7963000,913870000.0,0.20884366230428283,1 - Micro,High (>15%),Analysis-ready
CWCO,2016-12-31,2019-12-31,4,True,68793651,12176093,192292144.0,0.17699442932604348,2 - Small,High (>15%),Analysis-ready
CWH,2016-12-31,2019-12-31,4,True,4892019000,-60591000,3376240000.0,-0.012385683702373192,5 - Mega,Loss-making (<=0%),Analysis-ready
CWK,2016-12-31,2019-12-31,4,True,8751000000,200000,7163400000.0,2.2854530910753055e-05,5 - Mega,Low (0-5%),Analysis-ready
CWST,2016-12-31,2019-12-31,4,True,743290000,31653000,932182000.0,0.04258499374402992,3 - Mid,Low (0-5%),Analysis-ready
CWT,2016-12-31,2019-12-31,4,True,714557000,63116000,3111308000.0,0.08832885270174388,3 - Mid,Moderate (5-15%),Analysis-ready
CX,2016-12-31,2019-12-31,4,True,13130000000,143000000,29363000000.0,0.01089108910891089,5 - Mega,Low (0-5%),Analysis-ready
CXDC,2016-12-31,2019-12-31,4,True,1448204826,3055478,2635882248.0,0.0021098382943794997,4 - Large,Low (0-5%),Analysis-ready
CXO,2016-12-31,2019-12-31,4,True,4310000000,-705000000,24732000000.0,-0.16357308584686775,5 - Mega,Loss-making (<=0%),Analysis-ready
CXP,2016-12-31,2019-12-31,4,True,288837000,9197000,4244945000.0,0.03184148845196426,3 - Mid,Low (0-5%),Analysis-ready
CXW,2016-12-31,2019-12-31,4,True,1980689000,188886000,3791631000.0,0.09536378502632165,4 - Large,Moderate (5-15%),Analysis-ready
CYAN,2016-03-31,2019-03-31,4,True,30202000,-3596000,29626000.0,-0.11906496258525925,1 - Micro,Loss-making (<=0%),Analysis-ready
CYBE,2016-12-31,2019-12-31,4,True,59263000,774000,72599000.0,0.013060425560636486,2 - Small,Low (0-5%),Analysis-ready
CYBR,2016-12-31,2019-12-31,4,True,433895000,63064000,1405166000.0,0.14534391961188767,3 - Mid,Moderate (5-15%),Analysis-ready
CYCC,2016-12-31,2019-12-31,4,True,0,-7830000,15308000.0,,Not meaningful (revenue <= 0),Not meaningful (revenue <= 0),Limited (zero/negative revenue or assets)
CYCN,2016-12-31,2019-12-31,4,True,4507000,-123008000,186478000.0,-27.29265586864877,1 - Micro,Loss-making (<=0%),Analysis-ready
CYH,2016-12-31,2019-12-31,4,True,13210000000,-675000000,15609000000.0,-0.05109765329295988,5 - Mega,Loss-making (<=0%),Analysis-ready
CYRN,2016-12-31,2019-12-31,4,True,38391000,-18018000,60828000.0,-0.46932874892552945,1 - Micro,Loss-making (<=0%),Analysis-ready
CYRX,2016-12-31,2019-12-31,4,True,33941900,-18331479,135872538.0,-0.5400840554005522,1 - Micro,Loss-making (<=0%),Analysis-ready
CYTK,2016-12-31,2019-12-31,4,True,26868000,-121692000,289814000.0,-4.52925413130862,1 - Micro,Loss-making (<=0%),Analysis-ready
CZNC,2016-12-31,2019-12-31,4,True,72946000,19504000,1654145000.0,0.26737586707975763,2 - Small,High (>15%),Analysis-ready
CZR,2016-12-31,2019-12-31,4,True,8530000000,-1195000000,25345000000.0,-0.14009378663540445,5 - Mega,Loss-making (<=0%),Analysis-ready
CZWI,2017-09-30,2019-12-31,4,True,52668000,9463000,1531249000.0,0.1796726665147718,2 - Small,High (>15%),Analysis-ready
D,2016-12-31,2019-12-31,4,True,16572000000,1358000000,103823000000.0,0.08194545015689114,5 - Mega,Moderate (5-15%),Analysis-ready
DAC,2016-12-31,2019-12-31,4,True,447244000,131253000,2683019000.0,0.29347067819803063,3 - Mid,High (>15%),Analysis-ready
DAIO,2016-12-31,2019-12-31,4,True,21568000,-1187000,28281000.0,-0.05503523738872403,1 - Micro,Loss-making (<=0%),Analysis-ready
DAKT,2017-04-29,2020-05-02,4,True,608932000,491000,372651000.0,0.0008063297708118477,3 - Mid,Low (0-5%),Analysis-ready
DAL,2016-12-31,2019-12-31,4,True,47007000000,4767000000,64532000000.0,0.1014104282340928,5 - Mega,Moderate (5-15%),Analysis-ready
DAN,2016-12-31,2019-12-31,4,True,8620000000,226000000,7220000000.0,0.026218097447795824,5 - Mega,Low (0-5%),Analysis-ready
DAR,2016-12-31,2019-12-28,4,True,3363905000,312600000,5345258000.0,0.09292771347585618,5 - Mega,Moderate (5-15%),Analysis-ready
DARE,2016-12-31,2019-12-31,4,True,0,-14263830,7442788.0,,Not meaningful (revenue <= 0),Not meaningful (revenue <= 0),Limited (zero/negative revenue or assets)
DBD,2016-12-31,2019-12-31,4,True,4408700000,-341300000,3790600000.0,-0.07741511103046249,5 - Mega,Loss-making (<=0%),Analysis-ready
DBI,2017-01-28,2020-02-01,4,True,3492687000,94497000,2465070000.0,0.027055673754905606,5 - Mega,Low (0-5%),Analysis-ready
DBX,2016-12-31,2019-12-31,4,True,1661300000,-52700000,2699200000.0,-0.03172214530789141,4 - Large,Loss-making (<=0%),Analysis-ready
DCAR,2016-12-31,2019-12-31,4,True,0,-4902383,5257477.0,,Not meaningful (revenue <= 0),Not meaningful (revenue <= 0),Limited (zero/negative revenue or assets)
DCI,2016-07-31,2019-07-31,4,True,2844900000,267200000,2142600000.0,0.09392245773137896,4 - Large,Moderate (5-15%),Analysis-ready
DCO,2016-12-31,2019-12-31,4,True,721088000,32461000,790429000.0,0.04501669699121328,3 - Mid,Low (0-5%),Analysis-ready
DCOM,2016-12-31,2019-12-31,4,True,142249000,36186000,6354460000.0,0.2543849165899233,2 - Small,High (>15%),Analysis-ready
DCP,2016-12-31,2019-12-31,4,True,7638000000,-101000000,14127000000.0,-0.013223356899711967,5 - Mega,Loss-making (<=0%),Analysis-ready
DCPH,2016-12-31,2019-12-31,4,True,25000000,-192256000,622409000.0,-7.69024,1 - Micro,Loss-making (<=0%),Analysis-ready
DCTH,2016-12-31,2019-12-31,4,True,1580000,-8879000,14212000.0,-5.619620253164557,1 - Micro,Loss-making (<=0%),Analysis-ready
DD,2016-12-31,2019-12-31,4,True,21512000000,498000000,69396000000.0,0.02314986984008925,5 - Mega,Low (0-5%),Analysis-ready
DDD,2016-12-31,2019-12-31,4,True,629094000,-69880000,807312000.0,-0.11108037908484265,3 - Mid,Loss-making (<=0%),Analysis-ready
DDOG,2017-12-31,2019-12-31,3,False,362780000,-16710000,1038041000.0,-0.04606097359281107,3 - Mid,Loss-making (<=0%),Analysis-ready
DDS,2017-01-28,2020-02-01,4,True,6343211000,111081000,3430257000.0,0.01751179331729624,5 - Mega,Low (0-5%),Analysis-ready
DE,2016-10-30,2019-11-03,4,True,39233000000,3253000000,73011000000.0,0.08291489307470752,5 - Mega,Moderate (5-15%),Analysis-ready
DEA,2016-12-31,2019-12-31,4,True,221722000,7207000,2234589000.0,0.0325046680076853,2 - Small,Low (0-5%),Analysis-ready
DECK,2017-03-31,2020-03-31,4,True,2132689000,276142000,1765118000.0,0.1294806697085229,4 - Large,Moderate (5-15%),Analysis-ready
DEI,2016-12-31,2019-12-31,4,True,943605000,363713000,9349301000.0,0.3854504798088183,4 - Large,High (>15%),Analysis-ready
DELL,2017-02-03,2020-01-31,4,True,92154000000,4616000000,118861000000.0,0.050090066627601626,5 - Mega,Moderate (5-15%),Analysis-ready
DENN,2016-12-28,2019-12-25,4,True,541389000,117410000,460387000.0,0.21686809299782597,3 - Mid,High (>15%),Analysis-ready
DESP,2016-12-31,2019-12-31,4,True,524876000,-20910000,801213000.0,-0.039837980780222375,3 - Mid,Loss-making (<=0%),Analysis-ready
DFFN,2016-12-31,2019-12-31,4,True,0,-11799379,24110523.0,,Not meaningful (revenue <= 0),Not meaningful (revenue <= 0),Limited (zero/negative revenue or assets)
DFIN,2016-12-31,2019-12-31,4,True,874700000,37600000,886900000.0,0.04298616668572082,3 - Mid,Low (0-5%),Analysis-ready
DFNS,2019-12-31,2019-12-31,1,False,0,-153906,173902304.0,,Not meaningful (revenue <= 0),Not meaningful (revenue <= 0),Limited (zero/negative revenue or assets)
DFS,2016-12-31,2019-12-31,4,True,8228000000,2957000000,113996000000.0,0.35938259601361205,5 - Mega,High (>15%),Analysis-ready
DG,2017-02-03,2020-01-31,4,True,27753973000,1712555000,22825084000.0,0.061704859336715503,5 - Mega,Moderate (5-15%),Analysis-ready
DGICA,2016-12-31,2019-12-31,4,True,812451471,47151744,1923161131.0,0.058036382089337125,3 - Mid,Moderate (5-15%),Analysis-ready
DGII,2016-09-30,2019-09-30,4,True,254203000,9958000,398698000.0,0.039173416521441524,2 - Small,Low (0-5%),Analysis-ready
DGLY,2016-12-31,2019-12-31,4,True,10441364,-10005713,8916875.0,-0.9582764282520942,1 - Micro,Loss-making (<=0%),Analysis-ready
DGX,2016-12-31,2019-12-31,4,True,7726000000,858000000,12843000000.0,0.11105358529640176,5 - Mega,Moderate (5-15%),Analysis-ready
DHC,2016-12-31,2019-12-31,4,True,1040155000,-88234000,6653826000.0,-0.08482774201921829,4 - Large,Loss-making (<=0%),Analysis-ready
DHF,2017-03-31,2020-03-31,4,True,24560561,-34011807,280840283.0,-1.3848139299423983,1 - Micro,Loss-making (<=0%),Analysis-ready
DHI,2016-09-30,2019-09-30,4,True,17592900000,1618500000,15606600000.0,0.09199733983595655,5 - Mega,Moderate (5-15%),Analysis-ready
DHIL,2016-12-31,2019-12-31,4,True,136624380,54959024,272663950.0,0.4022636662651278,2 - Small,High (>15%),Analysis-ready
DHR,2016-12-31,2019-12-31,4,True,17911100000,3008200000,62081600000.0,0.16795171709163592,5 - Mega,High (>15%),Analysis-ready
DHT,2016-12-31,2019-12-31,4,True,535068000,73679000,1827218000.0,0.13770025492086987,3 - Mid,Moderate (5-15%),Analysis-ready
DHX,2016-12-31,2019-12-31,4,True,149370000,12551000,278321000.0,0.08402624355626967,2 - Small,Moderate (5-15%),Analysis-ready
DHY,2016-10-31,2019-10-31,4,True,27141609,19976506,370928437.0,0.7360103816984468,1 - Micro,High (>15%),Analysis-ready
DIN,2016-12-31,2019-12-31,4,True,910178000,104346000,2049511000.0,0.11464350929158912,4 - Large,Moderate (5-15%),Analysis-ready
DIOD,2016-12-31,2019-12-31,4,True,1249130000,153250000,1639384000.0,0.12268538903076541,4 - Large,Moderate (5-15%),Analysis-ready
DIS,2016-10-01,2019-09-28,4,True,69570000000,11054000000,193984000000.0,0.15889032629006755,5 - Mega,High (>15%),Analysis-ready
DISCA,2016-12-31,2019-12-31,4,True,11144000000,2069000000,33735000000.0,0.18566044508255564,5 - Mega,High (>15%),Analysis-ready
DISCB,2016-12-31,2019-12-31,4,True,11144000000,2069000000,33735000000.0,0.18566044508255564,5 - Mega,High (>15%),Analysis-ready
DISCK,2016-12-31,2019-12-31,4,True,11144000000,2069000000,33735000000.0,0.18566044508255564,5 - Mega,High (>15%),Analysis-ready
DISH,2016-12-31,2019-12-31,4,True,12807684000,1399512000,33230935000.0,0.10927127808587407,5 - Mega,Moderate (5-15%),Analysis-ready
DIT,2016-09-30,2019-09-30,4,True,1022188157,3202943,157711622.0,0.0031334182244883903,4 - Large,Low (0-5%),Analysis-ready
DJCO,2016-09-30,2019-09-30,4,True,48655000,-25216000,237376000.0,-0.5182612270064741,1 - Micro,Loss-making (<=0%),Analysis-ready
DK,2016-12-31,2019-12-31,4,True,9298200000,310600000,7016300000.0,0.03340431481361984,5 - Mega,Low (0-5%),Analysis-ready
DKL,2016-12-31,2019-12-31,4,True,583992000,63669000,744447000.0,0.10902375375005137,3 - Mid,Moderate (5-15%),Analysis-ready
DKNG,2017-12-31,2019-12-31,3,False,323410000,-142734000,330725000.0,-0.44134071302680805,3 - Mid,Loss-making (<=0%),Analysis-ready
DKS,2017-01-28,2020-02-01,4,True,8750743000,297462000,6628560000.0,0.033992770671016165,5 - Mega,Low (0-5%),Analysis-ready
DL,2016-09-30,2019-09-30,4,True,211822000,21254000,355350000.0,0.10033896384700361,2 - Small,Moderate (5-15%),Analysis-ready
DLA,2016-10-01,2019-09-28,4,True,431730000,8242000,377988000.0,0.01909063535079795,3 - Mid,Low (0-5%),Analysis-ready
DLB,2016-09-30,2019-09-27,4,True,1241620000,255151000,2821749000.0,0.20549846168715066,4 - Large,High (>15%),Analysis-ready
DLHC,2016-09-30,2019-09-30,4,True,160391000,5324000,129258000.0,0.033193882449763394,2 - Small,Low (0-5%),Analysis-ready
DLNG,2016-12-31,2019-12-31,4,True,130901000,3613000,989187000.0,0.027601011451402205,2 - Small,Low (0-5%),Analysis-ready
DLPH,2016-12-31,2019-12-31,4,True,4361000000,17000000,3747000000.0,0.0038981884888786974,5 - Mega,Low (0-5%),Analysis-ready
DLPN,2016-12-31,2019-12-31,4,True,25001867,-1193377,42571726.0,-0.04773151541042915,1 - Micro,Loss-making (<=0%),Analysis-ready
DLR,2016-12-31,2019-12-31,4,True,3217308000,579761000,23068131000.0,0.18020065222229267,5 - Mega,High (>15%),Analysis-ready
DLTH,2017-01-29,2020-02-02,4,True,615624000,18921000,474050000.0,0.03073466921367588,3 - Mid,Low (0-5%),Analysis-ready
DLTR,2017-01-28,2020-02-01,4,True,23610800000,827000000,19574600000.0,0.03502634387653108,5 - Mega,Low (0-5%),Analysis-ready
DLX,2016-12-31,2019-12-31,4,True,2008715000,-199897000,1943311000.0,-0.09951486398020624,4 - Large,Loss-making (<=0%),Analysis-ready
DMF,2016-09-30,2019-09-30,4,True,13026334,19040520,310703724.0,1.4616944414291848,1 - Micro,High (>15%),Analysis-ready
DMLP,2016-12-31,2019-12-31,4,True,75756000,51032000,116883000.0,0.6736364116373621,2 - Small,High (>15%),Analysis-ready
DMPI,2016-06-30,2019-06-30,4,True,0,-8048221,4037255.0,,Not meaningful (revenue <= 0),Not meaningful (revenue <= 0),Limited (zero/negative revenue or assets)
DMRC,2016-12-31,2019-12-31,4,True,22987000,-32840000,57388000.0,-1.4286335754991952,1 - Micro,Loss-making (<=0%),Analysis-ready
DMTK,2013-12-31,2019-12-31,4,True,3364000,-19689000,18211000.0,-5.852853745541022,1 - Micro,Loss-making (<=0%),Analysis-ready
DNI,2016-12-31,2019-12-31,4,True,5554855,52690766,239508345.0,9.485534005838137,1 - Micro,High (>15%),Analysis-ready
DNKN,2016-12-31,2019-12-28,4,True,1370227000,242024000,3920024000.0,0.17663058748659893,4 - Large,High (>15%),Analysis-ready
DNLI,2016-12-31,2019-12-31,4,True,26678000,-197614000,553231000.0,-7.407376864832446,1 - Micro,Loss-making (<=0%),Analysis-ready
DNOW,2016-12-31,2019-12-31,4,True,2951000000,-97000000,1591000000.0,-0.03287021348695358,4 - Large,Loss-making (<=0%),Analysis-ready
DNP,2016-10-31,2019-10-31,4,True,126924178,646164524,4181651960.0,5.090949054639535,2 - Small,High (>15%),Analysis-ready
DNR,2016-12-31,2019-12-31,4,True,1274883000,216959000,4691867000.0,0.17017953804388325,4 - Large,High (>15%),Analysis-ready
DOC,2016-12-31,2019-12-31,4,True,415253000,74483000,4346581000.0,0.1793677589325062,3 - Mid,High (>15%),Analysis-ready
DOCU,2017-01-31,2020-01-31,4,True,973971000,-208359000,1891138000.0,-0.2139273140576054,4 - Large,Loss-making (<=0%),Analysis-ready
DOGZ,2016-06-30,2019-06-30,4,True,26216515,1421781,69023927.0,0.05423226542505745,1 - Micro,Moderate (5-15%),Analysis-ready
DOMO,2017-01-31,2020-01-31,4,True,173395000,-125656000,216738000.0,-0.7246806424637389,2 - Small,Loss-making (<=0%),Analysis-ready
DOOR,2017-01-01,2019-12-29,4,True,2176683000,44602000,1936584000.0,0.020490811018416554,4 - Large,Low (0-5%),Analysis-ready
DORM,2016-12-31,2019-12-28,4,True,991329000,83762000,1041072000.0,0.08449465313735399,4 - Large,Moderate (5-15%),Analysis-ready
DOV,2016-12-31,2019-12-31,4,True,7136397000,677918000,8669477000.0,0.09499443486678222,5 - Mega,Moderate (5-15%),Analysis-ready
DOW,2016-12-31,2019-12-31,4,True,42951000000,-1359000000,,-0.03164070685199413,5 - Mega,Loss-making (<=0%),Limited (zero/negative revenue or assets)
DOX,2016-09-30,2019-09-30,4,True,4086669000,479446000,5292826000.0,0.11731950887140603,5 - Mega,Moderate (5-15%),Analysis-ready
DPW,2016-12-31,2019-12-31,4,True,26511640,-32913412,42750408.0,-1.2414702372241022,1 - Micro,Loss-making (<=0%),Analysis-ready
DPZ,2017-01-01,2019-12-29,4,True,3618774000,400709000,1382092000.0,0.11073059550002294,5 - Mega,Moderate (5-15%),Analysis-ready
DQ,2016-12-31,2019-12-31,4,True,349990753,29524392,1201356021.0,0.0843576344429877,3 - Mid,Moderate (5-15%),Analysis-ready
DRAD,2016-12-31,2019-12-31,4,True,114185000,-4627000,90560000.0,-0.04052195997722993,2 - Small,Loss-making (<=0%),Analysis-ready
DRADP,2016-12-31,2019-12-31,4,True,114185000,-4627000,90560000.0,-0.04052195997722993,2 - Small,Loss-making (<=0%),Analysis-ready
DRE,2016-12-31,2019-12-31,4,True,984465000,428972000,8420562000.0,0.4357412401659785,4 - Large,High (>15%),Analysis-ready
DRH,2016-12-31,2019-12-31,4,True,938091000,183487000,3425766000.0,0.1955961628456088,4 - Large,High (>15%),Analysis-ready
DRI,2016-05-29,2019-05-26,4,True,8510400000,713400000,5892800000.0,0.08382684715172024,5 - Mega,Moderate (5-15%),Analysis-ready
DRIO,2016-12-31,2019-12-31,4,True,7559000,-17736000,24569000.0,-2.346342108744543,1 - Micro,Loss-making (<=0%),Analysis-ready
DRNA,2016-12-31,2019-12-31,4,True,23904000,-120459000,597409000.0,-5.039282128514056,1 - Micro,Loss-making (<=0%),Analysis-ready
DRQ,2016-12-31,2019-12-31,4,True,414806000,1720000,1206565000.0,0.004146516684908126,3 - Mid,Low (0-5%),Analysis-ready
DRRX,2016-12-31,2019-12-31,4,True,29564000,-20578000,86020000.0,-0.696049249086727,1 - Micro,Loss-making (<=0%),Analysis-ready
DS,2016-12-31,2019-12-31,4,True,272064000,-54854000,515991000.0,-0.2016216772524112,3 - Mid,Loss-making (<=0%),Analysis-ready
DSGX,2017-01-31,2020-01-31,4,True,325791000,36997000,942586000.0,0.1135605342075134,3 - Mid,Moderate (5-15%),Analysis-ready
DSKE,2016-12-31,2019-12-31,4,True,1737000000,-307400000,1140600000.0,-0.17697179044329303,4 - Large,Loss-making (<=0%),Analysis-ready
DSM,2016-11-30,2019-11-30,4,True,27465879,41282159,644472107.0,1.5030343285208532,1 - Micro,High (>15%),Analysis-ready
DSPG,2016-12-31,2019-12-31,4,True,117613000,-1190000,205925000.0,-0.01011792914048617,2 - Small,Loss-making (<=0%),Analysis-ready
DSS,2016-12-31,2019-12-31,4,True,19409230,-2889147,20144759.0,-0.1488542822152141,1 - Micro,Loss-making (<=0%),Analysis-ready
DSSI,2017-03-31,2019-12-31,4,True,579784000,-9306000,,-0.016050805127426765,3 - Mid,Loss-making (<=0%),Limited (zero/negative revenue or assets)
DSU,2017-02-28,2019-12-31,4,True,52162110,49669591,893334584.0,0.9522159092107279,2 - Small,High (>15%),Analysis-ready
DSWL,2017-03-31,2020-03-31,4,True,65368000,-1320000,95379000.0,-0.020193366784971238,2 - Small,Loss-making (<=0%),Analysis-ready
DSX,2016-12-31,2019-12-31,4,True,220728000,-10535000,1071280000.0,-0.04772842593599362,2 - Small,Loss-making (<=0%),Analysis-ready
DT,2017-03-31,2020-03-31,4,True,545803000,-418024000,,-0.765888058511954,3 - Mid,Loss-making (<=0%),Limited (zero/negative revenue or assets)
DTE,2016-12-31,2019-12-31,4,True,12669000000,1169000000,41882000000.0,0.09227247612281948,5 - Mega,Moderate (5-15%),Analysis-ready
DTIL,2016-12-31,2019-12-31,4,True,22238000,-92877000,235233000.0,-4.176499685223491,1 - Micro,Loss-making (<=0%),Analysis-ready
DUK,2016-12-31,2019-12-31,4,True,24658000000,3748000000,158838000000.0,0.15199935112336768,5 - Mega,High (>15%),Analysis-ready
DUOT,2016-12-31,2019-12-31,4,True,13641315,-2470882,5532300.0,-0.1811322442154587,1 - Micro,Loss-making (<=0%),Analysis-ready
DVA,2016-12-31,2019-12-31,4,True,11388479000,810981000,17311394000.0,0.07121065069356496,5 - Mega,Moderate (5-15%),Analysis-ready
DVAX,2016-12-31,2019-12-31,4,True,35219000,-152600000,279068000.0,-4.332888497685908,1 - Micro,Loss-making (<=0%),Analysis-ready
DVD,2016-12-31,2019-12-31,4,True,45963000,5500000,82466000.0,0.11966146683201706,1 - Micro,Moderate (5-15%),Analysis-ready
DVN,2016-12-31,2019-12-31,4,True,5969000000,-355000000,13717000000.0,-0.05947394873513151,5 - Mega,Loss-making (<=0%),Analysis-ready
DWSN,2016-12-31,2019-12-31,4,True,145773000,-15213000,127608000.0,-0.10436088987672615,2 - Small,Loss-making (<=0%),Analysis-ready
DX,2016-12-31,2019-12-31,4,True,-136703000,-152668000,5370604000.0,,Not meaningful (revenue <= 0),Not meaningful (revenue <= 0),Limited (zero/negative revenue or assets)
DXC,2017-03-31,2020-03-31,4,True,19577000000,-5369000000,26006000000.0,-0.2742503958727078,5 - Mega,Loss-making (<=0%),Analysis-ready
DXCM,2016-12-31,2019-12-31,4,True,1476000000,101100000,2395000000.0,0.0684959349593496,4 - Large,Moderate (5-15%),Analysis-ready
DXLG,2017-01-28,2020-02-01,4,True,474038000,-7796000,390917000.0,-0.016445938933165694,3 - Mid,Loss-making (<=0%),Analysis-ready
DXPE,2016-12-31,2019-12-31,4,True,1267189000,36035000,788220000.0,0.028436957707177066,4 - Large,Low (0-5%),Analysis-ready
DXR,2016-12-31,2019-12-31,4,True,380141,-495697,14201069.0,-1.3039819435420015,1 - Micro,Loss-making (<=0%),Analysis-ready
DXYN,2016-12-31,2019-12-28,4,True,374582000,15271000,247659000.0,0.04076810951941097,3 - Mid,Low (0-5%),Analysis-ready
DY,2017-07-29,2020-01-25,4,True,3339682000,57215000,2217631000.0,0.017131870639180615,5 - Mega,Low (0-5%),Analysis-ready
DYAI,2016-12-31,2019-12-31,4,True,1681076,-8307965,37452496.0,-4.942051995269696,1 - Micro,Loss-making (<=0%),Analysis-ready
DYNT,2016-06-30,2019-06-30,4,True,62565117,-921722,39631945.0,-0.014732202930268634,2 - Small,Loss-making (<=0%),Analysis-ready
DZSI,2016-12-31,2019-12-31,4,True,306882000,-13457000,246147000.0,-0.04385073089982469,3 - Mid,Loss-making (<=0%),Analysis-ready
EA,2017-03-31,2020-03-31,4,True,5537000000,3039000000,11112000000.0,0.5488531695864186,5 - Mega,High (>15%),Analysis-ready
EAF,2016-12-31,2019-12-31,4,True,1790793000,744602000,1526164000.0,0.415794566987921,4 - Large,High (>15%),Analysis-ready
EARN,2016-12-31,2019-12-31,4,True,-12967000,22256000,1489109000.0,,Not meaningful (revenue <= 0),Not meaningful (revenue <= 0),Limited (zero/negative revenue or assets)
EAST,2016-12-31,2019-12-31,4,True,15596624,-16908104,35865863.0,-1.084087428151118,1 - Micro,Loss-making (<=0%),Analysis-ready
EAT,2016-06-29,2019-06-26,4,True,3217900000,154900000,1258300000.0,0.0481369837471643,5 - Mega,Low (0-5%),Analysis-ready
EB,2016-12-31,2019-12-31,4,True,326801000,-68760000,808015000.0,-0.2104032729398013,3 - Mid,Loss-making (<=0%),Analysis-ready
EBAY,2016-12-31,2019-12-31,4,True,10800000000,1786000000,18174000000.0,0.16537037037037036,5 - Mega,High (>15%),Analysis-ready
EBF,2017-02-28,2020-02-29,4,True,438412000,38292000,365699000.0,0.08734249974909446,3 - Mid,Moderate (5-15%),Analysis-ready
EBIX,2016-12-31,2019-12-31,4,True,580615000,96720000,1591619000.0,0.16658198634206833,3 - Mid,High (>15%),Analysis-ready
EBMT,2016-12-31,2019-12-31,4,True,59999000,10872000,1054260000.0,0.18120302005033417,2 - Small,High (>15%),Analysis-ready
EBS,2016-12-31,2019-12-31,4,True,1106000000,54500000,2327300000.0,0.049276672694394216,4 - Large,Low (0-5%),Analysis-ready
EBSB,2016-12-31,2019-12-31,4,True,188760000,66996000,6343694000.0,0.3549268912905277,2 - Small,High (>15%),Analysis-ready
EBTC,2016-12-31,2019-12-31,4,True,130996000,34200000,3235049000.0,0.261076674096919,2 - Small,High (>15%),Analysis-ready
ECC,2016-12-31,2019-12-31,4,True,66439991,-8691834,474763713.0,-0.1308223235611215,2 - Small,Loss-making (<=0%),Analysis-ready
ECF,2016-09-30,2019-09-30,4,True,4237846,12698994,178958488.0,2.996568067834461,1 - Micro,High (>15%),Analysis-ready
ECHO,2016-12-31,2019-12-31,4,True,2184977000,14846000,826666000.0,0.006794579531043119,4 - Large,Low (0-5%),Analysis-ready
ECL,2016-12-31,2019-12-31,4,True,14906300000,1558900000,20869100000.0,0.10457994270878757,5 - Mega,Moderate (5-15%),Analysis-ready
ECOL,2016-12-31,2019-12-31,4,True,685509000,33140000,2231244000.0,0.048343639543755076,3 - Mid,Low (0-5%),Analysis-ready
ECOM,2016-12-31,2019-12-31,4,True,129959000,3482000,146867000.0,0.02679306550527474,2 - Small,Low (0-5%),Analysis-ready
ECOR,2016-12-31,2019-12-31,4,True,2390279,-45147883,35461679.0,-18.88812268358631,1 - Micro,Loss-making (<=0%),Analysis-ready
ECPG,2016-12-31,2019-12-31,4,True,1405789000,167869000,4909950000.0,0.11941265723376694,4 - Large,Moderate (5-15%),Analysis-ready
ECT,2016-12-31,2019-12-31,4,True,4145585,2500668,18553252.0,0.6032123331206573,1 - Micro,High (>15%),Analysis-ready
ED,2016-12-31,2019-12-31,4,True,12574000000,1343000000,58079000000.0,0.10680769842532209,5 - Mega,Moderate (5-15%),Analysis-ready
EDIT,2016-12-31,2019-12-31,4,True,20531000,-133746000,508885000.0,-6.514344162485997,1 - Micro,Loss-making (<=0%),Analysis-ready
EDRY,2016-12-31,2019-12-31,4,True,27241462,16497,117688922.0,0.0006055842377329087,1 - Micro,Low (0-5%),Analysis-ready
EDSA,2017-12-31,2019-09-30,3,False,547827,-3702311,5717764.0,-6.758175482405942,1 - Micro,Loss-making (<=0%),Analysis-ready
EDU,2016-05-31,2019-05-31,4,True,3096491000,238065000,4646559000.0,0.0768821869658268,4 - Large,Moderate (5-15%),Analysis-ready
EDUC,2017-02-28,2020-02-29,4,True,113011900,5645100,64702800.0,0.04995137680191201,2 - Small,Low (0-5%),Analysis-ready
EE,2016-12-31,2019-12-31,4,True,861994000,123037000,3813200000.0,0.14273533226449373,3 - Mid,Moderate (5-15%),Analysis-ready
EEA,2016-12-31,2019-12-31,4,True,2194838,16672963,85001003.0,7.596443564399742,1 - Micro,High (>15%),Analysis-ready
EEFT,2016-12-31,2019-12-31,4,True,2750109000,346749000,4657666000.0,0.1260855478819203,4 - Large,Moderate (5-15%),Analysis-ready
EEX,2016-12-31,2019-12-31,4,True,360900000,-50000000,1471700000.0,-0.13854253255749516,3 - Mid,Loss-making (<=0%),Analysis-ready
EFC,2016-12-31,2019-12-31,4,True,89681000,57933000,4338217000.0,0.645989674512996,2 - Small,High (>15%),Analysis-ready
EFOI,2016-12-31,2019-12-31,4,True,12705000,-7373000,11739000.0,-0.5803227075954349,1 - Micro,Loss-making (<=0%),Analysis-ready
EFSC,2016-12-31,2019-12-31,4,True,281521000,92739000,7333791000.0,0.32942125099015707,3 - Mid,High (>15%),Analysis-ready
EFT,2016-05-31,2019-05-31,4,True,53955357,19006960,945715559.0,0.35227197180810055,2 - Small,High (>15%),Analysis-ready
EFX,2016-12-31,2019-12-31,4,True,3507600000,-398800000,7909000000.0,-0.11369597445546813,5 - Mega,Loss-making (<=0%),Analysis-ready
EGAN,2016-06-30,2019-06-30,4,True,67232000,4168000,73754000.0,0.06199428843407901,2 - Small,Moderate (5-15%),Analysis-ready
EGBN,2016-12-31,2019-12-31,4,True,336653000,142943000,8988719000.0,0.4246004045708786,3 - Mid,High (>15%),Analysis-ready
EGHT,2017-03-31,2020-03-31,4,True,446237000,-172368000,700641000.0,-0.38627007621510545,3 - Mid,Loss-making (<=0%),Analysis-ready
EGLE,2016-12-31,2019-12-31,4,True,292377638,-21697115,1002087136.0,-0.07420921500159325,3 - Mid,Loss-making (<=0%),Analysis-ready
EGO,2016-12-31,2019-12-31,4,True,617823000,80586000,4648920000.0,0.1304354159686512,3 - Mid,Moderate (5-15%),Analysis-ready
EGOV,2016-12-31,2019-12-31,4,True,354205000,50430000,362359000.0,0.14237517821600484,3 - Mid,Moderate (5-15%),Analysis-ready
EGP,2016-12-31,2019-12-31,4,True,330813000,121662000,2546078000.0,0.3677666838969448,3 - Mid,High (>15%),Analysis-ready
EGRX,2016-12-31,2019-12-31,4,True,195892000,14313000,254554000.0,0.073065770935005,2 - Small,Moderate (5-15%),Analysis-ready
EGY,2016-12-31,2019-12-31,4,True,84521000,2563000,211537000.0,0.030323824848262564,2 - Small,Low (0-5%),Analysis-ready
EHC,2016-12-31,2019-12-31,4,True,4605000000,358700000,6080700000.0,0.07789359391965255,5 - Mega,Moderate (5-15%),Analysis-ready
EHTH,2016-12-31,2019-12-31,4,True,506201000,66887000,741634000.0,0.132135258523788,3 - Mid,Moderate (5-15%),Analysis-ready
EIDX,2016-12-31,2019-12-31,4,True,26691000,-37835000,203820000.0,-1.4175190138998164,1 - Micro,Loss-making (<=0%),Analysis-ready
EIG,2016-12-31,2019-12-31,4,True,835900000,157100000,4004100000.0,0.18794114128484268,3 - Mid,High (>15%),Analysis-ready
EIGI,2016-12-31,2019-12-31,4,True,1113278000,-12347000,2584086000.0,-0.011090670973467543,4 - Large,Loss-making (<=0%),Analysis-ready
EIGR,2016-12-31,2019-12-31,4,True,0,-70252000,105139000.0,,Not meaningful (revenue <= 0),Not meaningful (revenue <= 0),Limited (zero/negative revenue or assets)
EIX,2016-12-31,2019-12-31,4,True,12347000000,1284000000,64382000000.0,0.1039928727626144,5 - Mega,Moderate (5-15%),Analysis-ready
EKSO,2016-12-31,2019-12-31,4,True,13917000,-12132000,21915000.0,-0.8717395990515198,1 - Micro,Loss-making (<=0%),Analysis-ready
EL,2016-06-30,2019-06-30,4,True,14863000000,1785000000,13156000000.0,0.12009688488192155,5 - Mega,Moderate (5-15%),Analysis-ready
ELA,2016-12-31,2019-12-31,4,True,82024497,2780713,27003394.0,0.033901006427384736,2 - Small,Low (0-5%),Analysis-ready
ELAN,2016-12-31,2019-12-31,4,True,3071000000,67900000,8985800000.0,0.022110061869098013,4 - Large,Low (0-5%),Analysis-ready
ELF,2017-12-31,2020-03-31,4,True,282851000,17884000,453104000.0,0.06322763575168551,3 - Mid,Moderate (5-15%),Analysis-ready
ELGX,2016-12-31,2019-12-31,4,True,143370000,-64757000,307164000.0,-0.45167747785450235,2 - Small,Loss-making (<=0%),Analysis-ready
ELMD,2016-06-30,2019-06-30,4,True,31299750,1969218,29354188.0,0.06291481561354324,1 - Micro,Moderate (5-15%),Analysis-ready
ELOX,2016-12-31,2019-12-31,4,True,0,-50874000,58947000.0,,Not meaningful (revenue <= 0),Not meaningful (revenue <= 0),Limited (zero/negative revenue or assets)
ELS,2016-12-31,2019-12-31,4,True,1046011000,279139000,4151275000.0,0.266860482346744,4 - Large,High (>15%),Analysis-ready
ELSE,2016-12-31,2019-12-31,4,True,8258000,187000,13475000.0,0.022644708161782514,1 - Micro,Low (0-5%),Analysis-ready
ELTK,2016-12-31,2019-12-31,4,True,34794000,1793000,22829000.0,0.051531873311490485,1 - Micro,Moderate (5-15%),Analysis-ready
ELVT,2016-12-31,2019-12-31,4,True,746962000,32183000,783587000.0,0.043085190411292676,3 - Mid,Low (0-5%),Analysis-ready
ELY,2016-12-31,2019-12-31,4,True,1701063000,79408000,1960548000.0,0.046681398631326414,4 - Large,Low (0-5%),Analysis-ready
EMAN,2016-12-31,2019-12-31,4,True,26726000,-4298000,29587000.0,-0.1608171817705605,1 - Micro,Loss-making (<=0%),Analysis-ready
EMCF,2016-12-31,2019-12-31,4,True,31738000,7954000,915296000.0,0.25061440544457747,1 - Micro,High (>15%),Analysis-ready
EMD,2016-12-31,2019-12-31,4,True,93812393,137861559,1346049722.0,1.469545276390082,2 - Small,High (>15%),Analysis-ready
EME,2016-12-31,2019-12-31,4,True,9174611000,325140000,4830358000.0,0.03543910472062521,5 - Mega,Low (0-5%),Analysis-ready
EMKR,2016-09-30,2019-09-30,4,True,87265000,-35984000,109562000.0,-0.41235317710422276,2 - Small,Loss-making (<=0%),Analysis-ready
EML,2016-12-31,2019-12-28,4,True,251742619,13266142,280662976.0,0.05269724313148581,2 - Small,Moderate (5-15%),Analysis-ready
EMN,2016-12-31,2019-12-31,4,True,9273000000,759000000,16008000000.0,0.08185053380782918,5 - Mega,Moderate (5-15%),Analysis-ready
EMR,2016-09-30,2019-09-30,4,True,18372000000,2306000000,20497000000.0,0.12551709122577837,5 - Mega,Moderate (5-15%),Analysis-ready
ENBL,2016-12-31,2019-12-31,4,True,2960000000,396000000,12266000000.0,0.13378378378378378,4 - Large,Moderate (5-15%),Analysis-ready
ENDP,2016-12-31,2019-12-31,4,True,2914364000,-422636000,9389527000.0,-0.14501826127415793,4 - Large,Loss-making (<=0%),Analysis-ready
ENG,2016-12-31,2019-12-28,4,True,56446000,-1466000,28686000.0,-0.025971725188675902,2 - Small,Loss-making (<=0%),Analysis-ready
ENIA,2016-12-31,2019-12-31,4,True,13823732000,1614085000,29776384000.0,0.11676188456199817,5 - Mega,Moderate (5-15%),Analysis-ready
ENLC,2016-12-31,2019-12-31,4,True,6038500000,-1119300000,9335800000.0,-0.18536060279870828,5 - Mega,Loss-making (<=0%),Analysis-ready
ENLV,2016-12-31,2019-12-31,4,True,0,-9384000,17560000.0,,Not meaningful (revenue <= 0),Not meaningful (revenue <= 0),Limited (zero/negative revenue or assets)
ENPH,2016-12-31,2019-12-31,4,True,624333000,161148000,713223000.0,0.25811225740109844,3 - Mid,High (>15%),Analysis-ready
ENR,2016-09-30,2019-09-30,4,True,2494500000,51100000,5449600000.0,0.020485067147724995,4 - Large,Low (0-5%),Analysis-ready
ENS,2017-03-31,2020-03-31,4,True,3087868000,137116000,3301698000.0,0.04440474787134683,4 - Large,Low (0-5%),Analysis-ready
ENSG,2016-12-31,2019-12-31,4,True,2036524000,110534000,2361909000.0,0.05427581506527789,4 - Large,Moderate (5-15%),Analysis-ready
ENSV,2016-12-31,2019-12-31,4,True,43026000,-7652000,42976000.0,-0.17784595360944544,1 - Micro,Loss-making (<=0%),Analysis-ready
ENT,2016-12-31,2019-12-31,4,True,656877000,-153443000,668580000.0,-0.23359472169066658,3 - Mid,Loss-making (<=0%),Analysis-ready
ENTA,2016-09-30,2019-09-30,4,True,205197000,46383000,489829000.0,0.22604131639351452,2 - Small,High (>15%),Analysis-ready
ENTG,2016-12-31,2019-12-31,4,True,1591066000,254860000,2516086000.0,0.16018191577219298,4 - Large,High (>15%),Analysis-ready
ENTX,2016-12-31,2019-12-31,4,True,236000,-10795000,16703000.0,-45.74152542372882,1 - Micro,Loss-making (<=0%),Analysis-ready
ENV,2016-12-31,2019-12-31,4,True,900127000,-16782000,1801884000.0,-0.0186440357860613,4 - Large,Loss-making (<=0%),Analysis-ready
ENVA,2016-12-31,2019-12-31,4,True,1099153000,36612000,1574352000.0,0.03330928451271115,4 - Large,Low (0-5%),Analysis-ready
ENX,2016-09-30,2019-09-30,4,True,14085942,22075558,399836427.0,1.5672049480254853,1 - Micro,High (>15%),Analysis-ready
ENZ,2016-07-31,2019-07-31,4,True,81170000,2489000,106640000.0,0.030664038437846496,2 - Small,Low (0-5%),Analysis-ready
EOG,2016-12-31,2019-12-31,4,True,17076085000,2734910000,37124608000.0,0.16016024750403854,5 - Mega,High (>15%),Analysis-ready
EOLS,2016-12-31,2019-12-31,4,True,34925000,-90034000,240442000.0,-2.5779241231209733,1 - Micro,Loss-making (<=0%),Analysis-ready
EOS,2016-12-31,2019-12-31,4,True,7480604,192772276,871337970.0,25.769613790544184,1 - Micro,High (>15%),Analysis-ready
EPAC,2016-08-31,2019-08-31,4,True,654758000,-249145000,1124274000.0,-0.3805146328872652,3 - Mid,Loss-making (<=0%),Analysis-ready
EPAM,2016-12-31,2019-12-31,4,True,2293798000,261057000,2244208000.0,0.11380993444060898,4 - Large,Moderate (5-15%),Analysis-ready
EPAY,2016-06-30,2019-06-30,4,True,421962000,9432000,669229000.0,0.022352723704978174,3 - Mid,Low (0-5%),Analysis-ready
EPC,2016-09-30,2019-09-30,4,True,2141000000,-372200000,3420900000.0,-0.17384399813171414,4 - Large,Loss-making (<=0%),Analysis-ready
EPD,2016-12-31,2019-12-31,4,True,32789200000,4591300000,61733200000.0,0.14002476425164384,5 - Mega,Moderate (5-15%),Analysis-ready
EPM,2016-06-30,2019-06-30,4,True,43229621,15377066,95761844.0,0.355706703975036,1 - Micro,High (>15%),Analysis-ready
EPR,2016-12-31,2019-12-31,4,True,649587000,202243000,6577511000.0,0.311340898139895,3 - Mid,High (>15%),Analysis-ready
EPRT,2016-12-31,2019-12-31,4,True,139357000,41844000,1975447000.0,0.30026478756000774,2 - Small,High (>15%),Analysis-ready
EPZM,2016-12-31,2019-12-31,4,True,23800000,-170295000,424589000.0,-7.155252100840336,1 - Micro,Loss-making (<=0%),Analysis-ready
EQ,2017-12-31,2019-12-31,3,False,0,-25600000,55539000.0,,Not meaningful (revenue <= 0),Not meaningful (revenue <= 0),Limited (zero/negative revenue or assets)
EQBK,2016-12-31,2019-12-31,4,True,132511000,25579000,3949578000.0,0.19303303122004967,2 - Small,High (>15%),Analysis-ready
EQC,2016-12-31,2019-12-31,4,True,127850000,492680000,3319377000.0,3.853578412201799,2 - Small,High (>15%),Analysis-ready
EQH,2016-12-31,2019-12-31,4,True,9591000000,-1733000000,249870000000.0,-0.18069023042435617,5 - Mega,Loss-making (<=0%),Analysis-ready
EQIX,2016-12-31,2019-12-31,4,True,5483176000,507450000,23965615000.0,0.09254672839244993,5 - Mega,Moderate (5-15%),Analysis-ready
EQM,2016-12-31,2019-12-31,4,True,1630242000,109392000,11815019000.0,0.0671016941043109,4 - Large,Moderate (5-15%),Analysis-ready
EQNR,2016-12-31,2019-12-31,4,True,62911000000,1843000000,118063000000.0,0.029295353753715565,5 - Mega,Low (0-5%),Analysis-ready
EQR,2016-12-31,2019-12-31,4,True,2701075000,970377000,21172769000.0,0.35925585183676867,4 - Large,High (>15%),Analysis-ready
EQS,2016-12-31,2019-12-31,4,True,351000,2173000,75086000.0,6.1908831908831905,1 - Micro,High (>15%),Analysis-ready
EQT,2016-12-31,2019-12-31,4,True,3715349000,-1221695000,18809227000.0,-0.3288237524926999,5 - Mega,Loss-making (<=0%),Analysis-ready
ERA,2016-12-31,2019-12-31,4,True,226059000,-3593000,764515000.0,-0.015894080748831058,2 - Small,Loss-making (<=0%),Analysis-ready
ERI,2016-12-31,2019-12-31,4,True,2528249000,81001000,5640553000.0,0.032038379131169435,4 - Large,Low (0-5%),Analysis-ready
ERIE,2016-12-31,2019-12-31,4,True,2477298000,316821000,2016240000.0,0.1278897411615397,4 - Large,Moderate (5-15%),Analysis-ready
ERII,2016-12-31,2019-12-31,4,True,86942000,10913000,188774000.0,0.12552046191714017,2 - Small,Moderate (5-15%),Analysis-ready
EROS,2016-03-31,2019-03-31,4,True,270126000,-423867000,1088902000.0,-1.5691455098731704,3 - Mid,Loss-making (<=0%),Analysis-ready
ES,2016-12-31,2019-12-31,4,True,8526470000,909053000,41123915000.0,0.10661539886963772,5 - Mega,Moderate (5-15%),Analysis-ready
ESBK,2016-12-31,2019-12-31,4,True,20457000,3486000,606829000.0,0.17040621792051622,1 - Micro,High (>15%),Analysis-ready
ESCA,2016-12-31,2019-12-28,4,True,180541000,7258000,148779000.0,0.040201394697049427,2 - Small,Low (0-5%),Analysis-ready
ESE,2016-09-30,2019-09-30,4,True,812970000,81039000,1466720000.0,0.09968264511605594,3 - Mid,Moderate (5-15%),Analysis-ready
ESEA,2016-12-31,2019-12-31,4,True,40023679,-1682671,126861692.0,-0.04204188725379294,1 - Micro,Loss-making (<=0%),Analysis-ready
ESGR,2016-12-31,2019-12-31,4,True,2573111000,938089000,19363315000.0,0.36457385631634237,4 - Large,High (>15%),Analysis-ready
ESI,2016-12-31,2019-12-31,4,True,1835900000,92200000,4324400000.0,0.05022060025055831,4 - Large,Moderate (5-15%),Analysis-ready
ESLT,2016-12-31,2019-12-31,4,True,4508400000,227857000,7335358000.0,0.05054054653535622,5 - Mega,Moderate (5-15%),Analysis-ready
ESNT,2016-12-31,2019-12-31,4,True,867567000,555713000,3873425000.0,0.6405418832205466,3 - Mid,High (>15%),Analysis-ready
ESP,2016-06-30,2019-06-30,4,True,36477851,2342694,35687513.0,0.06422236880127614,1 - Micro,Moderate (5-15%),Analysis-ready
ESPR,2016-12-31,2019-12-31,4,True,148364000,-97165000,214447000.0,-0.6549095467903265,2 - Small,Loss-making (<=0%),Analysis-ready
ESQ,2016-12-31,2019-12-31,4,True,44072000,14143000,798008000.0,0.3209066981303322,1 - Micro,High (>15%),Analysis-ready
ESRT,2016-12-31,2019-12-31,4,True,726991000,51188000,3931834000.0,0.07041077537411054,3 - Mid,Moderate (5-15%),Analysis-ready
ESS,2016-12-31,2019-12-31,4,True,1579375000,439286000,12705405000.0,0.27813913731697665,4 - Large,High (>15%),Analysis-ready
ESSA,2016-09-30,2019-09-30,4,True,53091000,12623000,1799427000.0,0.23776157917537813,2 - Small,High (>15%),Analysis-ready
ESTA,2016-12-31,2019-12-31,4,True,89565000,-38150000,116531000.0,-0.42594763579523254,2 - Small,Loss-making (<=0%),Analysis-ready
ESTC,2017-04-30,2020-04-30,4,True,427620000,-167174000,803911000.0,-0.39094055469809647,3 - Mid,Loss-making (<=0%),Analysis-ready
ESTE,2016-12-31,2019-12-31,4,True,191262000,719000,1125543000.0,0.0037592412502222084,2 - Small,Low (0-5%),Analysis-ready
ESXB,2016-12-31,2019-12-31,4,True,54866000,15705000,1430840000.0,0.2862428462071228,2 - Small,High (>15%),Analysis-ready
ET,2016-12-31,2019-12-31,4,True,54213000000,3588000000,98880000000.0,0.06618338774832605,5 - Mega,Moderate (5-15%),Analysis-ready
ETB,2016-12-31,2019-12-31,4,True,8262739,66831514,413437051.0,8.08830025975648,1 - Micro,High (>15%),Analysis-ready
ETFC,2016-12-31,2019-12-31,4,True,2937000000,955000000,61416000000.0,0.3251617296561117,4 - Large,High (>15%),Analysis-ready
ETG,2016-10-31,2019-10-31,4,True,121579607,151863894,1773218312.0,1.2490901866461865,2 - Small,High (>15%),Analysis-ready
ETH,2016-06-30,2019-06-30,4,True,746684000,25698000,510351000.0,0.034416165339018916,3 - Mid,Low (0-5%),Analysis-ready
ETM,2016-12-31,2019-12-31,4,True,1489929000,-420212000,3643678000.0,-0.28203491575773076,4 - Large,Loss-making (<=0%),Analysis-ready
ETN,2016-12-31,2019-12-31,4,True,21390000000,2211000000,32805000000.0,0.10336605890603086,5 - Mega,Moderate (5-15%),Analysis-ready
ETNB,2018-12-31,2019-12-31,2,False,0,-57420000,95553000.0,,Not meaningful (revenue <= 0),Not meaningful (revenue <= 0),Limited (zero/negative revenue or assets)
ETON,2017-12-31,2019-12-31,3,False,959000,-18320000,17072000.0,-19.103232533889468,1 - Micro,Loss-making (<=0%),Analysis-ready
ETR,2016-12-31,2019-12-31,4,True,10878673000,1241226000,51723912000.0,0.11409718814050206,5 - Mega,Moderate (5-15%),Analysis-ready
ETRN,2016-12-31,2019-12-31,4,True,1630242000,-203743000,12041709000.0,-0.12497715063162401,4 - Large,Loss-making (<=0%),Analysis-ready
ETSY,2016-12-31,2019-12-31,4,True,818379000,95894000,1542352000.0,0.11717553847300578,3 - Mid,Moderate (5-15%),Analysis-ready
ETTX,2016-12-31,2019-12-31,4,True,7000000,-43850000,51034000.0,-6.264285714285714,1 - Micro,Loss-making (<=0%),Analysis-ready
ETV,2016-12-31,2019-12-31,4,True,19374683,208855192,1297788049.0,10.779799184327299,1 - Micro,High (>15%),Analysis-ready
ETW,2016-12-31,2019-12-31,4,True,25887621,178368499,1145980768.0,6.8901077854933055,1 - Micro,High (>15%),Analysis-ready
ETY,2016-10-31,2019-10-31,4,True,33869702,153364601,1810462531.0,4.528076479680866,1 - Micro,High (>15%),Analysis-ready
EURN,2016-12-31,2019-12-31,4,True,932377000,112230000,4164843000.0,0.12036976459093264,4 - Large,Moderate (5-15%),Analysis-ready
EV,2016-10-31,2019-10-31,4,True,1683252000,400035000,4253629000.0,0.23765603724219547,4 - Large,High (>15%),Analysis-ready
EVA,2016-12-31,2019-12-31,4,True,684393000,-2943000,994818000.0,-0.004300160872481162,3 - Mid,Loss-making (<=0%),Analysis-ready
EVBG,2016-12-31,2019-12-31,4,True,200882000,-52250000,837296000.0,-0.26010294600810424,2 - Small,Loss-making (<=0%),Analysis-ready
EVBN,2016-12-31,2019-12-31,4,True,69947000,17014000,1460230000.0,0.24324131127853946,2 - Small,High (>15%),Analysis-ready
EVC,2016-12-31,2019-12-31,4,True,273575000,-19712000,656200000.0,-0.0720533674495111,3 - Mid,Loss-making (<=0%),Analysis-ready
EVER,2016-12-31,2019-12-31,4,True,248811000,-7117000,91221000.0,-0.028604040818131032,2 - Small,Loss-making (<=0%),Analysis-ready
EVFM,2016-12-31,2019-12-31,4,True,0,-80033000,28295000.0,,Not meaningful (revenue <= 0),Not meaningful (revenue <= 0),Limited (zero/negative revenue or assets)
EVG,2016-10-31,2019-10-31,4,True,19773266,10957308,354262682.0,0.5541476051553649,1 - Micro,High (>15%),Analysis-ready
EVGN,2016-12-31,2019-12-31,4,True,753000,-18112000,71364000.0,-24.0531208499336,1 - Micro,Loss-making (<=0%),Analysis-ready
EVH,2016-12-31,2019-12-31,4,True,846383000,-301971000,1498015000.0,-0.3567781961594219,3 - Mid,Loss-making (<=0%),Analysis-ready
EVI,2016-06-30,2019-06-30,4,True,228318000,3743000,154485000.0,0.01639380162755455,2 - Small,Low (0-5%),Analysis-ready
EVK,2016-12-31,2019-12-31,4,True,383101000,1270000,301671000.0,0.003315052688455525,3 - Mid,Low (0-5%),Analysis-ready
EVLO,2016-12-31,2019-12-31,4,True,0,-85472000,90920000.0,,Not meaningful (revenue <= 0),Not meaningful (revenue <= 0),Limited (zero/negative revenue or assets)
EVN,2016-11-30,2019-11-30,4,True,32461015,61532942,867495780.0,1.8955951315755222,1 - Micro,High (>15%),Analysis-ready
EVOK,2016-12-31,2019-12-31,4,True,0,-7125655,6395628.0,,Not meaningful (revenue <= 0),Not meaningful (revenue <= 0),Limited (zero/negative revenue or assets)
EVOL,2016-12-31,2019-12-31,4,True,25750000,-9695000,19812000.0,-0.37650485436893205,1 - Micro,Loss-making (<=0%),Analysis-ready
EVOP,2016-12-31,2019-12-31,4,True,485778000,-10105000,1706404000.0,-0.020801683073338028,3 - Mid,Loss-making (<=0%),Analysis-ready
EVR,2016-12-31,2019-12-31,4,True,2008698000,297436000,2598613000.0,0.14807402606066217,4 - Large,Moderate (5-15%),Analysis-ready
EVRG,2016-12-31,2019-12-31,4,True,5147800000,669900000,25975900000.0,0.1301332608104433,5 - Mega,Moderate (5-15%),Analysis-ready
EVRI,2016-12-31,2019-12-31,4,True,533227000,16517000,1629223000.0,0.030975550750430868,3 - Mid,Low (0-5%),Analysis-ready
EVSI,2016-12-31,2019-12-31,4,True,5111545,-3933922,7286999.0,-0.7696150576782558,1 - Micro,Loss-making (<=0%),Analysis-ready
EVT,2016-08-31,2019-10-31,4,True,74927611,251478896,2238753144.0,3.356291394369961,2 - Small,High (>15%),Analysis-ready
EVTC,2016-12-31,2019-12-31,4,True,487374000,103469000,1011676000.0,0.2122989736834546,3 - Mid,High (>15%),Analysis-ready
EW,2016-12-31,2019-12-31,4,True,4348000000,1046900000,6488100000.0,0.2407773689052438,5 - Mega,High (>15%),Analysis-ready
EWBC,2016-12-31,2019-12-31,4,True,1492990000,674035000,44196096000.0,0.451466520204422,4 - Large,High (>15%),Analysis-ready
EXAS,2016-12-31,2019-12-31,4,True,876293000,-83993000,3505768000.0,-0.09585036055292008,3 - Mid,Loss-making (<=0%),Analysis-ready
EXC,2016-12-31,2019-12-31,4,True,34438000000,2936000000,124977000000.0,0.08525466054939311,5 - Mega,Moderate (5-15%),Analysis-ready
EXEL,2016-12-31,2019-12-31,4,True,967775000,321012000,1885670000.0,0.33170106688021495,4 - Large,High (>15%),Analysis-ready
EXFO,2016-08-31,2019-08-31,4,True,286890000,-2480000,277602000.0,-0.008644428178047335,3 - Mid,Loss-making (<=0%),Analysis-ready
EXK,2016-12-31,2019-12-31,4,True,121724000,-48066000,163713000.0,-0.3948769347047419,2 - Small,Loss-making (<=0%),Analysis-ready
EXLS,2016-12-31,2019-12-31,4,True,991346000,67659000,1183088000.0,0.06824963231808066,4 - Large,Moderate (5-15%),Analysis-ready
EXP,2017-03-31,2020-03-31,4,True,1450814000,70894000,2961020000.0,0.04886498200320648,4 - Large,Low (0-5%),Analysis-ready
EXPD,2016-12-31,2019-12-31,4,True,8175426000,590395000,3691884000.0,0.07221580869302713,5 - Mega,Moderate (5-15%),Analysis-ready
EXPE,2016-12-31,2019-12-31,4,True,12067000000,565000000,21416000000.0,0.04682191099693379,5 - Mega,Low (0-5%),Analysis-ready
EXPI,2016-12-31,2019-12-31,4,True,979937241,-9527714,96452379.0,-0.009722779787690506,4 - Large,Loss-making (<=0%),Analysis-ready
EXPO,2016-12-30,2020-01-03,4,True,391390000,82460000,563411000.0,0.21068499450675796,3 - Mid,High (>15%),Analysis-ready
EXPR,2017-01-28,2020-02-01,4,True,2019194000,-164358000,1790739000.0,-0.08139782507277657,4 - Large,Loss-making (<=0%),Analysis-ready
EXR,2016-12-31,2019-12-31,4,True,1319728000,419967000,8532377000.0,0.3182223912806275,4 - Large,High (>15%),Analysis-ready
EXTN,2016-12-31,2019-12-31,4,True,1317440000,-102377000,1418004000.0,-0.07770904177799369,4 - Large,Loss-making (<=0%),Analysis-ready
EXTR,2016-06-30,2019-06-30,4,True,995789000,-25853000,756874000.0,-0.02596232736051513,4 - Large,Loss-making (<=0%),Analysis-ready
EYE,2016-12-31,2019-12-28,4,True,1724331000,32798000,2032725000.0,0.01902071006088738,4 - Large,Low (0-5%),Analysis-ready
EYEG,2016-12-31,2019-12-31,4,True,2686000,-7096696,10112514.0,-2.6421057334326137,1 - Micro,Loss-making (<=0%),Analysis-ready
EYEN,2016-12-31,2019-12-31,4,True,0,-21156758,14697619.0,,Not meaningful (revenue <= 0),Not meaningful (revenue <= 0),Limited (zero/negative revenue or assets)
EYES,2016-12-31,2019-12-31,4,True,3379000,-33592000,16599000.0,-9.941402781888133,1 - Micro,Loss-making (<=0%),Analysis-ready
EYPT,2017-06-30,2019-12-31,4,True,20365000,-56793000,72971000.0,-2.7887552172845567,1 - Micro,Loss-making (<=0%),Analysis-ready
EZPW,2016-09-30,2019-09-30,4,True,847229000,2541000,1083702000.0,0.0029991891212411284,3 - Mid,Low (0-5%),Analysis-ready
F,2016-12-31,2019-12-31,4,True,155900000000,47000000,258537000000.0,0.00030147530468248876,5 - Mega,Low (0-5%),Analysis-ready
FAF,2016-12-31,2019-12-31,4,True,6202061000,707410000,11519167000.0,0.1140604711885291,5 - Mega,Moderate (5-15%),Analysis-ready
FANG,2016-12-31,2019-12-31,4,True,3767000000,240000000,23531000000.0,0.06371117600212371,5 - Mega,Moderate (5-15%),Analysis-ready
FARM,2016-06-30,2019-06-30,4,True,595942000,-73595000,424610000.0,-0.12349356145396699,3 - Mid,Loss-making (<=0%),Analysis-ready
FARO,2016-12-31,2019-12-31,4,True,381765000,-62147000,486842000.0,-0.16278862651107356,3 - Mid,Loss-making (<=0%),Analysis-ready
FAST,2016-12-31,2019-12-31,4,True,5333700000,790900000,3799900000.0,0.148283555505559,5 - Mega,Moderate (5-15%),Analysis-ready
FAT,2016-12-25,2019-12-29,4,True,22505000,-1018000,,-0.04523439235725395,1 - Micro,Loss-making (<=0%),Limited (zero/negative revenue or assets)
FATE,2016-12-31,2019-12-31,4,True,10680000,-98149000,302274000.0,-9.18998127340824,1 - Micro,Loss-making (<=0%),Analysis-ready
FB,2016-12-31,2019-12-31,4,True,70697000000,18485000000,133376000000.0,0.2614679547929898,5 - Mega,High (>15%),Analysis-ready
FBC,2016-12-31,2019-12-31,4,True,1129000000,218000000,23266000000.0,0.19309123117803365,4 - Large,High (>15%),Analysis-ready
FBHS,2016-12-31,2019-12-31,4,True,5764600000,431900000,6291300000.0,0.07492280470457621,5 - Mega,Moderate (5-15%),Analysis-ready
FBIO,2016-12-31,2019-12-31,4,True,36629000,-39960000,226422000.0,-1.090938873570122,1 - Micro,Loss-making (<=0%),Analysis-ready
FBIZ,2016-12-31,2019-12-31,4,True,87100000,23324000,2096779000.0,0.2677841561423651,2 - Small,High (>15%),Analysis-ready
FBK,2016-12-31,2019-12-31,4,True,354380000,83814000,6124921000.0,0.23650883232688075,3 - Mid,High (>15%),Analysis-ready
FBM,2016-12-31,2019-12-31,4,True,2154530000,40239000,1411757000.0,0.01867646308011492,4 - Large,Low (0-5%),Analysis-ready
FBMS,2016-12-31,2019-12-31,4,True,145015000,43745000,3941863000.0,0.30165844912595247,2 - Small,High (>15%),Analysis-ready
FBNC,2016-12-31,2019-12-31,4,True,273639000,92046000,6143639000.0,0.3363774900507603,3 - Mid,High (>15%),Analysis-ready
FBP,2016-12-31,2019-12-31,4,True,610421000,167377000,12611266000.0,0.27419928213478895,3 - Mid,High (>15%),Analysis-ready
FBSS,2016-12-31,2019-12-31,4,True,30278000,6820000,722171000.0,0.2252460532399762,1 - Micro,High (>15%),Analysis-ready
FC,2016-08-31,2019-08-31,4,True,225356000,-1023000,224913000.0,-0.004539484193897656,2 - Small,Loss-making (<=0%),Analysis-ready
FCAP,2016-12-31,2019-12-31,4,True,35595000,10325000,827496000.0,0.29006882989183874,1 - Micro,High (>15%),Analysis-ready
FCBC,2016-12-31,2019-12-31,4,True,112564000,38802000,2798847000.0,0.3447105646565509,2 - Small,High (>15%),Analysis-ready
FCBP,2016-12-31,2019-12-31,4,True,83162000,27848000,1690324000.0,0.33486448137370434,2 - Small,High (>15%),Analysis-ready
FCCO,2016-12-31,2019-12-31,4,True,48728000,10971000,1170279000.0,0.22514775898867181,1 - Micro,High (>15%),Analysis-ready
FCCY,2016-12-31,2019-12-31,4,True,54223000,13634000,1586262000.0,0.25144311454548807,2 - Small,High (>15%),Analysis-ready
FCEL,2016-10-31,2019-10-31,4,True,60752000,-77568000,333446000.0,-1.276797471688175,2 - Small,Loss-making (<=0%),Analysis-ready
FCF,2016-12-31,2019-12-31,4,True,339090000,105333000,8308773000.0,0.31063434486419533,3 - Mid,High (>15%),Analysis-ready
FCFS,2016-12-31,2019-12-31,4,True,1864439000,164618000,2439440000.0,0.0882935832172573,4 - Large,Moderate (5-15%),Analysis-ready
FCN,2016-12-31,2019-12-31,4,True,2352717000,216726000,2783142000.0,0.09211732647828022,4 - Large,Moderate (5-15%),Analysis-ready
FCNCA,2016-12-31,2019-12-31,4,True,1696011000,457371000,39824496000.0,0.2696745481013979,4 - Large,High (>15%),Analysis-ready
FCPT,2016-12-31,2019-12-31,4,True,160233000,72616000,1446070000.0,0.45319004200133556,2 - Small,High (>15%),Analysis-ready
FCT,2016-05-31,2019-05-31,4,True,29003546,10144454,565864785.0,0.3497659906826565,1 - Micro,High (>15%),Analysis-ready
FCX,2016-12-31,2019-12-31,4,True,14402000000,-239000000,40809000000.0,-0.016594917372587142,5 - Mega,Loss-making (<=0%),Analysis-ready
FDBC,2016-12-31,2019-12-31,4,True,40836000,11576000,1009927000.0,0.28347536487413066,1 - Micro,High (>15%),Analysis-ready
FDEF,2016-12-31,2019-12-31,4,True,157934000,49370000,3468992000.0,0.312598933731812,2 - Small,High (>15%),Analysis-ready
FDP,2016-12-30,2019-12-27,4,True,4489000000,66500000,3349900000.0,0.014813989752728893,5 - Mega,Low (0-5%),Analysis-ready
FDS,2016-08-31,2019-08-31,4,True,1435351000,352790000,1560130000.0,0.24578657067156395,4 - Large,High (>15%),Analysis-ready
FDUS,2016-12-31,2019-12-31,4,True,77106000,48466000,789439000.0,0.6285632765284155,2 - Small,High (>15%),Analysis-ready
FDX,2016-05-31,2019-05-31,4,True,69693000000,540000000,54403000000.0,0.007748267401317206,5 - Mega,Low (0-5%),Analysis-ready
FE,2016-12-31,2019-12-31,4,True,10844000000,912000000,42301000000.0,0.08410180745112504,5 - Mega,Moderate (5-15%),Analysis-ready
FEIM,2016-04-30,2019-04-30,4,True,49509000,-2529000,86771000.0,-0.05108162152335939,2 - Small,Loss-making (<=0%),Analysis-ready
FELE,2016-12-31,2019-12-31,4,True,1314578000,95483000,1194743000.0,0.07263395553554068,4 - Large,Moderate (5-15%),Analysis-ready
FEN,2016-11-30,2019-11-30,4,True,13696729,18547493,587289766.0,1.3541549226826346,1 - Micro,High (>15%),Analysis-ready
FENC,2016-12-31,2019-12-31,4,True,0,-12775000,14146000.0,,Not meaningful (revenue <= 0),Not meaningful (revenue <= 0),Limited (zero/negative revenue or assets)
FET,2016-12-31,2019-12-31,4,True,956533000,-567057000,1159997000.0,-0.5928253390107816,4 - Large,Loss-making (<=0%),Analysis-ready
FEYE,2016-12-31,2019-12-31,4,True,889152000,-257409000,2890486000.0,-0.2894994331677823,3 - Mid,Loss-making (<=0%),Analysis-ready
FF,2016-12-31,2019-12-31,4,True,205226000,88181000,586505000.0,0.4296775262393654,2 - Small,High (>15%),Analysis-ready
FFBC,2016-12-31,2019-12-31,4,True,582129000,198075000,14511625000.0,0.3402596331740903,3 - Mid,High (>15%),Analysis-ready
FFC,2016-11-30,2019-11-30,4,True,79675700,165170557,1357061980.0,2.073035530280876,2 - Small,High (>15%),Analysis-ready
FFG,2016-12-31,2019-12-31,4,True,774681000,126209000,10480206000.0,0.16291738147702087,3 - Mid,High (>15%),Analysis-ready
FFIC,2016-12-31,2019-12-31,4,True,168600000,41279000,7017776000.0,0.24483392645314353,2 - Small,High (>15%),Analysis-ready
FFIN,2016-12-31,2019-12-31,4,True,394553000,164812000,8262227000.0,0.4177182786596478,3 - Mid,High (>15%),Analysis-ready
FFIV,2016-09-30,2019-09-30,4,True,2242447000,427734000,3390275000.0,0.19074430744628523,4 - Large,High (>15%),Analysis-ready
FFNW,2016-12-31,2019-12-31,4,True,43349000,10369000,1341885000.0,0.23919813605850193,1 - Micro,High (>15%),Analysis-ready
FFWM,2016-12-31,2019-12-31,4,True,209093000,56239000,6314436000.0,0.2689664407703749,2 - Small,High (>15%),Analysis-ready
FG,2016-12-31,2019-12-31,4,True,2113000000,507000000,36714000000.0,0.2399432087079981,4 - Large,High (>15%),Analysis-ready
FGBI,2016-12-31,2019-12-31,4,True,65116000,14241000,2117216000.0,0.21870200872289453,2 - Small,High (>15%),Analysis-ready
FGEN,2016-12-31,2019-12-31,4,True,256577000,-76970000,857397000.0,-0.29998791785701756,2 - Small,Loss-making (<=0%),Analysis-ready
FHB,2016-12-31,2019-12-31,4,True,752135000,284392000,20166734000.0,0.37811297174044556,3 - Mid,High (>15%),Analysis-ready
FHI,2016-12-31,2019-12-31,4,True,1326894000,272339000,1880131000.0,0.2052454830604404,4 - Large,High (>15%),Analysis-ready
FHN,2016-12-31,2019-12-31,4,True,1815400000,440908000,43310900000.0,0.24287099261870662,4 - Large,High (>15%),Analysis-ready
FI,2016-12-31,2019-12-31,4,True,579920000,-235329000,994165000.0,-0.4057956269830321,3 - Mid,Loss-making (<=0%),Analysis-ready
FIBK,2016-12-31,2019-12-31,4,True,631000000,181000000,14644200000.0,0.2868462757527734,3 - Mid,High (>15%),Analysis-ready
FICO,2016-09-30,2019-09-30,4,True,1160083000,192124000,1433448000.0,0.16561228808628348,4 - Large,High (>15%),Analysis-ready
FIS,2016-12-31,2019-12-31,4,True,10333000000,298000000,83806000000.0,0.028839639988386723,5 - Mega,Low (0-5%),Analysis-ready
FISI,2016-12-31,2019-12-31,4,True,162249000,48862000,4384178000.0,0.3011543984862773,2 - Small,High (>15%),Analysis-ready
FISV,2016-12-31,2019-12-31,4,True,10187000000,893000000,77539000000.0,0.08766074408559929,5 - Mega,Moderate (5-15%),Analysis-ready
FIT,2016-12-31,2019-12-31,4,True,1434788000,-320711000,1368086000.0,-0.22352500857269506,4 - Large,Loss-making (<=0%),Analysis-ready
FITB,2016-12-31,2019-12-31,4,True,7893000000,2512000000,169369000000.0,0.3182566831369568,5 - Mega,High (>15%),Analysis-ready
FIVE,2017-01-28,2020-02-01,4,True,1846730000,175056000,1958661000.0,0.09479241686656956,4 - Large,Moderate (5-15%),Analysis-ready
FIVN,2016-12-31,2019-12-31,4,True,328006000,-4552000,482380000.0,-0.013877794918385639,3 - Mid,Loss-making (<=0%),Analysis-ready
FIX,2016-12-31,2019-12-31,4,True,2615277000,114324000,1505012000.0,0.043713916346146124,4 - Large,Low (0-5%),Analysis-ready
FIXX,2016-12-31,2019-12-31,4,True,1666000,-103916000,310567000.0,-62.37454981992797,1 - Micro,Loss-making (<=0%),Analysis-ready
FIZZ,2016-04-30,2019-04-27,4,True,1014105000,140853000,452193000.0,0.13889390151907346,4 - Large,Moderate (5-15%),Analysis-ready
FL,2017-01-28,2020-02-01,4,True,8005000000,491000000,6589000000.0,0.061336664584634604,5 - Mega,Moderate (5-15%),Analysis-ready
FLDM,2016-12-31,2019-12-31,4,True,117243000,-64790000,264812000.0,-0.5526129491739379,2 - Small,Loss-making (<=0%),Analysis-ready
FLEX,2017-03-31,2020-03-31,4,True,24209870000,87579000,13689617000.0,0.003617491543738153,5 - Mega,Low (0-5%),Analysis-ready
FLGT,2016-12-31,2019-12-31,4,True,32528000,-411000,88756000.0,-0.012635268076733892,1 - Micro,Loss-making (<=0%),Analysis-ready
FLIC,2016-12-31,2019-12-31,4,True,110747000,41555000,4097843000.0,0.3752246110504122,2 - Small,High (>15%),Analysis-ready
FLIR,2016-12-31,2019-12-31,4,True,1887026000,171597000,3137541000.0,0.0909351540466321,4 - Large,Moderate (5-15%),Analysis-ready
FLL,2016-12-31,2019-12-31,4,True,165432000,-5822000,211335000.0,-0.03519270757773587,2 - Small,Loss-making (<=0%),Analysis-ready
FLMN,2016-12-31,2019-12-31,4,True,68463000,14350000,290205000.0,0.20960226691789727,2 - Small,High (>15%),Analysis-ready
FLNT,2016-12-31,2019-12-31,4,True,281684000,-1747000,317093000.0,-0.0062019852032774315,3 - Mid,Loss-making (<=0%),Analysis-ready
FLO,2016-12-31,2019-12-28,4,True,4123974000,164538000,3177776000.0,0.03989792370174982,5 - Mega,Low (0-5%),Analysis-ready
FLOW,2016-12-31,2019-12-31,4,True,1506600000,-95100000,2437400000.0,-0.06312226204699323,4 - Large,Loss-making (<=0%),Analysis-ready
FLR,2015-12-31,2018-12-31,4,True,19166599000,224833000,8913637000.0,0.011730458804924128,5 - Mega,Low (0-5%),Analysis-ready
FLS,2016-12-31,2019-12-31,4,True,3944850000,253668000,4919642000.0,0.06430358568766874,5 - Mega,Moderate (5-15%),Analysis-ready
FLT,2016-12-31,2019-12-31,4,True,2648848000,895073000,12248541000.0,0.3379102915682591,4 - Large,High (>15%),Analysis-ready
FLWS,2016-07-03,2019-06-30,4,True,1248623000,34766000,606440000.0,0.02784347236916187,4 - Large,Low (0-5%),Analysis-ready
FLXN,2016-12-31,2019-12-31,4,True,72957000,-149773000,217560000.0,-2.0528941705388104,2 - Small,Loss-making (<=0%),Analysis-ready
FLXS,2016-06-30,2019-06-30,4,True,443588000,-32605000,254287000.0,-0.07350289006916327,3 - Mid,Loss-making (<=0%),Analysis-ready
FLY,2016-12-31,2019-12-31,4,True,562340000,225877000,3665159000.0,0.4016733648682292,3 - Mid,High (>15%),Analysis-ready
FMAO,2016-12-31,2019-12-31,4,True,64229000,18402000,1607330000.0,0.28650609537747745,2 - Small,High (>15%),Analysis-ready
FMBH,2016-12-31,2019-12-31,4,True,175258000,47943000,3839426000.0,0.27355669926622467,2 - Small,High (>15%),Analysis-ready
FMBI,2016-12-31,2019-12-31,4,True,706455000,199738000,17850397000.0,0.2827327996829239,3 - Mid,High (>15%),Analysis-ready
FMC,2016-12-31,2019-12-31,4,True,4609800000,477400000,9872700000.0,0.10356197665842336,5 - Mega,Moderate (5-15%),Analysis-ready
FMNB,2016-12-31,2019-12-31,4,True,108530000,35760000,2449158000.0,0.3294941490832028,2 - Small,High (>15%),Analysis-ready
FMO,2016-11-30,2019-11-30,4,True,4210224,-54504084,480712436.0,-12.94564944763034,1 - Micro,Loss-making (<=0%),Analysis-ready
FN,2016-06-24,2019-06-28,4,True,1584335000,120955000,1255318000.0,0.07634433374254813,4 - Large,Moderate (5-15%),Analysis-ready
FNB,2016-12-31,2019-12-31,4,True,1169722000,387000000,34615000000.0,0.3308478424788112,4 - Large,High (>15%),Analysis-ready
FNCB,2016-12-31,2019-12-31,4,True,43083000,11075000,1203541000.0,0.2570619501891697,1 - Micro,High (>15%),Analysis-ready
FND,2016-12-29,2019-12-26,4,True,2045456000,150631000,2324309000.0,0.07364176985474144,4 - Large,Moderate (5-15%),Analysis-ready
FNF,2016-12-31,2019-12-31,4,True,8477000000,1062000000,10677000000.0,0.12528016987141677,5 - Mega,Moderate (5-15%),Analysis-ready
FNHC,2016-12-31,2019-12-31,4,True,414961000,1011000,1179016000.0,0.0024363735387180965,3 - Mid,Low (0-5%),Analysis-ready
FNJN,2016-12-31,2019-12-31,4,True,13150000,-16490000,50093000.0,-1.2539923954372623,1 - Micro,Loss-making (<=0%),Analysis-ready
FNKO,2016-12-31,2019-12-31,4,True,795122000,11725000,796467000.0,0.014746164739499096,3 - Mid,Low (0-5%),Analysis-ready
FNLC,2016-12-31,2019-12-31,4,True,65432000,25525000,2068796000.0,0.39009964543342707,2 - Small,High (>15%),Analysis-ready
FNV,2016-12-31,2019-12-31,4,True,841700000,344100000,5280600000.0,0.40881549245574433,3 - Mid,High (>15%),Analysis-ready
FNWB,2017-06-30,2019-12-31,4,True,44208000,9014000,1307336000.0,0.20389974665218966,1 - Micro,High (>15%),Analysis-ready
FOCS,2016-12-31,2019-12-31,4,True,1218341000,847000,2653629000.0,0.0006952076635359067,4 - Large,Low (0-5%),Analysis-ready
FOE,2016-12-31,2019-12-31,4,True,1018366000,6038000,1834621000.0,0.005929106038496965,4 - Large,Low (0-5%),Analysis-ready
FOLD,2016-12-31,2019-12-31,4,True,182237000,-356388000,850207000.0,-1.9556292081190976,2 - Small,Loss-making (<=0%),Analysis-ready
FONR,2016-06-30,2019-06-30,4,True,87192887,15317131,133560210.0,0.17566950157298955,2 - Small,High (>15%),Analysis-ready
FOR,2016-12-31,2019-09-30,4,True,428300000,33000000,1455700000.0,0.07704879757179547,3 - Mid,Moderate (5-15%),Analysis-ready
FORD,2016-09-30,2019-09-30,4,True,37409030,-3604030,16094352.0,-0.0963411775178346,1 - Micro,Loss-making (<=0%),Analysis-ready
FORM,2016-12-31,2019-12-28,4,True,589464000,39346000,839882000.0,0.06674877515844903,3 - Mid,Moderate (5-15%),Analysis-ready
FORR,2016-12-31,2019-12-31,4,True,461697000,-9570000,639160000.0,-0.020727879973229196,3 - Mid,Loss-making (<=0%),Analysis-ready
FORTY,2016-12-31,2019-12-31,4,True,1701115000,38820000,2088430000.0,0.0228203266680971,4 - Large,Low (0-5%),Analysis-ready
FOSL,2016-12-31,2019-12-28,4,True,2217712000,-52365000,1604732000.0,-0.023612173266862425,4 - Large,Loss-making (<=0%),Analysis-ready
FOX,2016-06-30,2019-06-30,4,True,11389000000,1595000000,,0.14004741417156905,5 - Mega,Moderate (5-15%),Limited (zero/negative revenue or assets)
FOXA,2016-06-30,2019-06-30,4,True,11389000000,1595000000,,0.14004741417156905,5 - Mega,Moderate (5-15%),Limited (zero/negative revenue or assets)
FOXF,2016-12-30,2020-01-03,4,True,751020000,93033000,609316000.0,0.12387552928017896,3 - Mid,Moderate (5-15%),Analysis-ready
FPAY,2016-12-31,2019-12-31,4,True,88789889,577415,52214892.0,0.0065031616381455324,2 - Small,Low (0-5%),Analysis-ready
FPH,2016-12-31,2019-12-31,4,True,184380000,9033000,3004700000.0,0.04899121379759193,2 - Small,Low (0-5%),Analysis-ready
FPI,2016-12-31,2019-12-31,4,True,53564000,13886000,1102553000.0,0.2592412814576955,2 - Small,High (>15%),Analysis-ready
FPRX,2016-12-31,2019-12-31,4,True,14874000,-137202000,224142000.0,-9.224283985478015,1 - Micro,Loss-making (<=0%),Analysis-ready
FR,2016-12-31,2019-12-31,4,True,427403000,238775000,3518828000.0,0.5586647730596183,3 - Mid,High (>15%),Analysis-ready
FRAF,2016-12-31,2019-12-31,4,True,57309000,16115000,1269157000.0,0.28119492575337207,2 - Small,High (>15%),Analysis-ready
FRAN,2017-01-28,2020-02-01,4,True,407536000,-25020000,328608000.0,-0.061393349299203016,3 - Mid,Loss-making (<=0%),Analysis-ready
FRBA,2016-12-31,2019-12-31,4,True,58377000,13445000,2011587000.0,0.23031330832348357,2 - Small,High (>15%),Analysis-ready
FRBK,2016-12-31,2019-12-31,4,True,99640000,-3500000,3341290000.0,-0.0351264552388599,2 - Small,Loss-making (<=0%),Analysis-ready
FRC,2016-12-31,2019-12-31,4,True,3279697000,930329000,116263634000.0,0.2836630944870822,5 - Mega,High (>15%),Analysis-ready
FRD,2016-03-31,2019-03-31,4,True,187154493,5099924,86601982.0,0.027249807996861716,2 - Small,Low (0-5%),Analysis-ready
FREQ,2017-12-31,2019-12-31,3,False,28947000,-18746000,223218000.0,-0.6475973330569662,1 - Micro,Loss-making (<=0%),Analysis-ready
FRG,2017-04-30,2019-12-28,4,True,224265000,-102640500,1298545000.0,-0.45767507190154505,2 - Small,Loss-making (<=0%),Analysis-ready
FRGI,2017-01-01,2019-12-29,4,True,660943000,-84386000,568641000.0,-0.12767515504362706,3 - Mid,Loss-making (<=0%),Analysis-ready
FRHC,2016-03-31,2019-03-31,4,True,63754000,7147000,350911000.0,0.11210277002227312,2 - Small,Moderate (5-15%),Analysis-ready
FRME,2016-12-31,2019-12-31,4,True,440548000,164460000,12457254000.0,0.3733077893895784,3 - Mid,High (>15%),Analysis-ready
FRO,2016-12-31,2019-12-31,4,True,956632000,139972000,3697818000.0,0.14631749721941142,4 - Large,Moderate (5-15%),Analysis-ready
FRPH,2016-12-31,2019-12-31,4,True,21802000,16177000,538148000.0,0.741996147142464,1 - Micro,High (>15%),Analysis-ready
FRPT,2016-12-31,2019-12-31,4,True,245862054,-1382735,236125587.0,-0.005624027691560732,2 - Small,Loss-making (<=0%),Analysis-ready
FRSX,2016-12-31,2019-12-31,4,True,0,-15439000,19334000.0,,Not meaningful (revenue <= 0),Not meaningful (revenue <= 0),Limited (zero/negative revenue or assets)
FRT,2016-12-31,2019-12-31,4,True,933776000,353866000,6794992000.0,0.3789624064015353,4 - Large,High (>15%),Analysis-ready
FRTA,2016-12-31,2019-12-31,4,True,1529752000,-7331000,1740058000.0,-0.00479228005585219,4 - Large,Loss-making (<=0%),Analysis-ready
FSB,2016-12-31,2019-12-31,4,True,96888000,14806000,3896162000.0,0.15281562216167122,2 - Small,High (>15%),Analysis-ready
FSBW,2016-12-31,2019-12-31,4,True,90489000,22717000,1713056000.0,0.25104708859640396,2 - Small,High (>15%),Analysis-ready
FSCT,2016-12-31,2019-12-31,4,True,336801000,-118535000,416227000.0,-0.3519437293832263,3 - Mid,Loss-making (<=0%),Analysis-ready
FSFG,2016-09-30,2019-09-30,4,True,82480000,16177000,1222579000.0,0.19613239573229874,2 - Small,High (>15%),Analysis-ready
FSI,2016-12-31,2019-12-31,4,True,27440110,1912392,32380417.0,0.06969330662304196,1 - Micro,Moderate (5-15%),Analysis-ready
FSK,2016-12-31,2019-12-31,4,True,779000000,246000000,8216000000.0,0.3157894736842105,3 - Mid,High (>15%),Analysis-ready
FSLR,2016-12-31,2019-12-31,4,True,3063117000,-114933000,7515689000.0,-0.037521583406706305,4 - Large,Loss-making (<=0%),Analysis-ready
FSLY,2017-12-31,2019-12-31,3,False,200462000,-51550000,320969000.0,-0.25715596970996996,2 - Small,Loss-making (<=0%),Analysis-ready
FSM,2016-12-31,2019-12-31,4,True,257187000,23796000,936065000.0,0.09252411669330099,2 - Small,Moderate (5-15%),Analysis-ready
FSP,2016-12-31,2019-12-31,4,True,269065000,6475000,1842654000.0,0.024064817051641797,3 - Mid,Low (0-5%),Analysis-ready
FSS,2016-12-31,2019-12-31,4,True,1221300000,108500000,1165500000.0,0.0888397609105052,4 - Large,Moderate (5-15%),Analysis-ready
FSTR,2016-12-31,2019-12-31,4,True,655057000,42568000,405171000.0,0.06498365791068564,3 - Mid,Moderate (5-15%),Analysis-ready
FSV,2016-12-31,2019-12-31,4,True,2407410000,-251610000,1955469000.0,-0.10451481052251174,4 - Large,Loss-making (<=0%),Analysis-ready
FTAI,2016-12-31,2019-12-31,4,True,578774000,225108000,3236922000.0,0.38893937875578377,3 - Mid,High (>15%),Analysis-ready
FTCH,2016-12-31,2019-12-31,4,True,1021037000,-385297000,2227879000.0,-0.3773585090452158,4 - Large,Loss-making (<=0%),Analysis-ready
FTDR,2016-12-31,2019-12-31,4,True,1365000000,153000000,1250000000.0,0.11208791208791209,4 - Large,Moderate (5-15%),Analysis-ready
FTEK,2016-12-31,2019-12-31,4,True,30467000,-7852000,32224000.0,-0.2577214691305347,1 - Micro,Loss-making (<=0%),Analysis-ready
FTFT,2016-12-31,2019-12-31,4,True,955172,-25228932,115980570.0,-26.412972742082054,1 - Micro,Loss-making (<=0%),Analysis-ready
FTI,2016-12-31,2019-12-31,4,True,13409100000,-2415200000,23518800000.0,-0.18011648805661826,5 - Mega,Loss-making (<=0%),Analysis-ready
FTK,2016-12-31,2019-12-31,4,True,119353000,-32279000,231847000.0,-0.2704498420651345,2 - Small,Loss-making (<=0%),Analysis-ready
FTNT,2016-12-31,2019-12-31,4,True,2156200000,326500000,3885500000.0,0.15142380113162043,4 - Large,High (>15%),Analysis-ready
FTSI,2016-12-31,2019-12-31,4,True,776600000,-72900000,639300000.0,-0.09387071851661087,3 - Mid,Loss-making (<=0%),Analysis-ready
FTV,2016-12-31,2019-12-31,4,True,7320000000,738900000,17439000000.0,0.10094262295081967,5 - Mega,Moderate (5-15%),Analysis-ready
FUL,2016-12-03,2019-11-30,4,True,2897000000,130817000,3985734000.0,0.045156023472557816,4 - Large,Low (0-5%),Analysis-ready
FULC,2017-12-31,2019-12-31,3,False,0,-82677000,110439000.0,,Not meaningful (revenue <= 0),Not meaningful (revenue <= 0),Limited (zero/negative revenue or assets)
FULT,2016-12-31,2019-12-31,4,True,825703000,226339000,21886040000.0,0.27411672235658585,3 - Mid,High (>15%),Analysis-ready
FUN,2016-12-31,2019-12-31,4,True,1474925000,172363000,2581145000.0,0.11686221333288133,4 - Large,Moderate (5-15%),Analysis-ready
FUNC,2016-12-31,2019-12-31,4,True,60754000,13129000,1442027000.0,0.2161009974651875,2 - Small,High (>15%),Analysis-ready
FUSB,2016-12-31,2019-12-31,4,True,39186000,4566000,788738000.0,0.1165212065533609,1 - Micro,Moderate (5-15%),Analysis-ready
FUV,2016-12-31,2019-12-31,4,True,987850,-15341689,16445733.0,-15.530383155337349,1 - Micro,Loss-making (<=0%),Analysis-ready
FVCB,2016-12-31,2019-12-31,4,True,48889000,15828000,1537295000.0,0.3237538096504326,1 - Micro,High (>15%),Analysis-ready
FVE,2016-12-31,2019-12-31,4,True,1101352000,-19995000,345793000.0,-0.0181549586326624,4 - Large,Loss-making (<=0%),Analysis-ready
FVRR,2017-12-31,2019-12-31,3,False,107073000,-33539000,236360000.0,-0.3132348958187405,2 - Small,Loss-making (<=0%),Analysis-ready
FWONA,2016-12-31,2019-12-31,4,True,2022000000,-311000000,11505000000.0,-0.15380811078140455,4 - Large,Loss-making (<=0%),Analysis-ready
FWONK,2016-12-31,2019-12-31,4,True,2022000000,-311000000,11505000000.0,-0.15380811078140455,4 - Large,Loss-making (<=0%),Analysis-ready
FWP,2016-12-31,2019-12-31,4,True,0,-4221000,78165000.0,,Not meaningful (revenue <= 0),Not meaningful (revenue <= 0),Limited (zero/negative revenue or assets)
FWRD,2016-12-31,2019-12-31,4,True,1410395000,87099000,990878000.0,0.06175504025468043,4 - Large,Moderate (5-15%),Analysis-ready
FXNC,2016-12-31,2019-12-31,4,True,36112000,9556000,800048000.0,0.2646211785556048,1 - Micro,High (>15%),Analysis-ready
G,2016-12-31,2019-12-31,4,True,3520543000,304881000,4454184000.0,0.08660056133386242,5 - Mega,Moderate (5-15%),Analysis-ready
GAB,2016-12-31,2019-12-31,4,True,34684099,336644774,1986433351.0,9.70602621103117,1 - Micro,High (>15%),Analysis-ready
GABC,2016-12-31,2019-12-31,4,True,185401000,59222000,4397672000.0,0.3194265403099228,2 - Small,High (>15%),Analysis-ready
GAIA,2016-12-31,2019-12-31,4,True,53979000,-18150000,106172000.0,-0.3362418718390485,2 - Small,Loss-making (<=0%),Analysis-ready
GAIN,2017-03-31,2020-03-31,4,True,61924000,-7234000,576377000.0,-0.11682061882307344,2 - Small,Loss-making (<=0%),Analysis-ready
GALT,2016-12-31,2019-12-31,4,True,0,-13294000,48467000.0,,Not meaningful (revenue <= 0),Not meaningful (revenue <= 0),Limited (zero/negative revenue or assets)
GAM,2016-12-31,2019-12-31,4,True,21265381,296876907,1294921135.0,13.960573149383027,1 - Micro,High (>15%),Analysis-ready
GAN,2016-12-31,2019-12-31,4,True,29971000,1788000,26112000.0,0.059657669080110776,1 - Micro,Moderate (5-15%),Analysis-ready
GARS,2016-12-31,2019-12-31,4,True,39719000,-18879000,464449000.0,-0.4753140814219895,1 - Micro,Loss-making (<=0%),Analysis-ready
GASS,2016-12-31,2019-12-31,4,True,144259312,2093124,954188931.0,0.014509455029149175,2 - Small,Low (0-5%),Analysis-ready
GATX,2016-12-31,2019-12-31,4,True,1393800000,211200000,8285100000.0,0.15152819629789066,4 - Large,High (>15%),Analysis-ready
GBCI,2016-12-31,2019-12-31,4,True,634121000,210544000,13683999000.0,0.33202496053592295,3 - Mid,High (>15%),Analysis-ready
GBDC,2016-09-30,2019-09-30,4,True,172298000,-18579000,4394863000.0,-0.10783061904374978,2 - Small,Loss-making (<=0%),Analysis-ready
GBL,2016-12-31,2019-12-31,4,True,312368000,81917000,189886000.0,0.2622451723608052,3 - Mid,High (>15%),Analysis-ready
GBLI,2016-12-31,2019-12-31,4,True,604472000,70015000,2075885000.0,0.11582835929538507,3 - Mid,Moderate (5-15%),Analysis-ready
GBR,2016-12-31,2019-12-31,4,True,590000,-2352000,5790000.0,-3.986440677966102,1 - Micro,Loss-making (<=0%),Analysis-ready
GBT,2016-12-31,2019-12-31,4,True,2108000,-266766000,796099000.0,-126.5493358633776,1 - Micro,Loss-making (<=0%),Analysis-ready
GBX,2016-08-31,2019-08-31,4,True,3033591000,71076000,2990637000.0,0.02342965811805217,4 - Large,Low (0-5%),Analysis-ready
GCAP,2016-12-31,2019-12-31,4,True,220688000,-60761000,1350369000.0,-0.2753253461900964,2 - Small,Loss-making (<=0%),Analysis-ready
GCBC,2016-06-30,2019-06-30,4,True,46702000,17484000,1269462000.0,0.3743736884929982,1 - Micro,High (>15%),Analysis-ready
GCI,2016-12-25,2019-12-31,4,True,1867909000,-119842000,4020102000.0,-0.0641583717408075,4 - Large,Loss-making (<=0%),Analysis-ready
GCO,2017-01-28,2020-02-01,4,True,2197066000,61384000,1680478000.0,0.027939078753209962,4 - Large,Low (0-5%),Analysis-ready
GCP,2016-12-31,2019-12-31,4,True,1013500000,46300000,1302100000.0,0.04568327577701036,4 - Large,Low (0-5%),Analysis-ready
GD,2016-12-31,2019-12-31,4,True,39350000000,3484000000,48841000000.0,0.08853875476493012,5 - Mega,Moderate (5-15%),Analysis-ready
GDDY,2016-12-31,2019-12-31,4,True,2988100000,137000000,6301200000.0,0.045848532512298784,4 - Large,Low (0-5%),Analysis-ready
GDEN,2016-12-31,2019-12-31,4,True,973410000,-39545000,1740917000.0,-0.04062522472544971,4 - Large,Loss-making (<=0%),Analysis-ready
GDOT,2016-12-31,2019-12-31,4,True,1106758000,99897000,2460590000.0,0.09026092424902282,4 - Large,Moderate (5-15%),Analysis-ready
GDP,2016-12-31,2019-12-31,4,True,116750000,13288000,239318000.0,0.11381584582441114,2 - Small,Moderate (5-15%),Analysis-ready
GDYN,2017-12-31,2019-12-31,3,False,118326000,10807000,71531000.0,0.09133242060071328,2 - Small,Moderate (5-15%),Analysis-ready
GE,2016-12-31,2019-12-31,4,True,95214000000,-4979000000,266048000000.0,-0.05229273006070536,5 - Mega,Loss-making (<=0%),Analysis-ready
GEC,2016-06-30,2019-06-30,4,True,51180000,-2908000,182726000.0,-0.05681906994919891,2 - Small,Loss-making (<=0%),Analysis-ready
GECC,2016-12-31,2019-12-31,4,True,27038000,-7547000,291039000.0,-0.27912567497595975,1 - Micro,Loss-making (<=0%),Analysis-ready
GEF,2016-10-31,2019-10-31,4,True,4595000000,171000000,5426700000.0,0.03721436343852013,5 - Mega,Low (0-5%),Analysis-ready
GEL,2016-12-31,2019-12-31,4,True,2480820000,95999000,6597641000.0,0.038696479389879156,4 - Large,Low (0-5%),Analysis-ready
GEN,2016-12-31,2019-12-31,4,True,4565834000,14619000,4662140000.0,0.0032018246830699494,5 - Mega,Low (0-5%),Analysis-ready
GENC,2016-09-30,2019-09-30,4,True,81329000,10196000,165372000.0,0.12536733514490525,2 - Small,Moderate (5-15%),Analysis-ready
GEO,2016-12-31,2019-12-31,4,True,2477922000,166603000,4317534000.0,0.06723496542667606,4 - Large,Moderate (5-15%),Analysis-ready
GEOS,2016-09-30,2019-09-30,4,True,95809000,-146000,202001000.0,-0.0015238651901178387,2 - Small,Loss-making (<=0%),Analysis-ready
GERN,2016-12-31,2019-12-31,4,True,460000,-68548000,165517000.0,-149.01739130434783,1 - Micro,Loss-making (<=0%),Analysis-ready
GES,2017-01-28,2020-02-01,4,True,2678109000,95975000,2428962000.0,0.035836853541061996,4 - Large,Low (0-5%),Analysis-ready
GEVO,2016-12-31,2019-12-31,4,True,24487000,-28660000,93359000.0,-1.1704169559358026,1 - Micro,Loss-making (<=0%),Analysis-ready
GF,2016-12-31,2019-12-31,4,True,5211844,78942392,298572404.0,15.146729641178823,1 - Micro,High (>15%),Analysis-ready
GFED,2016-12-31,2019-12-31,4,True,38596382,9415090,1012024625.0,0.2439371130693027,1 - Micro,High (>15%),Analysis-ready
GFF,2016-09-30,2019-09-30,4,True,2209289000,37287000,2074939000.0,0.016877375481433168,4 - Large,Low (0-5%),Analysis-ready
GFI,2016-12-31,2019-12-31,4,True,2967100000,161600000,6561300000.0,0.054463954703245596,4 - Large,Moderate (5-15%),Analysis-ready
GFN,2016-06-30,2019-06-30,4,True,378206000,-7466000,718312000.0,-0.019740564665817043,3 - Mid,Loss-making (<=0%),Analysis-ready
GGG,2016-12-30,2019-12-27,4,True,1646045000,343853000,1692210000.0,0.20889647609877007,4 - Large,High (>15%),Analysis-ready
GGN,2016-12-31,2019-12-31,4,True,11341571,107306599,811574466.0,9.461352311774093,1 - Micro,High (>15%),Analysis-ready
GH,2016-12-31,2019-12-31,4,True,214375000,-75651000,962535000.0,-0.35289096209912535,2 - Small,Loss-making (<=0%),Analysis-ready
GHC,2016-12-31,2019-12-31,4,True,2932099000,327855000,5931236000.0,0.11181580158105166,4 - Large,Moderate (5-15%),Analysis-ready
GHL,2016-12-31,2019-12-31,4,True,273592000,10978000,494375000.0,0.0401254422643937,3 - Mid,Low (0-5%),Analysis-ready
GHM,2017-03-31,2020-03-31,4,True,90604000,1872000,148120000.0,0.020661339455211692,2 - Small,Low (0-5%),Analysis-ready
GIFI,2016-12-31,2019-12-31,4,True,303308000,-49394000,252777000.0,-0.16285096337716118,3 - Mid,Loss-making (<=0%),Analysis-ready
GIGM,2016-12-31,2019-12-31,4,True,6645000,-1659000,59222000.0,-0.24966139954853273,1 - Micro,Loss-making (<=0%),Analysis-ready
GIII,2017-01-31,2020-01-31,4,True,3160464000,143837000,2565137000.0,0.045511355294665594,5 - Mega,Low (0-5%),Analysis-ready
GIL,2017-01-01,2019-12-29,4,True,2823901000,259809000,3211070000.0,0.09200357944559671,4 - Large,Moderate (5-15%),Analysis-ready
GILD,2016-12-31,2019-12-31,4,True,22449000000,5386000000,61627000000.0,0.23992160007127267,5 - Mega,High (>15%),Analysis-ready
GILT,2016-12-31,2019-12-31,4,True,263492000,36538000,391836000.0,0.13866834666707148,2 - Small,Moderate (5-15%),Analysis-ready
GIS,2016-05-29,2019-05-26,4,True,16865200000,1752700000,30111200000.0,0.10392405663733606,5 - Mega,Moderate (5-15%),Analysis-ready
GKOS,2016-12-31,2019-12-31,4,True,236984000,15424000,818400000.0,0.06508456267089761,2 - Small,Moderate (5-15%),Analysis-ready
GL,2016-12-31,2019-12-31,4,True,4527532000,760790000,25977460000.0,0.16803636064858293,5 - Mega,High (>15%),Analysis-ready
GLAD,2016-09-30,2019-09-30,4,True,50035000,19869000,426069000.0,0.397102028579994,2 - Small,High (>15%),Analysis-ready
GLBS,2016-12-31,2019-12-31,4,True,15623000,-36351000,55656000.0,-2.3267618255136657,1 - Micro,Loss-making (<=0%),Analysis-ready
GLBZ,2016-12-31,2019-12-31,4,True,13997000,1599000,384942000.0,0.11423876544973922,1 - Micro,Moderate (5-15%),Analysis-ready
GLDD,2016-12-31,2019-12-31,4,True,711518000,49339000,897552000.0,0.06934329138546039,3 - Mid,Moderate (5-15%),Analysis-ready
GLIBA,2016-12-31,2019-12-31,4,True,894733000,1938698000,11933445000.0,2.1667894220957535,4 - Large,High (>15%),Analysis-ready
GLMD,2016-12-31,2019-12-31,4,True,0,-20461000,77139000.0,,Not meaningful (revenue <= 0),Not meaningful (revenue <= 0),Limited (zero/negative revenue or assets)
GLNG,2016-12-31,2019-12-31,4,True,448750000,-211956000,4632144000.0,-0.472325348189415,3 - Mid,Loss-making (<=0%),Analysis-ready
GLOB,2016-12-31,2019-12-31,4,True,659325000,54015000,687764000.0,0.08192469571152315,3 - Mid,Moderate (5-15%),Analysis-ready
GLOG,2016-12-31,2019-12-31,4,True,664373000,-100661000,5223195000.0,-0.15151277971862193,3 - Mid,Loss-making (<=0%),Analysis-ready
GLOP,2017-01-01,2019-12-31,4,True,379745000,-34769000,2396944000.0,-0.09155880920091114,3 - Mid,Loss-making (<=0%),Analysis-ready
GLP,2016-12-31,2019-12-31,4,True,13081730000,34488000,2808427000.0,0.002636348556345376,5 - Mega,Low (0-5%),Analysis-ready
GLPI,2016-12-31,2019-12-31,4,True,1153473000,390881000,8434298000.0,0.3388731249019266,4 - Large,High (>15%),Analysis-ready
GLQ,2016-10-31,2019-10-31,4,True,5267961,12600579,298479199.0,2.3919271611919677,1 - Micro,High (>15%),Analysis-ready
GLRE,2016-12-31,2019-12-31,4,True,542931000,-3986000,1355193000.0,-0.007341632730494299,3 - Mid,Loss-making (<=0%),Analysis-ready
GLT,2016-12-31,2019-12-31,4,True,927673000,-21541000,1283794000.0,-0.02322046669462192,4 - Large,Loss-making (<=0%),Analysis-ready
GLUU,2016-12-31,2019-12-31,4,True,411381000,8871000,418049000.0,0.021563951665244628,3 - Mid,Low (0-5%),Analysis-ready
GLV,2016-10-31,2019-10-31,4,True,4408689,9291392,176385268.0,2.1075181306733137,1 - Micro,High (>15%),Analysis-ready
GLW,2016-12-31,2019-12-31,4,True,11503000000,960000000,28898000000.0,0.08345648961140573,5 - Mega,Moderate (5-15%),Analysis-ready
GLYC,2016-12-31,2019-12-31,4,True,0,-57891911,167969679.0,,Not meaningful (revenue <= 0),Not meaningful (revenue <= 0),Limited (zero/negative revenue or assets)
GM,2016-12-31,2019-12-31,4,True,137237000000,6732000000,228037000000.0,0.049053826591954064,5 - Mega,Low (0-5%),Analysis-ready
GMBL,2016-06-30,2019-06-30,4,True,0,-6381365,561792.0,,Not meaningful (revenue <= 0),Not meaningful (revenue <= 0),Limited (zero/negative revenue or assets)
GMDA,2016-12-31,2019-12-31,4,True,0,-34351000,68775000.0,,Not meaningful (revenue <= 0),Not meaningful (revenue <= 0),Limited (zero/negative revenue or assets)
GME,2017-01-28,2020-02-01,4,True,6466000000,-470900000,2819700000.0,-0.07282709557686359,5 - Mega,Loss-making (<=0%),Analysis-ready
GMED,2016-12-31,2019-12-31,4,True,785368000,155210000,1532077000.0,0.1976270996526469,3 - Mid,High (>15%),Analysis-ready
GMLP,2016-12-31,2019-12-31,4,True,299652000,17805000,2105612000.0,0.05941892595410676,3 - Mid,Moderate (5-15%),Analysis-ready
GMO,2016-12-31,2019-12-31,4,True,0,-7878000,344227000.0,,Not meaningful (revenue <= 0),Not meaningful (revenue <= 0),Limited (zero/negative revenue or assets)
GMRE,2016-12-31,2019-12-31,4,True,70726000,9234000,884934000.0,0.1305601900291265,2 - Small,Moderate (5-15%),Analysis-ready
GMS,2016-04-30,2019-04-30,4,True,3116032000,56002000,2149554000.0,0.01797221594643444,5 - Mega,Low (0-5%),Analysis-ready
GNC,2016-12-31,2019-12-31,4,True,2068188000,-35112000,1650587000.0,-0.016977180024253115,4 - Large,Loss-making (<=0%),Analysis-ready
GNCA,2016-12-31,2019-12-31,4,True,0,-38950000,52611000.0,,Not meaningful (revenue <= 0),Not meaningful (revenue <= 0),Limited (zero/negative revenue or assets)
GNE,2016-12-31,2019-12-31,4,True,315291000,4175000,156244000.0,0.013241735412682252,3 - Mid,Low (0-5%),Analysis-ready
GNK,2016-12-31,2019-12-31,4,True,389496000,-55985000,1528892000.0,-0.14373703452667036,3 - Mid,Loss-making (<=0%),Analysis-ready
GNL,2016-12-31,2019-12-31,4,True,306214000,46476000,3701605000.0,0.15177620879515633,3 - Mid,High (>15%),Analysis-ready
GNLN,2016-12-31,2019-12-31,4,True,185006000,-28816000,153202000.0,-0.1557571105801974,2 - Small,Loss-making (<=0%),Analysis-ready
GNMK,2016-12-31,2019-12-31,4,True,88021000,-47350000,111473000.0,-0.5379398098181116,2 - Small,Loss-making (<=0%),Analysis-ready
GNPX,2016-12-31,2019-12-31,4,True,0,-10654768,3534229.0,,Not meaningful (revenue <= 0),Not meaningful (revenue <= 0),Limited (zero/negative revenue or assets)
GNRC,2016-12-31,2019-12-31,4,True,2204336000,252007000,2665669000.0,0.11432331550181098,4 - Large,Moderate (5-15%),Analysis-ready
GNSS,2016-09-30,2019-09-30,4,True,36979055,2784992,47119983.0,0.07531268714141018,1 - Micro,Moderate (5-15%),Analysis-ready
GNTX,2016-12-31,2019-12-31,4,True,1858897406,424683939,2168803193.0,0.2284601278312828,4 - Large,High (>15%),Analysis-ready
GNTY,2016-12-31,2019-12-31,4,True,94582000,26279000,2318444000.0,0.27784356431456303,2 - Small,High (>15%),Analysis-ready
GNUS,2016-12-31,2019-12-31,4,True,5907899,-11481245,29413237.0,-1.9433719161414236,1 - Micro,Loss-making (<=0%),Analysis-ready
GNW,2016-12-31,2019-12-31,4,True,8096000000,343000000,101342000000.0,0.04236660079051383,5 - Mega,Low (0-5%),Analysis-ready
GO,2016-12-31,2019-12-28,4,True,2559617000,15419000,,0.006023948114112385,4 - Large,Low (0-5%),Limited (zero/negative revenue or assets)
GOGL,2016-12-31,2019-12-31,4,True,704629000,37189000,2966057000.0,0.05277812863223058,3 - Mid,Moderate (5-15%),Analysis-ready
GOGO,2016-12-31,2019-12-31,4,True,835726000,-146004000,1214700000.0,-0.17470319219457095,3 - Mid,Loss-making (<=0%),Analysis-ready
GOLD,2016-12-31,2019-12-31,4,True,9717000000,3969000000,44392000000.0,0.4084594010497067,5 - Mega,High (>15%),Analysis-ready
GOLF,2016-12-31,2019-12-31,4,True,1681357000,121070000,1817049000.0,0.07200731314051685,4 - Large,Moderate (5-15%),Analysis-ready
GOOD,2016-12-31,2019-12-31,4,True,114387000,9628000,1039508000.0,0.08417040397947319,2 - Small,Moderate (5-15%),Analysis-ready
GOOG,2016-12-31,2019-12-31,4,True,161857000000,34343000000,275909000000.0,0.2121811228430034,5 - Mega,High (>15%),Analysis-ready
GOOGL,2016-12-31,2019-12-31,4,True,161857000000,34343000000,275909000000.0,0.2121811228430034,5 - Mega,High (>15%),Analysis-ready
GORO,2016-12-31,2019-12-31,4,True,135366000,5832000,193012000.0,0.04308319666681441,2 - Small,Low (0-5%),Analysis-ready
GOSS,2016-12-31,2019-12-31,4,True,0,-180307000,426604000.0,,Not meaningful (revenue <= 0),Not meaningful (revenue <= 0),Limited (zero/negative revenue or assets)
GPC,2016-12-31,2019-12-31,4,True,19392305000,621085000,14645629000.0,0.032027394371117825,5 - Mega,Low (0-5%),Analysis-ready
GPI,2016-12-31,2019-12-31,4,True,12043800000,174000000,5570200000.0,0.014447267473720918,5 - Mega,Low (0-5%),Analysis-ready
GPK,2016-12-31,2019-12-31,4,True,6160100000,206800000,7289900000.0,0.03357088358955212,5 - Mega,Low (0-5%),Analysis-ready
GPL,2016-12-31,2019-12-31,4,True,198653000,-91022000,270742000.0,-0.45819594972137345,2 - Small,Loss-making (<=0%),Analysis-ready
GPMT,2016-12-31,2019-12-31,4,True,110485000,70214000,4460862000.0,0.6355070824093768,2 - Small,High (>15%),Analysis-ready
GPN,2016-12-31,2019-12-31,4,True,4911892000,430613000,44480162000.0,0.08766744057076173,5 - Mega,Moderate (5-15%),Analysis-ready
GPOR,2016-12-31,2019-12-31,4,True,1109077000,-2002358000,3882819000.0,-1.805427395933736,4 - Large,Loss-making (<=0%),Analysis-ready
GPP,2016-12-31,2019-12-31,4,True,82387000,40649000,105653000.0,0.4933909476009565,2 - Small,High (>15%),Analysis-ready
GPRE,2016-12-31,2019-12-31,4,True,2417238000,-166860000,1698218000.0,-0.06902919778689562,4 - Large,Loss-making (<=0%),Analysis-ready
GPRK,2016-12-31,2019-12-31,4,True,628907000,57757000,852132000.0,0.09183710787127508,3 - Mid,Moderate (5-15%),Analysis-ready
GPRO,2016-12-31,2019-12-31,4,True,1194651000,-14642000,792803000.0,-0.01225629911999404,4 - Large,Loss-making (<=0%),Analysis-ready
GPS,2017-01-28,2020-02-01,4,True,16383000000,351000000,13679000000.0,0.02142464750045779,5 - Mega,Low (0-5%),Analysis-ready
GPX,2016-12-31,2019-12-31,4,True,583290000,15189000,448902000.0,0.026040220130638277,3 - Mid,Low (0-5%),Analysis-ready
GRA,2016-12-31,2019-12-31,4,True,1958100000,126300000,3932600000.0,0.06450130228282519,4 - Large,Moderate (5-15%),Analysis-ready
GRBK,2016-12-31,2019-12-31,4,True,791660000,58656000,875539000.0,0.07409241340979714,3 - Mid,Moderate (5-15%),Analysis-ready
GRC,2016-12-31,2019-12-31,4,True,398179000,35815000,382760000.0,0.08994698364303491,3 - Mid,Moderate (5-15%),Analysis-ready
GRF,2016-12-31,2019-12-31,4,True,798105,6621822,37584383.0,8.296930854962692,1 - Micro,High (>15%),Analysis-ready
GRIF,2016-11-30,2019-11-30,4,True,44045000,3668000,268495000.0,0.08327846520603928,1 - Micro,Moderate (5-15%),Analysis-ready
GRIN,2016-12-31,2019-12-31,4,True,331046000,-43487000,519067000.0,-0.13136240884952544,3 - Mid,Loss-making (<=0%),Analysis-ready
GRMN,2016-12-31,2019-12-28,4,True,3757505000,952486000,6166799000.0,0.2534889507798393,5 - Mega,High (>15%),Analysis-ready
GRNQ,2016-12-31,2019-12-31,4,True,4484822,-1344549,8884453.0,-0.29979985827754146,1 - Micro,Loss-making (<=0%),Analysis-ready
GROW,2016-06-30,2019-06-30,4,True,4917000,-3388000,23736000.0,-0.6890380313199105,1 - Micro,Loss-making (<=0%),Analysis-ready
GRPN,2016-12-31,2019-12-31,4,True,2218915000,-22377000,1586743000.0,-0.01008465849300221,4 - Large,Loss-making (<=0%),Analysis-ready
GRTS,2016-12-31,2019-12-31,4,True,4365000,-94433000,184389000.0,-21.63413516609393,1 - Micro,Loss-making (<=0%),Analysis-ready
GRTX,2017-12-31,2019-12-31,3,False,0,-51930000,123376000.0,,Not meaningful (revenue <= 0),Not meaningful (revenue <= 0),Limited (zero/negative revenue or assets)
GRUB,2016-12-31,2019-12-31,4,True,1312151000,-18566000,2374978000.0,-0.014149286172094523,4 - Large,Loss-making (<=0%),Analysis-ready
GRWG,2016-12-31,2019-12-31,4,True,79733568,1878804,72022352.0,0.0235635259668801,2 - Small,Low (0-5%),Analysis-ready
GS,2016-12-31,2019-12-31,4,True,35481000000,8466000000,992968000000.0,0.2386065781685973,5 - Mega,High (>15%),Analysis-ready
GSAT,2016-12-31,2019-12-31,4,True,131718000,15324000,965590000.0,0.11633945246663326,2 - Small,Moderate (5-15%),Analysis-ready
GSB,2016-12-31,2019-12-31,4,True,40343000,13267000,34559000.0,0.3288550677936693,1 - Micro,High (>15%),Analysis-ready
GSBC,2016-12-31,2019-12-31,4,True,204834000,73612000,5015072000.0,0.35937393206206003,2 - Small,High (>15%),Analysis-ready
GSBD,2016-12-31,2019-12-31,4,True,147261000,36148000,1475275000.0,0.2454689293159764,2 - Small,High (>15%),Analysis-ready
GSHD,2016-12-31,2019-12-31,4,True,76869000,3567000,64628000.0,0.046403621746087496,2 - Small,Low (0-5%),Analysis-ready
GSIT,2017-03-31,2020-03-31,4,True,43343000,-10337000,102561000.0,-0.23849295157234154,1 - Micro,Loss-making (<=0%),Analysis-ready
GSKY,2016-12-31,2019-12-31,4,True,529646000,31980000,951048000.0,0.060379951892396054,3 - Mid,Moderate (5-15%),Analysis-ready
GSL,2016-12-31,2019-12-31,4,True,261102000,39838000,1351825000.0,0.15257638777182864,2 - Small,High (>15%),Analysis-ready
GSM,2016-12-31,2019-12-31,4,True,1615222000,-280601000,1734353000.0,-0.17372286905453244,4 - Large,Loss-making (<=0%),Analysis-ready
GSS,2016-12-31,2019-12-31,4,True,264737000,-67434000,374060000.0,-0.2547207228305828,2 - Small,Loss-making (<=0%),Analysis-ready
GT,2016-12-31,2019-12-31,4,True,14745000000,-311000000,17185000000.0,-0.02109189555781621,5 - Mega,Loss-making (<=0%),Analysis-ready
GTE,2016-12-31,2019-12-31,4,True,570983000,38690000,2044664000.0,0.0677603361220912,3 - Mid,Moderate (5-15%),Analysis-ready
GTEC,2017-12-31,2019-12-31,3,False,52400844,4464556,106483843.0,0.08520007807507833,2 - Small,Moderate (5-15%),Analysis-ready
GTES,2016-12-31,2019-12-28,4,True,3087100000,690100000,7411300000.0,0.22354313109390692,4 - Large,High (>15%),Analysis-ready
GTHX,2016-12-31,2019-12-31,4,True,0,-122447000,284831000.0,,Not meaningful (revenue <= 0),Not meaningful (revenue <= 0),Limited (zero/negative revenue or assets)
GTIM,2016-09-27,2019-09-24,4,True,110758000,-5137000,59905000.0,-0.0463803969013525,2 - Small,Loss-making (<=0%),Analysis-ready
GTLS,2016-12-31,2019-12-31,4,True,1299100000,46400000,2481400000.0,0.03571703487029482,4 - Large,Low (0-5%),Analysis-ready
GTN,2016-12-31,2019-12-31,4,True,2122000000,179000000,6972000000.0,0.08435438265786993,4 - Large,Moderate (5-15%),Analysis-ready
GTN-A,2016-12-31,2019-12-31,4,True,2122000000,179000000,6972000000.0,0.08435438265786993,4 - Large,Moderate (5-15%),Analysis-ready
GTS,2016-12-31,2019-12-31,4,True,3375586000,92894000,2818826000.0,0.027519369970132594,5 - Mega,Low (0-5%),Analysis-ready
GTT,2016-12-31,2019-12-31,4,True,1727800000,-105900000,4757700000.0,-0.06129181618242852,4 - Large,Loss-making (<=0%),Analysis-ready
GTX,2016-12-31,2019-12-31,4,True,3248000000,313000000,2275000000.0,0.09636699507389163,5 - Mega,Moderate (5-15%),Analysis-ready
GTY,2016-12-31,2019-12-31,4,True,140655000,49723000,1211777000.0,0.3535103622338346,2 - Small,High (>15%),Analysis-ready
GTYH,2016-12-31,2019-12-31,4,True,36443000,-97370000,434393000.0,-2.6718437011223006,1 - Micro,Loss-making (<=0%),Analysis-ready
GURE,2016-12-31,2019-12-31,4,True,10596521,-25800045,279250985.0,-2.4347656178853416,1 - Micro,Loss-making (<=0%),Analysis-ready
GV,2016-12-31,2019-12-31,4,True,180645718,6726607,129367178.0,0.03723645970949613,2 - Small,Low (0-5%),Analysis-ready
GVA,2015-12-31,2018-12-31,4,True,3318414000,42410000,2476601000.0,0.012780201626439619,5 - Mega,Low (0-5%),Analysis-ready
GVP,2016-12-31,2019-12-31,4,True,82975000,-4916000,65677000.0,-0.05924676107261223,2 - Small,Loss-making (<=0%),Analysis-ready
GWB,2016-09-30,2019-09-30,4,True,440493000,167365000,12788301000.0,0.37994928409759066,3 - Mid,High (>15%),Analysis-ready
GWGH,2016-12-31,2019-12-31,4,True,92276000,108109000,3635206000.0,1.1715830768563873,2 - Small,High (>15%),Analysis-ready
GWPH,2017-09-30,2019-12-31,4,True,311332000,-9019000,882249000.0,-0.0289690748140249,3 - Mid,Loss-making (<=0%),Analysis-ready
GWRE,2016-07-31,2019-07-31,4,True,719514000,20732000,2166963000.0,0.028813893822774817,3 - Mid,Low (0-5%),Analysis-ready
GWRS,2016-12-31,2019-12-31,4,True,35471000,2224000,266113000.0,0.0626991063121987,1 - Micro,Moderate (5-15%),Analysis-ready
GWW,2016-12-31,2019-12-31,4,True,11486000000,849000000,6005000000.0,0.07391607173950897,5 - Mega,Moderate (5-15%),Analysis-ready
GYRO,2012-12-31,2015-08-31,4,True,2738019,-3752553,,-1.3705357778744414,1 - Micro,Loss-making (<=0%),Limited (zero/negative revenue or assets)
H,2016-12-31,2019-12-31,4,True,2559000000,766000000,8417000000.0,0.29933567799921845,4 - Large,High (>15%),Analysis-ready
HA,2016-12-31,2019-12-31,4,True,2832228000,223984000,4126624000.0,0.07908402854572442,4 - Large,Moderate (5-15%),Analysis-ready
HAE,2017-04-01,2020-03-28,4,True,988479000,76526000,1267110000.0,0.07741793199450873,4 - Large,Moderate (5-15%),Analysis-ready
HAFC,2016-12-31,2019-12-31,4,True,173254000,32788000,5538184000.0,0.18924815588673277,2 - Small,High (>15%),Analysis-ready
HAIN,2016-06-30,2019-06-30,4,True,2302468000,-183314000,2582620000.0,-0.07961630737104707,4 - Large,Loss-making (<=0%),Analysis-ready
HAL,2016-12-31,2019-12-31,4,True,22408000000,-1131000000,25377000000.0,-0.05047304534094966,5 - Mega,Loss-making (<=0%),Analysis-ready
HALL,2015-12-31,2018-12-31,4,True,379268000,10347000,1264894000.0,0.02728150015292616,3 - Mid,Low (0-5%),Analysis-ready
HALO,2016-12-31,2019-12-31,4,True,195992000,-72240000,565874000.0,-0.36858647291726193,2 - Small,Loss-making (<=0%),Analysis-ready
HAPP,2017-03-31,2019-03-31,3,False,63936185,18721979,65679048.0,0.29282289833214165,2 - Small,High (>15%),Analysis-ready
HARP,2016-12-31,2019-12-31,4,True,5777000,-55572000,176604000.0,-9.619525705383417,1 - Micro,Loss-making (<=0%),Analysis-ready
HAS,2016-12-25,2019-12-29,4,True,4720227000,520454000,8855628000.0,0.11026037518958304,5 - Mega,Moderate (5-15%),Analysis-ready
HASI,2016-12-31,2019-12-31,4,True,77340000,81564000,2387274000.0,1.0546159813809155,2 - Small,High (>15%),Analysis-ready
HAYN,2016-09-30,2019-09-30,4,True,490215000,9745000,593800000.0,0.019879032669338964,3 - Mid,Low (0-5%),Analysis-ready
HBAN,2016-12-31,2019-12-31,4,True,4390000000,1411000000,109002000000.0,0.3214123006833713,5 - Mega,High (>15%),Analysis-ready
HBB,2016-12-31,2019-12-31,4,True,612843000,-3522000,303240000.0,-0.005746985769601676,3 - Mid,Loss-making (<=0%),Analysis-ready
HBCP,2016-12-31,2019-12-31,4,True,96197000,27932000,2200465000.0,0.2903624853165899,2 - Small,High (>15%),Analysis-ready
HBI,2016-12-31,2019-12-28,4,True,6966923000,600720000,7353986000.0,0.08622457862674814,5 - Mega,Moderate (5-15%),Analysis-ready
HBIO,2016-12-31,2019-12-31,4,True,116176000,-4687000,164870000.0,-0.04034396088693017,2 - Small,Loss-making (<=0%),Analysis-ready
HBM,2016-12-31,2019-12-31,4,True,1237439000,-343810000,4455961000.0,-0.27783995817167556,4 - Large,Loss-making (<=0%),Analysis-ready
HBMD,2016-12-31,2019-12-31,4,True,85401000,16881000,2374619000.0,0.19766747461973513,2 - Small,High (>15%),Analysis-ready
HBNC,2016-12-31,2019-12-31,4,True,201485000,66538000,5246829000.0,0.3302379829764002,2 - Small,High (>15%),Analysis-ready
HBP,2016-12-31,2019-12-31,4,True,812000000,-21300000,301500000.0,-0.02623152709359606,3 - Mid,Loss-making (<=0%),Analysis-ready
HBT,2016-12-31,2019-12-31,4,True,163147000,66865000,,0.4098451090121179,2 - Small,High (>15%),Limited (zero/negative revenue or assets)
HCA,2016-12-31,2019-12-31,4,True,51336000000,3505000000,45058000000.0,0.0682756739909615,5 - Mega,Moderate (5-15%),Analysis-ready
HCAP,2016-12-31,2019-12-31,4,True,12670384,-1206455,140059736.0,-0.09521850324346919,1 - Micro,Loss-making (<=0%),Analysis-ready
HCAT,2017-12-31,2019-12-31,3,False,154941000,-60096000,302360000.0,-0.38786376749859625,2 - Small,Loss-making (<=0%),Analysis-ready
HCC,2016-12-31,2019-12-31,4,True,1268309000,301699000,1344264000.0,0.23787499733897655,4 - Large,High (>15%),Analysis-ready
HCCI,2016-12-31,2019-12-28,4,True,444427000,8363000,471314000.0,0.01881748858642702,3 - Mid,Low (0-5%),Analysis-ready
HCFT,2016-12-31,2019-12-31,4,True,16267774,6248890,657901998.0,0.3841269248023731,1 - Micro,High (>15%),Analysis-ready
HCHC,2016-12-31,2019-12-31,4,True,1984100000,-31500000,6958300000.0,-0.015876215916536464,4 - Large,Loss-making (<=0%),Analysis-ready
HCI,2016-12-31,2019-12-31,4,True,242474000,26576000,802609000.0,0.10960350388082846,2 - Small,Moderate (5-15%),Analysis-ready
HCKT,2016-12-30,2019-12-27,4,True,260837000,23277000,193735000.0,0.08923964008173688,2 - Small,Moderate (5-15%),Analysis-ready
HCM,2016-12-31,2019-12-31,4,True,204890000,-106024000,465122000.0,-0.5174679096100346,2 - Small,Loss-making (<=0%),Analysis-ready
HCR,2016-12-31,2019-12-31,4,True,636370000,-413559000,1111137000.0,-0.64987192985213,3 - Mid,Loss-making (<=0%),Analysis-ready
HCSG,2016-12-31,2019-12-31,4,True,1840778000,64581000,722592000.0,0.035083535331256674,4 - Large,Low (0-5%),Analysis-ready
HD,2017-01-29,2020-02-02,4,True,110225000000,11242000000,51236000000.0,0.10199138126559311,5 - Mega,Moderate (5-15%),Analysis-ready
HDS,2017-01-29,2020-02-02,4,True,6146000000,452000000,4715000000.0,0.07354376830458835,5 - Mega,Moderate (5-15%),Analysis-ready
HDSN,2016-12-31,2019-12-31,4,True,162059000,-25940000,180153000.0,-0.16006516145354469,2 - Small,Loss-making (<=0%),Analysis-ready
HE,2016-12-31,2019-12-31,4,True,2874601000,217882000,13745251000.0,0.07579556258416385,4 - Large,Moderate (5-15%),Analysis-ready
HEAR,2016-12-31,2019-12-31,4,True,234663000,17944000,131351000.0,0.07646710388940736,2 - Small,Moderate (5-15%),Analysis-ready
HEES,2016-12-31,2019-12-31,4,True,1348365000,87211000,1974610000.0,0.06467907428626522,4 - Large,Moderate (5-15%),Analysis-ready
HEI,2016-10-31,2019-10-31,4,True,2055647000,327896000,2969211000.0,0.15950987693898808,4 - Large,High (>15%),Analysis-ready
HELE,2017-02-28,2020-02-29,4,True,1707432000,152333000,1903883000.0,0.08921760866611379,4 - Large,Moderate (5-15%),Analysis-ready
HEP,2016-12-31,2019-12-31,4,True,532777000,224884000,2199232000.0,0.42209780076842657,3 - Mid,High (>15%),Analysis-ready
HEPA,2017-06-30,2019-12-31,4,True,0,-6718698,20432607.0,,Not meaningful (revenue <= 0),Not meaningful (revenue <= 0),Limited (zero/negative revenue or assets)
HES,2016-12-31,2019-12-31,4,True,6311000000,-408000000,21782000000.0,-0.06464902551101252,5 - Mega,Loss-making (<=0%),Analysis-ready
HESM,2016-12-31,2019-12-31,4,True,848300000,66700000,3277700000.0,0.0786278439231404,3 - Mid,Moderate (5-15%),Analysis-ready
HFBL,2016-06-30,2019-06-30,4,True,17099000,4743000,442453000.0,0.2773846423767472,1 - Micro,High (>15%),Analysis-ready
HFC,2016-12-31,2019-12-31,4,True,17486578000,772388000,12164841000.0,0.044170334527430126,5 - Mega,Low (0-5%),Analysis-ready
HFWA,2016-12-31,2019-12-31,4,True,227833000,67557000,5552970000.0,0.2965198193413597,2 - Small,High (>15%),Analysis-ready
HGSH,2016-09-30,2019-09-30,4,True,39575150,3702172,347893213.0,0.09354789558599272,1 - Micro,Moderate (5-15%),Analysis-ready
HGV,2016-12-31,2019-12-31,4,True,1670000000,216000000,3079000000.0,0.12934131736526946,4 - Large,Moderate (5-15%),Analysis-ready
HHC,2016-12-31,2019-12-31,4,True,1300539000,73956000,8413766000.0,0.05686565339447721,4 - Large,Moderate (5-15%),Analysis-ready
HHS,2016-12-31,2019-12-31,4,True,217577000,-26264000,110202000.0,-0.12071128841743382,2 - Small,Loss-making (<=0%),Analysis-ready
HHT,2016-06-30,2019-06-30,4,True,43651923,-14388530,54165033.0,-0.3296196137796724,1 - Micro,Loss-making (<=0%),Analysis-ready
HI,2016-09-30,2019-09-30,4,True,1807300000,121400000,2228600000.0,0.0671720245670337,4 - Large,Moderate (5-15%),Analysis-ready
HIBB,2017-01-28,2020-02-01,4,True,1184234000,27344000,769759000.0,0.02309003119315946,4 - Large,Low (0-5%),Analysis-ready
HIFS,2016-12-31,2019-12-31,4,True,74163000,38927000,2590346000.0,0.5248843763062444,2 - Small,High (>15%),Analysis-ready
HIG,2016-12-31,2019-12-31,4,True,20736000000,2085000000,70817000000.0,0.10054976851851852,5 - Mega,Moderate (5-15%),Analysis-ready
HIHO,2016-03-31,2019-03-31,4,True,14277000,-630000,15250000.0,-0.044126917419625974,1 - Micro,Loss-making (<=0%),Analysis-ready
HII,2016-12-31,2019-12-31,4,True,8899000000,549000000,7031000000.0,0.06169232498033487,5 - Mega,Moderate (5-15%),Analysis-ready
HIL,2016-12-31,2019-12-31,4,True,308620000,14084000,269551000.0,0.04563540924113797,3 - Mid,Low (0-5%),Analysis-ready
HIMX,2016-12-31,2019-12-31,4,True,671835000,-13614000,818481000.0,-0.020263904083591952,3 - Mid,Loss-making (<=0%),Analysis-ready
HIW,2016-12-31,2019-12-31,4,True,739255000,136918000,5138244000.0,0.18521078653509276,3 - Mid,High (>15%),Analysis-ready
HJLI,2016-12-31,2019-12-31,4,True,31243,-7625397,3434200.0,-244.06737509202063,1 - Micro,Loss-making (<=0%),Analysis-ready
HL,2016-12-31,2019-12-31,4,True,673266000,-99557000,2637308000.0,-0.14787171786485578,3 - Mid,Loss-making (<=0%),Analysis-ready
HLF,2016-12-31,2019-12-31,4,True,4877100000,311000000,2678600000.0,0.06376740275983679,5 - Mega,Moderate (5-15%),Analysis-ready
HLI,2017-03-31,2020-03-31,4,True,1158487000,183793000,1677003000.0,0.15864916913180727,4 - Large,High (>15%),Analysis-ready
HLIO,2016-12-31,2019-12-28,4,True,554665000,60268000,1021751000.0,0.10865657649211687,3 - Mid,Moderate (5-15%),Analysis-ready
HLIT,2016-12-31,2019-12-31,4,True,402874000,-5924000,587327000.0,-0.014704349250634192,3 - Mid,Loss-making (<=0%),Analysis-ready
HLNE,2017-03-31,2020-03-31,4,True,274048000,60825000,473529000.0,0.22195016931340494,3 - Mid,High (>15%),Analysis-ready
HLT,2016-12-31,2019-12-31,4,True,3766000000,881000000,14957000000.0,0.233935209771641,5 - Mega,High (>15%),Analysis-ready
HLX,2016-12-31,2019-12-31,4,True,751909000,57919000,2596731000.0,0.07702926816941943,3 - Mid,Moderate (5-15%),Analysis-ready
HMG,2016-12-31,2019-12-31,4,True,79842,269870,33012489.0,3.3800505999348713,1 - Micro,High (>15%),Analysis-ready
HMHC,2016-12-31,2019-12-31,4,True,1390674000,-213833000,2513172000.0,-0.1537621326062039,4 - Large,Loss-making (<=0%),Analysis-ready
HMLP,2016-12-31,2019-12-31,4,True,145436000,52741000,1012800000.0,0.36264061167798894,2 - Small,High (>15%),Analysis-ready
HMN,2016-12-31,2019-12-31,4,True,1430485000,184443000,12478704000.0,0.1289373883682807,4 - Large,Moderate (5-15%),Analysis-ready
HMNF,2016-12-31,2019-12-31,4,True,38222000,7793000,777639000.0,0.20388781330124012,1 - Micro,High (>15%),Analysis-ready
HMST,2016-12-31,2019-12-31,4,True,264322000,17512000,6812435000.0,0.06625252532895484,2 - Small,Moderate (5-15%),Analysis-ready
HMSY,2016-12-31,2019-12-31,4,True,626395000,87224000,1244276000.0,0.13924759935823242,3 - Mid,Moderate (5-15%),Analysis-ready
HMTV,2016-12-31,2019-12-31,4,True,149387000,-3367000,492787000.0,-0.022538775127688485,2 - Small,Loss-making (<=0%),Analysis-ready
HNGR,2016-12-31,2019-12-31,4,True,1098046000,27525000,842253000.0,0.025067255834455023,4 - Large,Low (0-5%),Analysis-ready
HNI,2016-12-31,2019-12-28,4,True,2246947000,110505000,1452512000.0,0.04918006521738163,4 - Large,Low (0-5%),Analysis-ready
HNNA,2016-09-30,2019-09-30,4,True,42715000,11031000,110208000.0,0.25824651761676226,1 - Micro,High (>15%),Analysis-ready
HNRG,2016-12-31,2019-12-31,4,True,317436000,-59854000,425627000.0,-0.1885545432780151,3 - Mid,Loss-making (<=0%),Analysis-ready
HOFT,2017-01-29,2020-02-02,4,True,610824000,17083000,393708000.0,0.027967139470616742,3 - Mid,Low (0-5%),Analysis-ready
HOG,2016-12-31,2019-12-31,4,True,5361789000,423635000,10528159000.0,0.0790100095322662,5 - Mega,Moderate (5-15%),Analysis-ready
HOLI,2016-06-30,2019-06-30,4,True,570341000,125261000,1309417000.0,0.21962475080697338,3 - Mid,High (>15%),Analysis-ready
HOLX,2016-09-24,2019-09-28,4,True,3367300000,-203600000,6442100000.0,-0.060463873132777,5 - Mega,Loss-making (<=0%),Analysis-ready
HOMB,2016-12-31,2019-12-31,4,True,661408000,289539000,15032047000.0,0.4377615632106053,3 - Mid,High (>15%),Analysis-ready
HOME,2017-01-28,2020-01-25,4,True,1365035000,-214435000,2679547000.0,-0.15709121011549154,4 - Large,Loss-making (<=0%),Analysis-ready
HON,2016-12-31,2019-12-31,4,True,36709000000,6143000000,58679000000.0,0.16734315835353727,5 - Mega,High (>15%),Analysis-ready
HONE,2016-12-31,2019-12-31,4,True,165287000,18268000,4058921000.0,0.11052290863770291,2 - Small,Moderate (5-15%),Analysis-ready
HOOK,2017-12-31,2019-12-31,3,False,11942000,-43037000,143745000.0,-3.6038352034835035,1 - Micro,Loss-making (<=0%),Analysis-ready
HOPE,2016-12-31,2019-12-31,4,True,508978000,171040000,15667440000.0,0.33604595876442594,3 - Mid,High (>15%),Analysis-ready
HOTH,2017-12-31,2019-12-31,3,False,0,-7704636,2836129.0,,Not meaningful (revenue <= 0),Not meaningful (revenue <= 0),Limited (zero/negative revenue or assets)
HOV,2016-10-31,2019-10-31,4,True,2016916000,-42117000,1881424000.0,-0.020881881050078436,4 - Large,Loss-making (<=0%),Analysis-ready
HP,2016-09-30,2019-09-30,4,True,2798490000,-33656000,5839515000.0,-0.012026485711937509,4 - Large,Loss-making (<=0%),Analysis-ready
HPE,2016-10-31,2019-10-31,4,True,29135000000,1049000000,51803000000.0,0.036004805217092845,5 - Mega,Low (0-5%),Analysis-ready
HPP,2016-12-31,2019-12-31,4,True,817435000,44029000,7466568000.0,0.05386238661177953,3 - Mid,Moderate (5-15%),Analysis-ready
HPQ,2016-10-31,2019-10-31,4,True,58756000000,3152000000,33467000000.0,0.053645585131731226,5 - Mega,Moderate (5-15%),Analysis-ready
HPR,2016-12-31,2019-12-31,4,True,429118000,-134830000,2156052000.0,-0.31420262025829726,3 - Mid,Loss-making (<=0%),Analysis-ready
HQI,2016-12-31,2019-12-31,4,True,15876460,-289979,,-0.018264713922373124,1 - Micro,Loss-making (<=0%),Limited (zero/negative revenue or assets)
HQY,2017-01-31,2020-01-31,4,True,531993000,39664000,2564981000.0,0.07455737199549618,3 - Mid,Moderate (5-15%),Analysis-ready
HR,2016-12-31,2019-12-31,4,True,470143000,39185000,3563855000.0,0.08334698166302593,3 - Mid,Moderate (5-15%),Analysis-ready
HRB,2016-04-30,2019-04-30,4,True,3094881000,422509000,3299945000.0,0.13651865774483737,4 - Large,Moderate (5-15%),Analysis-ready
HRC,2016-09-30,2019-09-30,4,True,2907300000,152200000,4919000000.0,0.052350978571182885,4 - Large,Moderate (5-15%),Analysis-ready
HRI,2016-12-31,2019-12-31,4,True,1999000000,47500000,3817000000.0,0.023761880940470236,4 - Large,Low (0-5%),Analysis-ready
HRL,2016-10-30,2019-10-27,4,True,9497317000,978806000,8109004000.0,0.1030613172120084,5 - Mega,Moderate (5-15%),Analysis-ready
HROW,2016-12-31,2019-12-31,4,True,51165000,168000,59085000.0,0.003283494576370566,2 - Small,Low (0-5%),Analysis-ready
HRTG,2016-12-31,2019-12-31,4,True,511305000,28636000,1939670000.0,0.05600571087706946,3 - Mid,Moderate (5-15%),Analysis-ready
HRTX,2016-12-31,2019-12-31,4,True,145968000,-204749000,512782000.0,-1.4026978515839088,2 - Small,Loss-making (<=0%),Analysis-ready
HRZN,2016-12-31,2019-12-31,4,True,43125000,19498000,344001000.0,0.45212753623188406,1 - Micro,High (>15%),Analysis-ready
HSBC,2016-12-31,2019-12-31,4,True,53342000000,7383000000,2715152000000.0,0.1384087585767313,5 - Mega,Moderate (5-15%),Analysis-ready
HSC,2016-12-31,2019-12-31,4,True,1503742000,503919000,2367467000.0,0.3351100122228414,4 - Large,High (>15%),Analysis-ready
HSDT,2016-12-31,2019-12-31,4,True,1496000,-9781000,10347000.0,-6.538101604278075,1 - Micro,Loss-making (<=0%),Analysis-ready
HSIC,2016-12-31,2019-12-28,4,True,9985803000,694734000,7151101000.0,0.0695721716120376,5 - Mega,Moderate (5-15%),Analysis-ready
HSII,2016-12-31,2019-12-31,4,True,706924000,46869000,844173000.0,0.06629991342775178,3 - Mid,Moderate (5-15%),Analysis-ready
HSKA,2016-12-31,2019-12-31,4,True,122661000,-1465000,244424000.0,-0.011943486519757707,2 - Small,Loss-making (<=0%),Analysis-ready
HSON,2016-12-31,2019-12-31,4,True,93811000,-955000,46704000.0,-0.010180042852117556,2 - Small,Loss-making (<=0%),Analysis-ready
HST,2016-12-31,2019-12-31,4,True,5483000000,920000000,12305000000.0,0.1677913550975743,5 - Mega,High (>15%),Analysis-ready
HSTM,2016-12-31,2019-12-31,4,True,254112000,15770000,489544000.0,0.06205924946480292,2 - Small,Moderate (5-15%),Analysis-ready
HSTO,2017-12-31,2019-12-31,3,False,11454000,-2966000,2942000.0,-0.25894883883359526,1 - Micro,Loss-making (<=0%),Analysis-ready
HSY,2016-12-31,2019-12-31,4,True,7986252000,1149692000,8140395000.0,0.14395889335823614,5 - Mega,Moderate (5-15%),Analysis-ready
HT,2016-12-31,2019-12-31,4,True,530651000,-3669000,2122428000.0,-0.006914148847359187,3 - Mid,Loss-making (<=0%),Analysis-ready
HTA,2016-12-31,2019-12-31,4,True,693922000,30154000,6638749000.0,0.04345445165306763,3 - Mid,Low (0-5%),Analysis-ready
HTBI,2016-06-30,2019-06-30,4,True,124071000,27146000,3476178000.0,0.2187940775846088,2 - Small,High (>15%),Analysis-ready
HTBK,2016-12-31,2019-12-31,4,True,141210000,40461000,4109463000.0,0.28653069895899724,2 - Small,High (>15%),Analysis-ready
HTBX,2016-12-31,2019-12-31,4,True,3049104,-20017568,25956581.0,-6.565065671751439,1 - Micro,Loss-making (<=0%),Analysis-ready
HTGC,2016-12-31,2019-12-31,4,True,267874000,173598000,2461968000.0,0.6480584155237163,3 - Mid,High (>15%),Analysis-ready
HTGM,2016-12-31,2019-12-31,4,True,19203888,-19297664,45119269.0,-1.0048831778231575,1 - Micro,Loss-making (<=0%),Analysis-ready
HTH,2016-12-31,2019-12-31,4,True,1638116000,225291000,15172448000.0,0.1375305533918233,4 - Large,Moderate (5-15%),Analysis-ready
HTLD,2016-12-31,2019-12-31,4,True,596815000,72967000,898931000.0,0.1222606670408753,3 - Mid,Moderate (5-15%),Analysis-ready
HTLF,2016-12-31,2019-12-31,4,True,542997000,149129000,13209597000.0,0.274640559708433,3 - Mid,High (>15%),Analysis-ready
HTZ,2016-12-31,2019-12-31,4,True,9779000000,-58000000,24627000000.0,-0.0059310767972185294,5 - Mega,Loss-making (<=0%),Analysis-ready
HUBB,2016-12-31,2019-12-31,4,True,4591000000,400900000,4903000000.0,0.08732302330646918,5 - Mega,Moderate (5-15%),Analysis-ready
HUBG,2016-12-31,2019-12-31,4,True,3668117000,107171000,1991574000.0,0.02921689793428072,5 - Mega,Low (0-5%),Analysis-ready
HUBS,2016-12-31,2019-12-31,4,True,674860000,-53746000,1569268000.0,-0.07964022167560679,3 - Mid,Loss-making (<=0%),Analysis-ready
HUD,2016-12-31,2019-12-31,4,True,1953700000,12700000,2846800000.0,0.006500486256845984,4 - Large,Low (0-5%),Analysis-ready
HUM,2016-12-31,2019-12-31,4,True,64888000000,2707000000,29074000000.0,0.04171803723338676,5 - Mega,Low (0-5%),Analysis-ready
HUN,2016-12-31,2019-12-31,4,True,6797000000,562000000,8320000000.0,0.08268353685449463,5 - Mega,Moderate (5-15%),Analysis-ready
HURC,2016-10-31,2019-10-31,4,True,263377000,17495000,301065000.0,0.06642569396720291,2 - Small,Moderate (5-15%),Analysis-ready
HURN,2016-12-31,2019-12-31,4,True,876757000,41743000,1104271000.0,0.04761068346189423,3 - Mid,Low (0-5%),Analysis-ready
HUSA,2016-12-31,2019-12-31,4,True,997992,-2515694,7068835.0,-2.5207556774002198,1 - Micro,Loss-making (<=0%),Analysis-ready
HVT,2016-12-31,2019-12-31,4,True,802370000,21865000,560072000.0,0.027250520333511972,3 - Mid,Low (0-5%),Analysis-ready
HWBK,2016-12-31,2019-12-31,4,True,56485000,16114000,1492962000.0,0.28527927768434097,2 - Small,High (>15%),Analysis-ready
HWC,2016-12-31,2019-12-31,4,True,1158473000,327380000,30600757000.0,0.28259614164507935,4 - Large,High (>15%),Analysis-ready
HWCC,2016-12-31,2019-12-31,4,True,338286000,2550000,240148000.0,0.0075380003902023734,3 - Mid,Low (0-5%),Analysis-ready
HWKN,2017-04-02,2020-03-29,4,True,540198000,28367000,389328000.0,0.05251222699824879,3 - Mid,Moderate (5-15%),Analysis-ready
HWM,2016-12-31,2019-12-31,4,True,14192000000,470000000,17578000000.0,0.033117249154453215,5 - Mega,Low (0-5%),Analysis-ready
HX,2016-03-31,2019-03-31,4,True,61330504,5532581,173255842.0,0.09020928639360276,2 - Small,Moderate (5-15%),Analysis-ready
HXL,2016-12-31,2019-12-31,4,True,2355700000,306600000,3128600000.0,0.13015239631532027,4 - Large,Moderate (5-15%),Analysis-ready
HY,2016-12-31,2019-12-31,4,True,3291800000,35800000,1847200000.0,0.010875508840148247,5 - Mega,Low (0-5%),Analysis-ready
HYAC,2019-12-31,2019-12-31,1,False,0,3270524,405374549.0,,Not meaningful (revenue <= 0),Not meaningful (revenue <= 0),Limited (zero/negative revenue or assets)
HYB,2016-12-31,2019-12-31,4,True,20088000,41615000,328875000.0,2.0716348068498607,1 - Micro,High (>15%),Analysis-ready
HYRE,2016-12-31,2019-12-31,4,True,15854924,-12518377,11379288.0,-0.7895576793682518,1 - Micro,Loss-making (<=0%),Analysis-ready
HYT,2018-08-31,2019-12-31,4,True,120445812,174581760,,1.449463099638533,2 - Small,High (>15%),Limited (zero/negative revenue or assets)
HZN,2016-12-31,2019-12-31,4,True,690450000,80750000,421040000.0,0.11695271199942067,3 - Mid,Moderate (5-15%),Analysis-ready
HZNP,2016-12-31,2019-12-31,4,True,1300029000,573020000,4436034000.0,0.44077478271638554,4 - Large,High (>15%),Analysis-ready
HZO,2016-09-30,2019-09-30,4,True,1237153000,35985000,784083000.0,0.029086943975401586,4 - Large,Low (0-5%),Analysis-ready
I,2016-12-31,2019-12-31,4,True,2061465000,-913595000,11804382000.0,-0.4431775460655408,4 - Large,Loss-making (<=0%),Analysis-ready
IAA,2017-01-01,2019-12-29,4,True,1436800000,193200000,2151200000.0,0.13446547884187082,4 - Large,Moderate (5-15%),Analysis-ready
IAC,2016-12-31,2019-12-31,4,True,4757055000,431131000,8332825000.0,0.09062981193196211,5 - Mega,Moderate (5-15%),Analysis-ready
IAG,2016-12-31,2019-12-31,4,True,1065300000,-412600000,3862100000.0,-0.3873087393222566,4 - Large,Loss-making (<=0%),Analysis-ready
IART,2016-12-31,2019-12-31,4,True,1517557000,50201000,3303240000.0,0.03308014130605967,4 - Large,Low (0-5%),Analysis-ready
IBCP,2016-12-31,2019-12-31,4,True,169493000,46435000,3564694000.0,0.27396411651218633,2 - Small,High (>15%),Analysis-ready
IBIO,2016-06-30,2019-06-30,4,True,2018000,-17593000,30586000.0,-8.718037661050545,1 - Micro,Loss-making (<=0%),Analysis-ready
IBKC,2016-12-31,2019-12-31,4,True,1181355000,384155000,31713450000.0,0.3251816769726289,4 - Large,High (>15%),Analysis-ready
IBKR,2016-12-31,2019-12-31,4,True,1997000000,161000000,71676000000.0,0.08062093139709564,4 - Large,Moderate (5-15%),Analysis-ready
IBM,2016-12-31,2019-12-31,4,True,77147000000,9431000000,152186000000.0,0.1222471385795948,5 - Mega,Moderate (5-15%),Analysis-ready
IBOC,2016-12-31,2019-12-31,4,True,569597000,205104000,12112894000.0,0.3600861661841618,3 - Mid,High (>15%),Analysis-ready
IBP,2016-12-31,2019-12-31,4,True,1511629000,68159000,1099479000.0,0.04508976739662973,4 - Large,Low (0-5%),Analysis-ready
IBTX,2016-12-31,2019-12-31,4,True,568128000,192736000,14958207000.0,0.3392474935225865,3 - Mid,High (>15%),Analysis-ready
ICAD,2016-12-31,2019-12-31,4,True,31340000,-13551000,41748000.0,-0.432386726228462,1 - Micro,Loss-making (<=0%),Analysis-ready
ICBK,2016-12-31,2019-12-31,4,True,53752000,16452000,1378779000.0,0.3060723321922905,2 - Small,High (>15%),Analysis-ready
ICCC,2016-12-31,2019-12-31,4,True,13722872,-1295587,38691836.0,-0.09441077640307365,1 - Micro,Loss-making (<=0%),Analysis-ready
ICD,2016-12-31,2019-12-31,4,True,203602000,-60788000,517001000.0,-0.2985628824864196,2 - Small,Loss-making (<=0%),Analysis-ready
ICE,2016-12-31,2019-12-31,4,True,5202000000,1933000000,94493000000.0,0.37158785082660517,5 - Mega,High (>15%),Analysis-ready
ICFI,2016-12-31,2019-12-31,4,True,1478525000,68938000,1397217000.0,0.04662619840719636,4 - Large,Low (0-5%),Analysis-ready
ICHR,2016-12-30,2019-12-27,4,True,620837000,10729000,566555000.0,0.01728150867296891,3 - Mid,Low (0-5%),Analysis-ready
ICL,2016-12-31,2019-12-31,4,True,5271000000,475000000,9173000000.0,0.09011572756592677,5 - Mega,Moderate (5-15%),Analysis-ready
ICLK,2016-12-31,2019-12-31,4,True,199408000,-9603000,310958000.0,-0.048157546337157985,2 - Small,Loss-making (<=0%),Analysis-ready
ICLR,2016-12-31,2019-12-31,4,True,2805839000,373986000,2907512000.0,0.1332884744990714,4 - Large,Moderate (5-15%),Analysis-ready
ICMB,2016-06-30,2019-06-30,4,True,34397822,-14542229,336947992.0,-0.42276598210200633,1 - Micro,Loss-making (<=0%),Analysis-ready
ICON,2016-12-31,2019-12-31,4,True,148984000,-111513000,506060000.0,-0.7484897707136337,2 - Small,Loss-making (<=0%),Analysis-ready
ICPT,2016-12-31,2019-12-31,4,True,252002000,-344681000,754886000.0,-1.3677708907072166,2 - Small,Loss-making (<=0%),Analysis-ready
ICUI,2016-12-31,2019-12-31,4,True,1266208000,101035000,1692382000.0,0.0797933672824686,4 - Large,Moderate (5-15%),Analysis-ready
IDA,2016-12-31,2019-12-31,4,True,1346383000,232854000,6641201000.0,0.17294781648312552,4 - Large,High (>15%),Analysis-ready
IDCC,2016-12-31,2019-12-31,4,True,318924000,20928000,1612082000.0,0.06562064943372088,3 - Mid,Moderate (5-15%),Analysis-ready
IDEX,2016-12-31,2019-12-31,4,True,44566955,-97680615,126944444.0,-2.191772244704625,1 - Micro,Loss-making (<=0%),Analysis-ready
IDN,2016-12-31,2019-12-31,4,True,7663658,-2548711,13997171.0,-0.332571077675961,1 - Micro,Loss-making (<=0%),Analysis-ready
IDRA,2016-12-31,2019-12-31,4,True,1448000,-56515000,47489000.0,-39.02969613259668,1 - Micro,Loss-making (<=0%),Analysis-ready
IDT,2016-07-31,2019-07-31,4,True,1409172000,134000,443703000.0,9.509130184250042e-05,4 - Large,Low (0-5%),Analysis-ready
IDXG,2016-12-31,2019-12-31,4,True,24079000,-26727000,69051000.0,-1.1099713443249304,1 - Micro,Loss-making (<=0%),Analysis-ready
IDXX,2016-12-31,2019-12-31,4,True,2406908000,427720000,1832475000.0,0.17770517194674662,4 - Large,High (>15%),Analysis-ready
IDYA,2017-12-31,2019-12-31,3,False,0,-41975000,113001000.0,,Not meaningful (revenue <= 0),Not meaningful (revenue <= 0),Limited (zero/negative revenue or assets)
IEA,2016-12-31,2019-12-31,4,True,1459763000,6231000,824921000.0,0.004268501119702308,4 - Large,Low (0-5%),Analysis-ready
IEC,2016-09-30,2019-09-30,4,True,156981000,4747000,110832000.0,0.030239328326357968,2 - Small,Low (0-5%),Analysis-ready
IEP,2016-12-31,2019-12-31,4,True,8745000000,-1076000000,24639000000.0,-0.12304173813607776,5 - Mega,Loss-making (<=0%),Analysis-ready
IESC,2016-09-30,2019-09-30,4,True,1076996000,33206000,445258000.0,0.03083205508655557,4 - Large,Low (0-5%),Analysis-ready
IEX,2016-12-31,2019-12-31,4,True,2494573000,425521000,3813912000.0,0.1705786922250822,4 - Large,High (>15%),Analysis-ready
IFF,2016-12-31,2019-12-31,4,True,5140084000,455873000,13287411000.0,0.08868979573096471,5 - Mega,Moderate (5-15%),Analysis-ready
IFMK,2016-03-31,2019-03-31,4,True,125431439,-12003443,47101359.0,-0.09569724381460695,2 - Small,Loss-making (<=0%),Analysis-ready
IGA,2017-02-28,2020-02-29,4,True,6983908,-3066950,192159531.0,-0.43914524647231895,1 - Micro,Loss-making (<=0%),Analysis-ready
IGC,2016-03-31,2019-03-31,4,True,5116000,-4097000,34465000.0,-0.8008209538702111,1 - Micro,Loss-making (<=0%),Analysis-ready
IGMS,2017-12-31,2019-12-31,3,False,0,-43133000,261350000.0,,Not meaningful (revenue <= 0),Not meaningful (revenue <= 0),Limited (zero/negative revenue or assets)
IGT,2016-12-31,2019-12-31,4,True,4785806000,-19025000,13644590000.0,-0.003975296951025596,5 - Mega,Loss-making (<=0%),Analysis-ready
IHC,2016-12-31,2019-12-31,4,True,374448000,12396000,1054303000.0,0.03310473016279964,3 - Mid,Low (0-5%),Analysis-ready
IHG,2016-12-31,2019-12-31,4,True,3456000000,385000000,3976000000.0,0.11140046296296297,5 - Mega,Moderate (5-15%),Analysis-ready
IHRT,2016-12-31,2019-12-31,4,True,3683527000,11296689000,11021099000.0,3.0668131386033006,5 - Mega,High (>15%),Analysis-ready
IHT,2016-01-31,2019-01-31,4,True,6168965,1419701,17199754.0,0.23013601147031956,1 - Micro,High (>15%),Analysis-ready
III,2016-12-31,2019-12-31,4,True,265763000,3341000,218755000.0,0.012571351166264679,2 - Small,Low (0-5%),Analysis-ready
IIIN,2016-10-01,2019-09-28,4,True,455713000,5598000,293009000.0,0.012284047196371401,3 - Mid,Low (0-5%),Analysis-ready
IIIV,2016-09-30,2019-09-30,4,True,376307000,-3045000,349302000.0,-0.008091797388834117,3 - Mid,Loss-making (<=0%),Analysis-ready
IIM,2017-02-28,2020-02-29,4,True,50075366,102091470,1299814439.0,2.038756341790892,2 - Small,High (>15%),Analysis-ready
IIN,2016-12-31,2019-12-31,4,True,113493000,-3777000,113593000.0,-0.033279585525098465,2 - Small,Loss-making (<=0%),Analysis-ready
IIPR,2016-12-31,2019-12-31,4,True,44667000,23475000,745857000.0,0.5255557794344818,1 - Micro,High (>15%),Analysis-ready
IIVI,2016-06-30,2019-06-30,4,True,1362496000,107517000,1953773000.0,0.0789117913006717,4 - Large,Moderate (5-15%),Analysis-ready
IKNX,2016-12-31,2019-12-31,4,True,17618559,-813558,16879541.0,-0.04617619409169615,1 - Micro,Loss-making (<=0%),Analysis-ready
ILMN,2017-01-01,2019-12-29,4,True,3543000000,1002000000,7316000000.0,0.28281117696867064,5 - Mega,High (>15%),Analysis-ready
ILPT,2016-12-31,2019-12-31,4,True,229234000,52498000,2454901000.0,0.22901489307868816,2 - Small,High (>15%),Analysis-ready
IMAC,2016-12-31,2019-12-31,4,True,15126026,-6497230,20418078.0,-0.4295397879125687,1 - Micro,Loss-making (<=0%),Analysis-ready
IMAX,2016-12-31,2019-12-31,4,True,395664000,46866000,889069000.0,0.11844898701928909,3 - Mid,Moderate (5-15%),Analysis-ready
IMBI,2017-01-28,2020-02-01,4,True,501822000,-56296000,212743000.0,-0.1121832044031549,3 - Mid,Loss-making (<=0%),Analysis-ready
IMGN,2016-12-31,2019-12-31,4,True,82271000,-104133000,235262000.0,-1.2657315457451592,2 - Small,Loss-making (<=0%),Analysis-ready
IMH,2016-12-31,2019-12-31,4,True,-40329000,-7977000,3546279000.0,,Not meaningful (revenue <= 0),Not meaningful (revenue <= 0),Limited (zero/negative revenue or assets)
IMKTA,2016-09-24,2019-09-28,4,True,4202033610,81580002,1867328368.0,0.01941440968150657,5 - Mega,Low (0-5%),Analysis-ready
IMMR,2016-12-31,2019-12-31,4,True,35953000,-20044000,124848000.0,-0.5575056323533502,1 - Micro,Loss-making (<=0%),Analysis-ready
IMMU,2017-06-30,2019-12-31,4,True,295000,-357190000,671722000.0,-1210.8135593220338,1 - Micro,Loss-making (<=0%),Analysis-ready
IMRA,2017-12-31,2019-12-31,3,False,0,-23463000,33298000.0,,Not meaningful (revenue <= 0),Not meaningful (revenue <= 0),Limited (zero/negative revenue or assets)
IMUX,2016-12-31,2019-12-31,4,True,0,-34933000,65955000.0,,Not meaningful (revenue <= 0),Not meaningful (revenue <= 0),Limited (zero/negative revenue or assets)
IMVT,2018-03-31,2019-03-31,2,False,0,-28599424,13827979.0,,Not meaningful (revenue <= 0),Not meaningful (revenue <= 0),Limited (zero/negative revenue or assets)
IMXI,2016-12-31,2019-12-31,4,True,275333000,19609000,227306000.0,0.0712192145511072,3 - Mid,Moderate (5-15%),Analysis-ready
INBK,2016-12-31,2019-12-31,4,True,73790000,25239000,4100083000.0,0.34203821656050953,2 - Small,High (>15%),Analysis-ready
INCY,2016-12-31,2019-12-31,4,True,2158759000,446906000,3426750000.0,0.20701986650663645,4 - Large,High (>15%),Analysis-ready
INDB,2016-12-31,2019-12-31,4,True,497867000,165175000,11395165000.0,0.3317653108159408,3 - Mid,High (>15%),Analysis-ready
INDO,2016-12-31,2018-12-31,3,False,5856341,145723,9877486.0,0.02488294312096922,1 - Micro,Low (0-5%),Analysis-ready
INFI,2016-12-31,2019-12-31,4,True,3049000,-47057000,49014000.0,-15.433584781895703,1 - Micro,Loss-making (<=0%),Analysis-ready
INFN,2016-12-31,2019-12-28,4,True,1298865000,-386618000,1628338000.0,-0.29765834016622206,4 - Large,Loss-making (<=0%),Analysis-ready
INFO,2016-11-30,2019-11-30,4,True,4414600000,502700000,16087200000.0,0.1138721514973044,5 - Mega,Moderate (5-15%),Analysis-ready
INFU,2016-12-31,2019-12-31,4,True,81115000,1361000,79224000.0,0.016778647599087714,2 - Small,Low (0-5%),Analysis-ready
INFY,2017-03-31,2020-03-31,4,True,12780000000,2331000000,12260000000.0,0.1823943661971831,5 - Mega,High (>15%),Analysis-ready
INGN,2016-12-31,2019-12-31,4,True,361943000,20950000,447339000.0,0.05788204220001492,3 - Mid,Moderate (5-15%),Analysis-ready
INGR,2016-12-31,2019-12-31,4,True,6209000000,413000000,6040000000.0,0.0665163472378805,5 - Mega,Moderate (5-15%),Analysis-ready
INMB,2016-12-31,2019-12-31,4,True,0,-7678313,24470321.0,,Not meaningful (revenue <= 0),Not meaningful (revenue <= 0),Limited (zero/negative revenue or assets)
INMD,2016-12-31,2019-12-31,4,True,156361000,61145000,218385000.0,0.39105019793938384,2 - Small,High (>15%),Analysis-ready
INN,2016-12-31,2019-12-31,4,True,549348000,82610000,2355683000.0,0.15037826659967815,3 - Mid,High (>15%),Analysis-ready
INO,2016-12-31,2019-12-31,4,True,4111930,-119359219,143951597.0,-29.02754156807144,1 - Micro,Loss-making (<=0%),Analysis-ready
INOD,2016-12-31,2019-12-31,4,True,55858000,-1602000,49746000.0,-0.028679866805112964,2 - Small,Loss-making (<=0%),Analysis-ready
INOV,2016-12-31,2019-12-31,4,True,642410000,7775000,1908634000.0,0.012102862657804206,3 - Mid,Low (0-5%),Analysis-ready
INPX,2016-12-31,2019-12-31,4,True,6301000,-33991000,21219000.0,-5.394540549119188,1 - Micro,Loss-making (<=0%),Analysis-ready
INS,2016-12-31,2019-12-31,4,True,34303000,10969000,44240000.0,0.31976795032504446,1 - Micro,High (>15%),Analysis-ready
INSE,2017-09-30,2019-12-31,4,True,153400000,-37000000,327400000.0,-0.24119947848761408,2 - Small,Loss-making (<=0%),Analysis-ready
INSG,2016-12-31,2019-12-31,4,True,219496000,-40125000,161373000.0,-0.18280515362466743,2 - Small,Loss-making (<=0%),Analysis-ready
INSI,2017-03-31,2020-03-31,4,True,10232874,3084380,214259498.0,0.3014187412060385,1 - Micro,High (>15%),Analysis-ready
INSM,2016-12-31,2019-12-31,4,True,136467000,-254337000,742299000.0,-1.8637252962254611,2 - Small,Loss-making (<=0%),Analysis-ready
INSP,2016-12-31,2019-12-31,4,True,82050000,-33243000,181253000.0,-0.40515539305301645,2 - Small,Loss-making (<=0%),Analysis-ready
INSW,2016-12-31,2019-12-31,4,True,366184000,-830000,1753501000.0,-0.0022666200598606165,3 - Mid,Loss-making (<=0%),Analysis-ready
INT,2016-12-31,2019-12-31,4,True,36819000000,178900000,5992400000.0,0.004858904370026345,5 - Mega,Low (0-5%),Analysis-ready
INTC,2016-12-31,2019-12-28,4,True,71965000000,21048000000,136524000000.0,0.2924755089279511,5 - Mega,High (>15%),Analysis-ready
INTG,2016-06-30,2019-06-30,4,True,74753000,1457000,130879000.0,0.019490856554252003,2 - Small,Low (0-5%),Analysis-ready
INTL,2016-09-30,2019-09-30,4,True,32742300000,85100000,9936100000.0,0.0025990843648735734,5 - Mega,Low (0-5%),Analysis-ready
INTT,2016-12-31,2019-12-31,4,True,60660000,2322000,59715000.0,0.03827893175074184,2 - Small,Low (0-5%),Analysis-ready
INTU,2016-07-31,2019-07-31,4,True,6784000000,1557000000,6283000000.0,0.22951061320754718,5 - Mega,High (>15%),Analysis-ready
INUV,2016-12-31,2019-12-31,4,True,61525214,-4488107,30690928.0,-0.07294744232827861,2 - Small,Loss-making (<=0%),Analysis-ready
INVA,2016-12-31,2019-12-31,4,True,261016000,157288000,724826000.0,0.6025990743862445,2 - Small,High (>15%),Analysis-ready
INVE,2016-12-31,2019-12-31,4,True,83755000,-1151000,74318000.0,-0.013742463136529163,2 - Small,Loss-making (<=0%),Analysis-ready
INVH,2016-12-31,2019-12-31,4,True,1764685000,145463000,17392910000.0,0.0824300087551036,4 - Large,Moderate (5-15%),Analysis-ready
INWK,2016-12-31,2019-12-31,4,True,1157834000,-10075000,629283000.0,-0.008701592801731509,4 - Large,Loss-making (<=0%),Analysis-ready
IO,2016-12-31,2019-12-31,4,True,174679000,-48199000,233194000.0,-0.27592898974690716,2 - Small,Loss-making (<=0%),Analysis-ready
IONS,2016-12-31,2019-12-31,4,True,1122599000,294146000,3233112000.0,0.2620223249798013,4 - Large,High (>15%),Analysis-ready
IOSP,2016-12-31,2019-12-31,4,True,1513300000,112200000,1468800000.0,0.07414260225996168,4 - Large,Moderate (5-15%),Analysis-ready
IOTS,2016-12-31,2019-12-31,4,True,118166000,-26856000,167202000.0,-0.22727349660646887,2 - Small,Loss-making (<=0%),Analysis-ready
IOVA,2016-12-31,2019-12-31,4,True,0,-197556000,344655000.0,,Not meaningful (revenue <= 0),Not meaningful (revenue <= 0),Limited (zero/negative revenue or assets)
IP,2016-12-31,2019-12-31,4,True,22376000000,1225000000,33471000000.0,0.054746156596353235,5 - Mega,Moderate (5-15%),Analysis-ready
IPAR,2016-12-31,2019-12-31,4,True,713514000,60249000,828832000.0,0.08443982879102582,3 - Mid,Moderate (5-15%),Analysis-ready
IPG,2016-12-31,2019-12-31,4,True,8625100000,656000000,17751900000.0,0.07605708919316878,5 - Mega,Moderate (5-15%),Analysis-ready
IPGP,2016-12-31,2019-12-31,4,True,1314581000,180234000,2730436000.0,0.13710376157878443,4 - Large,Moderate (5-15%),Analysis-ready
IPHI,2016-12-31,2019-12-31,4,True,365635000,-72911000,976006000.0,-0.1994092469265798,3 - Mid,Loss-making (<=0%),Analysis-ready
IPI,2016-12-31,2019-12-31,4,True,171398000,13631000,578439000.0,0.07952834922227797,2 - Small,Moderate (5-15%),Analysis-ready
IPWR,2016-12-31,2019-12-31,4,True,0,-3927662,5265740.0,,Not meaningful (revenue <= 0),Not meaningful (revenue <= 0),Limited (zero/negative revenue or assets)
IQI,2017-02-28,2020-02-29,4,True,46961320,89190829,1194483978.0,1.8992402470799372,1 - Micro,High (>15%),Analysis-ready
IQV,2016-12-31,2019-12-31,4,True,11088000000,191000000,23251000000.0,0.017225829725829724,5 - Mega,Low (0-5%),Analysis-ready
IR,2016-12-31,2019-12-31,4,True,2451900000,159100000,4628400000.0,0.06488845385211468,4 - Large,Moderate (5-15%),Analysis-ready
IRBT,2016-12-31,2019-12-28,4,True,1214010000,85300000,920753000.0,0.07026301266052175,4 - Large,Moderate (5-15%),Analysis-ready
IRDM,2016-12-31,2019-12-31,4,True,560444000,-161999000,3623557000.0,-0.28905474944865145,3 - Mid,Loss-making (<=0%),Analysis-ready
IRET,2017-04-30,2019-12-31,4,True,185755000,79206000,1392418000.0,0.42640036607359155,2 - Small,High (>15%),Analysis-ready
IRIX,2016-12-31,2019-12-28,4,True,43447000,-8813000,34813000.0,-0.20284484544387416,1 - Micro,Loss-making (<=0%),Analysis-ready
IRL,2016-10-31,2019-10-31,4,True,1203087,2226141,54941698.0,1.8503574554458655,1 - Micro,High (>15%),Analysis-ready
IRM,2016-12-31,2019-12-31,4,True,4262584000,267377000,13816816000.0,0.0627265058002376,5 - Mega,Moderate (5-15%),Analysis-ready
IRMD,2016-12-31,2019-12-31,4,True,38517141,9630959,66728864.0,0.250043454679048,1 - Micro,High (>15%),Analysis-ready
IRT,2016-12-31,2019-12-31,4,True,203223000,45896000,1664106000.0,0.22584057906831412,2 - Small,High (>15%),Analysis-ready
IRTC,2016-12-31,2019-12-31,4,True,214552000,-54568000,306212000.0,-0.2543346135202655,2 - Small,Loss-making (<=0%),Analysis-ready
IRWD,2016-12-31,2019-12-31,4,True,428413000,21505000,402748000.0,0.0501968894501334,3 - Mid,Moderate (5-15%),Analysis-ready
ISBC,2016-12-31,2019-12-31,4,True,709486000,195484000,26698766000.0,0.27552904497058434,3 - Mid,High (>15%),Analysis-ready
ISDR,2016-12-31,2019-12-31,4,True,16295000,686000,32390000.0,0.04209880331389997,1 - Micro,Low (0-5%),Analysis-ready
ISEE,2016-12-31,2019-12-31,4,True,0,-58859000,130187000.0,,Not meaningful (revenue <= 0),Not meaningful (revenue <= 0),Limited (zero/negative revenue or assets)
ISIG,2016-12-31,2019-12-31,4,True,21954000,-5021000,16990000.0,-0.2287054750842671,1 - Micro,Loss-making (<=0%),Analysis-ready
ISNS,2016-12-31,2019-12-31,4,True,14732000,6995000,19183000.0,0.47481672549551995,1 - Micro,High (>15%),Analysis-ready
ISR,2016-06-30,2019-06-30,4,True,7314000,-5144000,9422000.0,-0.7033087229969921,1 - Micro,Loss-making (<=0%),Analysis-ready
ISRG,2016-12-31,2019-12-31,4,True,4478500000,1379300000,9733200000.0,0.3079825834542816,5 - Mega,High (>15%),Analysis-ready
ISSC,2016-09-30,2019-09-30,4,True,17572589,1850296,38557025.0,0.10529444466037417,1 - Micro,Moderate (5-15%),Analysis-ready
ISTR,2016-12-31,2019-12-31,4,True,69126000,16839000,2148916000.0,0.24359864595087233,2 - Small,High (>15%),Analysis-ready
IT,2016-12-31,2019-12-31,4,True,4245321000,233290000,7151294000.0,0.05495226391596772,5 - Mega,Moderate (5-15%),Analysis-ready
ITCI,2016-12-31,2019-12-31,4,True,60613,-147722178,251186476.0,-2437.1368848266875,1 - Micro,Loss-making (<=0%),Analysis-ready
ITGR,2016-12-30,2019-12-31,4,True,1258094000,96336000,2353093000.0,0.0765729746743884,4 - Large,Moderate (5-15%),Analysis-ready
ITI,2017-03-31,2020-03-31,4,True,114117000,-5610000,101957000.0,-0.04916007255711244,2 - Small,Loss-making (<=0%),Analysis-ready
ITIC,2016-12-31,2019-12-31,4,True,183456000,31458000,263893000.0,0.17147435897435898,2 - Small,High (>15%),Analysis-ready
ITMR,2016-12-31,2019-12-31,4,True,31258000,-5268000,33207000.0,-0.16853285558896922,1 - Micro,Loss-making (<=0%),Analysis-ready
ITP,2016-12-31,2019-12-31,4,True,117614886,2221182,190198430.0,0.01888521151990914,2 - Small,Low (0-5%),Analysis-ready
ITRI,2016-12-31,2019-12-31,4,True,2502470000,49006000,2707841000.0,0.01958305194467866,4 - Large,Low (0-5%),Analysis-ready
ITRM,2016-12-31,2019-12-31,4,True,37000,-103130000,25751000.0,-2787.2972972972975,1 - Micro,Loss-making (<=0%),Analysis-ready
ITRN,2016-12-31,2019-12-31,4,True,279332000,6889000,339235000.0,0.024662408889779903,3 - Mid,Low (0-5%),Analysis-ready
ITT,2016-12-31,2019-12-31,4,True,2846400000,325100000,4107700000.0,0.11421444631815626,4 - Large,Moderate (5-15%),Analysis-ready
ITW,2016-12-31,2019-12-31,4,True,14109000000,2521000000,15068000000.0,0.17868027500177192,5 - Mega,High (>15%),Analysis-ready
IVAC,2016-12-31,2019-12-28,4,True,108885000,1148000,126322000.0,0.01054323368691739,2 - Small,Low (0-5%),Analysis-ready
IVC,2016-12-31,2019-12-31,4,True,927964000,-53327000,852126000.0,-0.05746666896560643,4 - Large,Loss-making (<=0%),Analysis-ready
IVR,2016-12-31,2019-12-31,4,True,410275000,364101000,22346545000.0,0.8874559746511487,3 - Mid,High (>15%),Analysis-ready
IVZ,2016-12-31,2019-12-31,4,True,6117400000,688300000,39420300000.0,0.1125151208029555,5 - Mega,Moderate (5-15%),Analysis-ready
IZEA,2016-12-31,2019-12-31,4,True,18955672,-7290120,23944361.0,-0.3845877898710212,1 - Micro,Loss-making (<=0%),Analysis-ready
J,2016-09-30,2019-09-27,4,True,12737868000,847979000,11462711000.0,0.06657150160450713,5 - Mega,Moderate (5-15%),Analysis-ready
JACK,2016-10-02,2019-09-29,4,True,950107000,94437000,958483000.0,0.09939617327311555,4 - Large,Moderate (5-15%),Analysis-ready
JAGX,2016-12-31,2019-12-31,4,True,5775257,-38539436,36410421.0,-6.673198439480702,1 - Micro,Loss-making (<=0%),Analysis-ready
JAKK,2016-12-31,2019-12-31,4,True,598649000,-55548000,365222000.0,-0.09278892974013153,3 - Mid,Loss-making (<=0%),Analysis-ready
JAN,2016-12-31,2019-12-28,4,True,35097000,-11964000,29034000.0,-0.3408838362253184,1 - Micro,Loss-making (<=0%),Analysis-ready
JAX,2017-01-01,2019-12-29,4,True,247269000,8817000,247912000.0,0.03565752277883601,2 - Small,Low (0-5%),Analysis-ready
JAZZ,2016-12-31,2019-12-31,4,True,2161761000,523367000,5538897000.0,0.24210215652886696,4 - Large,High (>15%),Analysis-ready
JBGS,2016-12-31,2019-12-31,4,True,646375000,65571000,5986251000.0,0.10144420808354283,3 - Mid,Moderate (5-15%),Analysis-ready
JBHT,2016-12-31,2019-12-31,4,True,9165258000,516320000,5470854000.0,0.05633447525426998,5 - Mega,Moderate (5-15%),Analysis-ready
JBL,2016-08-31,2019-08-31,4,True,25282320000,287111000,12970475000.0,0.011356196741438286,5 - Mega,Low (0-5%),Analysis-ready
JBLU,2016-12-31,2019-12-31,4,True,8094000000,569000000,11918000000.0,0.07029898690387942,5 - Mega,Moderate (5-15%),Analysis-ready
JBSS,2016-06-30,2019-06-27,4,True,876201000,39466000,391304000.0,0.045042176395598724,3 - Mid,Low (0-5%),Analysis-ready
JBT,2016-12-31,2019-12-31,4,True,1945700000,129000000,1914900000.0,0.06630004625584622,4 - Large,Moderate (5-15%),Analysis-ready
JCAP,2016-12-31,2019-12-31,4,True,36593000,44406000,812777000.0,1.2135107807504169,1 - Micro,High (>15%),Analysis-ready
JCI,2016-09-30,2019-09-30,4,True,23968000000,5674000000,42287000000.0,0.23673230974632845,5 - Mega,High (>15%),Analysis-ready
JCOM,2016-12-31,2019-12-31,4,True,1372054000,218806000,3505846000.0,0.15947331519021846,4 - Large,High (>15%),Analysis-ready
JCP,2017-01-28,2020-02-01,4,True,11167000000,-268000000,7989000000.0,-0.023999283603474524,5 - Mega,Loss-making (<=0%),Analysis-ready
JCS,2016-12-31,2019-12-31,4,True,50906179,6469049,59150712.0,0.12707787398461,2 - Small,Moderate (5-15%),Analysis-ready
JCTCF,2016-08-31,2019-08-31,4,True,45446362,2100452,22214677.0,0.046218264951548814,1 - Micro,Low (0-5%),Analysis-ready
JEF,2016-12-31,2019-11-30,4,True,5358656000,964696000,49460234000.0,0.18002573779694012,5 - Mega,High (>15%),Analysis-ready
JELD,2016-12-31,2019-12-31,4,True,4289761000,62971000,3381332000.0,0.014679372580430472,5 - Mega,Low (0-5%),Analysis-ready
JHG,2016-12-31,2019-12-31,4,True,2192400000,427600000,7621700000.0,0.19503740193395366,4 - Large,High (>15%),Analysis-ready
JHI,2016-10-31,2019-10-31,4,True,14538703,22553708,249787838.0,1.551287484172419,1 - Micro,High (>15%),Analysis-ready
JHS,2016-10-31,2019-10-31,4,True,11342819,23477531,278826930.0,2.069814479099067,1 - Micro,High (>15%),Analysis-ready
JHX,2017-03-31,2020-03-31,4,True,2606800000,241500000,4028300000.0,0.09264232008592911,4 - Large,Moderate (5-15%),Analysis-ready
JILL,2017-01-28,2020-02-01,4,True,691345000,-128567000,633988000.0,-0.18596648561861298,3 - Mid,Loss-making (<=0%),Analysis-ready
JJSF,2016-09-24,2019-09-28,4,True,1186487000,94819000,1019339000.0,0.07991575128931037,4 - Large,Moderate (5-15%),Analysis-ready
JKHY,2016-06-30,2019-06-30,4,True,1552691000,271885000,2184829000.0,0.17510567137955974,4 - Large,High (>15%),Analysis-ready
JLL,2016-12-31,2019-12-31,4,True,10030600000,535300000,13672600000.0,0.0533666979044125,5 - Mega,Moderate (5-15%),Analysis-ready
JMM,2016-06-30,2019-06-30,4,True,4696134,3837527,108242333.0,0.8171672699288394,1 - Micro,High (>15%),Analysis-ready
JMP,2016-12-31,2019-12-31,4,True,100539000,-6549000,230257000.0,-0.0651389013218751,2 - Small,Loss-making (<=0%),Analysis-ready
JNCE,2016-12-31,2019-12-31,4,True,147872000,56823000,205882000.0,0.3842715321359013,2 - Small,High (>15%),Analysis-ready
JNJ,2017-01-01,2019-12-29,4,True,82059000000,15119000000,157728000000.0,0.1842454819093579,5 - Mega,High (>15%),Analysis-ready
JNPR,2016-12-31,2019-12-31,4,True,4445400000,345000000,8837700000.0,0.07760831421244432,5 - Mega,Moderate (5-15%),Analysis-ready
JOB,2016-09-30,2019-09-30,4,True,151674000,-17763000,124481000.0,-0.1171130187111832,2 - Small,Loss-making (<=0%),Analysis-ready
JOE,2016-12-31,2019-12-31,4,True,127085000,26775000,909233000.0,0.21068576149820986,2 - Small,High (>15%),Analysis-ready
JOUT,2016-09-30,2019-09-27,4,True,562419000,51413000,436444000.0,0.09141405251245069,3 - Mid,Moderate (5-15%),Analysis-ready
JPC,2016-07-31,2019-07-31,4,True,103143001,73671202,1661097115.0,0.7142627350933874,2 - Small,High (>15%),Analysis-ready
JPM,2016-12-31,2019-12-31,4,True,110041000000,36431000000,2687379000000.0,0.33106751120037076,5 - Mega,High (>15%),Analysis-ready
JPS,2016-07-31,2019-07-31,4,True,191958060,158768884,3154323872.0,0.8271019409135516,2 - Small,High (>15%),Analysis-ready
JQC,2016-07-31,2019-07-31,4,True,103389958,39320990,1923548232.0,0.38031730315626977,2 - Small,High (>15%),Analysis-ready
JRJC,2016-12-31,2019-12-31,4,True,35518790,-11262821,89164526.0,-0.317094726481392,1 - Micro,Loss-making (<=0%),Analysis-ready
JRSH,2016-03-31,2019-03-31,4,True,84983661,5112269,59251097.0,0.06015590455675945,2 - Small,Moderate (5-15%),Analysis-ready
JRVR,2016-12-31,2019-12-31,4,True,907125000,38339000,5024405000.0,0.0422642965412705,4 - Large,Low (0-5%),Analysis-ready
JVA,2016-10-31,2019-10-31,4,True,86467432,-94598,39686724.0,-0.0010940304090446447,2 - Small,Loss-making (<=0%),Analysis-ready
JWN,2017-01-28,2020-02-01,4,True,15524000000,496000000,9737000000.0,0.03195052821437774,5 - Mega,Low (0-5%),Analysis-ready
JYNT,2016-12-31,2019-12-31,4,True,48450900,3323712,43705667.0,0.06859959257722767,1 - Micro,Moderate (5-15%),Analysis-ready
K,2016-12-31,2019-12-28,4,True,13578000000,960000000,17564000000.0,0.07070260715863898,5 - Mega,Moderate (5-15%),Analysis-ready
KAI,2016-12-31,2019-12-28,4,True,704644000,52068000,939387000.0,0.07389263230794557,3 - Mid,Moderate (5-15%),Analysis-ready
KALA,2016-12-31,2019-12-31,4,True,6074000,-94347000,154323000.0,-15.532927230819888,1 - Micro,Loss-making (<=0%),Analysis-ready
KALU,2016-12-31,2019-12-31,4,True,1514100000,62000000,1526200000.0,0.04094841820223235,4 - Large,Low (0-5%),Analysis-ready
KALV,2016-04-30,2019-04-30,4,True,16127000,-20816000,118132000.0,-1.2907546350840207,1 - Micro,Loss-making (<=0%),Analysis-ready
KAMN,2016-12-31,2019-12-31,4,True,761608000,209829000,1418943000.0,0.275507872816462,3 - Mid,High (>15%),Analysis-ready
KAR,2016-12-31,2019-12-31,4,True,2781900000,188500000,6581200000.0,0.06775944498364427,4 - Large,Moderate (5-15%),Analysis-ready
KBAL,2016-06-30,2019-06-30,4,True,768070000,39344000,364666000.0,0.0512244977671306,3 - Mid,Moderate (5-15%),Analysis-ready
KBH,2016-11-30,2019-11-30,4,True,4552747000,268775000,5015482000.0,0.059035786526244485,5 - Mega,Moderate (5-15%),Analysis-ready
KBR,2016-12-31,2019-12-31,4,True,5639000000,202000000,5364000000.0,0.03582195424720695,5 - Mega,Low (0-5%),Analysis-ready
KDMN,2016-12-31,2019-12-31,4,True,5095000,-61368000,214798000.0,-12.044749754661433,1 - Micro,Loss-making (<=0%),Analysis-ready
KDP,2017-09-30,2019-12-31,4,True,11120000000,1254000000,49518000000.0,0.11276978417266187,5 - Mega,Moderate (5-15%),Analysis-ready
KE,2016-06-30,2019-06-30,4,True,1181844000,31558000,764111000.0,0.026702339733501206,4 - Large,Low (0-5%),Analysis-ready
KELYA,2017-01-01,2019-12-29,4,True,5355600000,112400000,2480600000.0,0.02098737769811039,5 - Mega,Low (0-5%),Analysis-ready
KEM,2017-03-31,2020-03-31,4,True,1260554000,41381000,1393097000.0,0.03282762975644042,4 - Large,Low (0-5%),Analysis-ready
KEN,2016-12-31,2019-12-31,4,True,373000000,-14000000,1508000000.0,-0.03753351206434316,3 - Mid,Loss-making (<=0%),Analysis-ready
KEQU,2016-04-30,2019-04-30,4,True,146550000,1529000,87223000.0,0.010433299215284885,2 - Small,Low (0-5%),Analysis-ready
KERN,2017-06-30,2019-06-30,3,False,10919785,-12306547,24522671.0,-1.1269953575093283,1 - Micro,Loss-making (<=0%),Analysis-ready
KEX,2016-12-31,2019-12-31,4,True,2838399000,142347000,6079097000.0,0.05015045453440478,4 - Large,Moderate (5-15%),Analysis-ready
KEY,2016-12-31,2019-12-31,4,True,5923000000,1717000000,144988000000.0,0.2898868816478136,5 - Mega,High (>15%),Analysis-ready
KEYS,2016-10-31,2019-10-31,4,True,4303000000,621000000,6623000000.0,0.14431791773181502,5 - Mega,Moderate (5-15%),Analysis-ready
KF,2016-06-30,2019-06-30,4,True,3566545,-24361963,172737627.0,-6.830689925403997,1 - Micro,Loss-making (<=0%),Analysis-ready
KFFB,2016-06-30,2019-06-30,4,True,9671000,812000,330771000.0,0.08396236169992762,1 - Micro,Moderate (5-15%),Analysis-ready
KFRC,2016-12-31,2019-12-31,4,True,1347387000,130862000,381125000.0,0.09712280139262142,4 - Large,Moderate (5-15%),Analysis-ready
KFS,2015-12-31,2018-12-31,4,True,46153000,-30101000,378240000.0,-0.6522002903386562,1 - Micro,Loss-making (<=0%),Analysis-ready
KFY,2016-04-30,2019-04-30,4,True,1926033000,102651000,2334852000.0,0.05329659460663447,4 - Large,Moderate (5-15%),Analysis-ready
KGC,2016-12-31,2019-12-31,4,True,3497300000,718600000,9076000000.0,0.20547279329768678,5 - Mega,High (>15%),Analysis-ready
KGJI,2015-12-31,2018-12-31,4,True,2475666092,49546714,2699813698.0,0.02001348815177778,4 - Large,Low (0-5%),Analysis-ready
KHC,2016-12-31,2019-12-28,4,True,24977000000,1935000000,101450000000.0,0.07747127357168596,5 - Mega,Moderate (5-15%),Analysis-ready
KIDS,2016-12-31,2019-12-31,4,True,72552000,-13731000,194564000.0,-0.189257360238174,2 - Small,Loss-making (<=0%),Analysis-ready
KIM,2016-12-31,2019-12-31,4,True,1158884000,410605000,10997867000.0,0.3543106989137826,4 - Large,High (>15%),Analysis-ready
KIN,2016-12-31,2019-12-31,4,True,4256000,-61389000,114024000.0,-14.424107142857142,1 - Micro,Loss-making (<=0%),Analysis-ready
KINS,2016-12-31,2019-12-31,4,True,145563020,-5966353,321202812.0,-0.04098810948000392,2 - Small,Loss-making (<=0%),Analysis-ready
KIRK,2017-01-28,2020-02-01,4,True,603880000,-53265000,422442000.0,-0.08820461018745446,3 - Mid,Loss-making (<=0%),Analysis-ready
KKR,2016-12-31,2019-12-31,4,True,7907306000,2005049000,60899319000.0,0.2535691675521347,5 - Mega,High (>15%),Analysis-ready
KLAC,2016-06-30,2019-06-30,4,True,4568904000,1175617000,9008516000.0,0.25730831726821135,5 - Mega,High (>15%),Analysis-ready
KLDO,2016-12-31,2019-12-31,4,True,0,-86331000,82306000.0,,Not meaningful (revenue <= 0),Not meaningful (revenue <= 0),Limited (zero/negative revenue or assets)
KLIC,2016-10-01,2019-09-28,4,True,540052000,11653000,1079616000.0,0.021577551791308984,3 - Mid,Low (0-5%),Analysis-ready
KLXE,2017-01-31,2020-01-31,4,True,544000000,-96400000,623400000.0,-0.17720588235294119,3 - Mid,Loss-making (<=0%),Analysis-ready
KMB,2016-12-31,2019-12-31,4,True,18450000000,2157000000,15283000000.0,0.11691056910569106,5 - Mega,Moderate (5-15%),Analysis-ready
KMDA,2016-12-31,2019-12-31,4,True,127187000,22251000,173797000.0,0.1749471250992633,2 - Small,High (>15%),Analysis-ready
KMI,2016-12-31,2019-12-31,4,True,13209000000,2190000000,74157000000.0,0.16579604814898932,5 - Mega,High (>15%),Analysis-ready
KMPH,2016-12-31,2019-12-31,4,True,12839000,-24522000,10507000.0,-1.9099618350338812,1 - Micro,Loss-making (<=0%),Analysis-ready
KMPR,2016-12-31,2019-12-31,4,True,5019100000,531100000,12989100000.0,0.10581578370624216,5 - Mega,Moderate (5-15%),Analysis-ready
KMT,2016-06-30,2019-06-30,4,True,2375234000,241925000,2656269000.0,0.10185312268180735,4 - Large,Moderate (5-15%),Analysis-ready
KMX,2017-02-28,2020-02-29,4,True,21424087000,888433000,21082182000.0,0.04146888499845991,5 - Mega,Low (0-5%),Analysis-ready
KN,2016-12-31,2019-12-31,4,True,854800000,49100000,1654600000.0,0.05744033692091717,3 - Mid,Moderate (5-15%),Analysis-ready
KNDI,2016-12-31,2019-12-31,4,True,135741336,-7188727,371218396.0,-0.05295901168970372,2 - Small,Loss-making (<=0%),Analysis-ready
KNL,2016-12-31,2019-12-31,4,True,1428100000,67500000,1357900000.0,0.04726559764722359,4 - Large,Low (0-5%),Analysis-ready
KNOP,2016-12-31,2019-12-31,4,True,282561000,58957000,1738007000.0,0.20865229100972887,3 - Mid,High (>15%),Analysis-ready
KNSA,2016-12-31,2019-12-31,4,True,0,-161867000,254534000.0,,Not meaningful (revenue <= 0),Not meaningful (revenue <= 0),Limited (zero/negative revenue or assets)
KNSL,2016-12-31,2019-12-31,4,True,315888000,63316000,1090550000.0,0.20043812997011598,3 - Mid,High (>15%),Analysis-ready
KNX,2016-12-31,2019-12-31,4,True,4843950000,309206000,8281732000.0,0.06383344171595495,5 - Mega,Moderate (5-15%),Analysis-ready
KO,2016-12-31,2019-12-31,4,True,37266000000,8920000000,86381000000.0,0.23936027478130198,5 - Mega,High (>15%),Analysis-ready
KOD,2016-12-31,2019-12-31,4,True,0,-47365000,358866000.0,,Not meaningful (revenue <= 0),Not meaningful (revenue <= 0),Limited (zero/negative revenue or assets)
KODK,2016-12-31,2019-12-31,4,True,1242000000,116000000,1415000000.0,0.09339774557165861,4 - Large,Moderate (5-15%),Analysis-ready
KOP,2016-12-31,2019-12-31,4,True,1772800000,66600000,1564600000.0,0.03756768953068592,4 - Large,Low (0-5%),Analysis-ready
KOPN,2016-12-31,2019-12-28,4,True,29518809,-29506252,43046515.0,-0.9995746102086978,1 - Micro,Loss-making (<=0%),Analysis-ready
KOS,2016-12-31,2019-12-31,4,True,1499381000,-55777000,4317232000.0,-0.03720001787404269,4 - Large,Loss-making (<=0%),Analysis-ready
KOSS,2016-06-30,2019-06-30,4,True,21842097,434114,23235282.0,0.019875106314196846,1 - Micro,Low (0-5%),Analysis-ready
KPTI,2016-12-31,2019-12-31,4,True,40893000,-199590000,294963000.0,-4.880786442667449,1 - Micro,Loss-making (<=0%),Analysis-ready
KR,2017-01-28,2020-02-01,4,True,122286000000,1659000000,45256000000.0,0.01356655708748344,5 - Mega,Low (0-5%),Analysis-ready
KRA,2016-12-31,2019-12-31,4,True,1804436000,51305000,2832385000.0,0.02843270695109164,4 - Large,Low (0-5%),Analysis-ready
KRC,2016-12-31,2019-12-31,4,True,837454000,195443000,8900094000.0,0.23337759447086048,3 - Mid,High (>15%),Analysis-ready
KREF,2016-12-31,2019-12-31,4,True,121473000,89965000,5057018000.0,0.740617256509677,2 - Small,High (>15%),Analysis-ready
KRG,2016-12-31,2019-12-31,4,True,315173000,-534000,2648887000.0,-0.001694307570762724,3 - Mid,Loss-making (<=0%),Analysis-ready
KRMD,2017-02-28,2019-12-31,4,True,23162621,564349,13881861.0,0.02436464336225162,1 - Micro,Low (0-5%),Analysis-ready
KRNT,2016-12-31,2019-12-31,4,True,179866000,10167000,405466000.0,0.056525413363281554,2 - Small,Moderate (5-15%),Analysis-ready
KRNY,2016-06-30,2019-06-30,4,True,165312000,42142000,6634829000.0,0.25492402245451024,2 - Small,High (>15%),Analysis-ready
KRO,2016-12-31,2019-12-31,4,True,1731100000,87100000,1965800000.0,0.05031482872162209,4 - Large,Moderate (5-15%),Analysis-ready
KROS,2018-12-31,2019-12-31,2,False,10000000,-12336000,10955000.0,-1.2336,1 - Micro,Loss-making (<=0%),Analysis-ready
KRP,2016-12-31,2019-12-31,4,True,109957591,-69059517,748594054.0,-0.6280559293082366,2 - Small,Loss-making (<=0%),Analysis-ready
KRTX,2017-12-31,2019-12-31,3,False,0,-43957000,393024000.0,,Not meaningful (revenue <= 0),Not meaningful (revenue <= 0),Limited (zero/negative revenue or assets)
KRUS,2017-08-31,2019-08-31,3,False,64245000,1456000,76410000.0,0.022663242275663475,2 - Small,Low (0-5%),Analysis-ready
KRYS,2016-12-31,2019-12-31,4,True,0,-19088000,209023000.0,,Not meaningful (revenue <= 0),Not meaningful (revenue <= 0),Limited (zero/negative revenue or assets)
KSM,2016-11-30,2019-11-30,4,True,9903894,17238639,239077527.0,1.7405920338000387,1 - Micro,High (>15%),Analysis-ready
KSS,2017-01-28,2020-02-01,4,True,19974000000,691000000,14555000000.0,0.034594973465505156,5 - Mega,Low (0-5%),Analysis-ready
KSU,2016-12-31,2019-12-31,4,True,2866000000,538900000,9786800000.0,0.1880321004884857,4 - Large,High (>15%),Analysis-ready
KTB,2016-12-31,2019-12-28,4,True,2548839000,96654000,,0.0379207945264491,4 - Large,Low (0-5%),Limited (zero/negative revenue or assets)
KTCC,2016-07-02,2019-06-29,4,True,464044000,-7982000,238310000.0,-0.017200955081845687,3 - Mid,Loss-making (<=0%),Analysis-ready
KTF,2016-11-30,2019-11-30,4,True,30445891,53406047,756747407.0,1.754129875850899,1 - Micro,High (>15%),Analysis-ready
KTOS,2016-12-25,2019-12-29,4,True,717500000,12500000,1186000000.0,0.017421602787456445,3 - Mid,Low (0-5%),Analysis-ready
KTOV,2016-12-31,2019-12-31,4,True,1000000,-5850000,14718000.0,-5.85,1 - Micro,Loss-making (<=0%),Analysis-ready
KURA,2016-12-31,2019-12-31,4,True,0,-63140000,241972000.0,,Not meaningful (revenue <= 0),Not meaningful (revenue <= 0),Limited (zero/negative revenue or assets)
KVHI,2016-12-31,2019-12-31,4,True,157893000,33255000,199391000.0,0.2106173167904847,2 - Small,High (>15%),Analysis-ready
KW,2016-12-31,2019-12-31,4,True,641500000,226700000,7304500000.0,0.3533904910366329,3 - Mid,High (>15%),Analysis-ready
KWR,2016-12-31,2019-12-31,4,True,1133503000,31622000,2850316000.0,0.027897588272814453,4 - Large,Low (0-5%),Analysis-ready
KYN,2016-11-30,2019-11-30,4,True,48799000,-127045000,3001766000.0,-2.603434496608537,1 - Micro,Loss-making (<=0%),Analysis-ready
KZR,2016-12-31,2019-12-31,4,True,0,-35087000,89513000.0,,Not meaningful (revenue <= 0),Not meaningful (revenue <= 0),Limited (zero/negative revenue or assets)
L,2016-12-31,2019-12-31,4,True,14907000000,932000000,82243000000.0,0.06252096330582947,5 - Mega,Moderate (5-15%),Analysis-ready
LAD,2016-12-31,2019-12-31,4,True,12672700000,271500000,6083900000.0,0.02142400593401564,5 - Mega,Low (0-5%),Analysis-ready
LADR,2016-12-31,2019-12-31,4,True,300354000,122645000,6669152000.0,0.4083348315654195,3 - Mid,High (>15%),Analysis-ready
LAKE,2017-01-31,2020-01-31,4,True,107809000,3281000,99405000.0,0.030433451752636606,2 - Small,Low (0-5%),Analysis-ready
LAMR,2016-12-31,2019-12-31,4,True,1753644000,372111000,5941155000.0,0.21219301066807175,4 - Large,High (>15%),Analysis-ready
LANC,2016-06-30,2019-06-30,4,True,1307787000,150549000,905399000.0,0.11511737003044074,4 - Large,Moderate (5-15%),Analysis-ready
LAND,2016-12-31,2019-12-31,4,True,40692000,1741000,816787000.0,0.04278482256954684,1 - Micro,Low (0-5%),Analysis-ready
LARK,2016-12-31,2019-12-31,4,True,44763000,10662000,998465000.0,0.2381877890221835,1 - Micro,High (>15%),Analysis-ready
LASR,2016-12-31,2019-12-31,4,True,176619000,-12884000,249966000.0,-0.07294798407872313,2 - Small,Loss-making (<=0%),Analysis-ready
LAUR,2016-12-31,2019-12-31,4,True,3250326000,938484000,6515628000.0,0.2887353453161314,5 - Mega,High (>15%),Analysis-ready
LAWS,2016-12-31,2019-12-31,4,True,370785000,7221000,204429000.0,0.01947489785185485,3 - Mid,Low (0-5%),Analysis-ready
LAZ,2016-12-31,2019-12-31,4,True,2583330000,286500000,5639581000.0,0.11090336890757278,4 - Large,Moderate (5-15%),Analysis-ready
LAZY,2017-11-30,2019-12-31,4,True,644912000,714000,406636000.0,0.001107127794179671,3 - Mid,Low (0-5%),Analysis-ready
LB,2017-01-28,2020-02-01,4,True,12914000000,-366000000,10125000000.0,-0.028341334985287285,5 - Mega,Loss-making (<=0%),Analysis-ready
LBAI,2016-12-31,2019-12-31,4,True,220204000,70672000,6711236000.0,0.32093876587164627,2 - Small,High (>15%),Analysis-ready
LBC,2016-12-31,2019-12-31,4,True,131448000,48861000,7045828000.0,0.3717135293043637,2 - Small,High (>15%),Analysis-ready
LBRDA,2016-12-31,2019-12-31,4,True,14859000,117216000,12256342000.0,7.888552392489401,1 - Micro,High (>15%),Analysis-ready
LBRDK,2016-12-31,2019-12-31,4,True,14859000,117216000,12256342000.0,7.888552392489401,1 - Micro,High (>15%),Analysis-ready
LBRT,2016-12-31,2019-12-31,4,True,1990346000,39003000,1283429000.0,0.01959609032801332,4 - Large,Low (0-5%),Analysis-ready
LBTYA,2016-12-31,2019-12-31,4,True,11541500000,11521400000,49046300000.0,0.9982584586059005,5 - Mega,High (>15%),Analysis-ready
LBTYK,2016-12-31,2019-12-31,4,True,11541500000,11521400000,49046300000.0,0.9982584586059005,5 - Mega,High (>15%),Analysis-ready
LBY,2016-12-31,2019-12-31,4,True,785602000,-69019000,706687000.0,-0.08785491890295595,3 - Mid,Loss-making (<=0%),Analysis-ready
LC,2016-12-31,2019-12-31,4,True,753970000,-30745000,2982341000.0,-0.040777484515299015,3 - Mid,Loss-making (<=0%),Analysis-ready
LCI,2016-06-30,2019-06-30,4,True,655407000,-272107000,1187413000.0,-0.41517255689975846,3 - Mid,Loss-making (<=0%),Analysis-ready
LCII,2016-12-31,2019-12-31,4,True,2371482000,146509000,1862595000.0,0.061779511714615584,4 - Large,Moderate (5-15%),Analysis-ready
LCNB,2016-12-31,2019-12-31,4,True,66548000,18912000,1639308000.0,0.28418585081444975,2 - Small,High (>15%),Analysis-ready
LCTX,2016-12-31,2019-12-31,4,True,3515000,-11709000,125478000.0,-3.3311522048364153,1 - Micro,Loss-making (<=0%),Analysis-ready
LCUT,2016-12-31,2019-12-31,4,True,734902000,-44415000,770023000.0,-0.06043662964585754,3 - Mid,Loss-making (<=0%),Analysis-ready
LDL,2016-12-31,2019-12-31,4,True,837398000,-70513000,785937000.0,-0.0842048822662581,3 - Mid,Loss-making (<=0%),Analysis-ready
LDOS,2016-12-30,2020-01-03,4,True,11094000000,667000000,9367000000.0,0.060122588786731566,5 - Mega,Moderate (5-15%),Analysis-ready
LE,2017-01-27,2020-01-31,4,True,1450201000,19290000,1113629000.0,0.013301604398286858,4 - Large,Low (0-5%),Analysis-ready
LEA,2016-12-31,2019-12-31,4,True,19810300000,753600000,12680700000.0,0.038040817150674144,5 - Mega,Low (0-5%),Analysis-ready
LEAF,2016-12-31,2019-12-31,4,True,154956000,-26838000,94603000.0,-0.1731975528537133,2 - Small,Loss-making (<=0%),Analysis-ready
LECO,2016-12-31,2019-12-31,4,True,3003272000,293109000,2371213000.0,0.097596554691017,4 - Large,Moderate (5-15%),Analysis-ready
LEDS,2016-08-31,2019-08-31,4,True,5902000,-3565000,11662000.0,-0.6040325313453067,1 - Micro,Loss-making (<=0%),Analysis-ready
LEE,2016-09-25,2019-09-29,4,True,509854000,14268000,555202000.0,0.027984481832053883,3 - Mid,Low (0-5%),Analysis-ready
LEG,2016-12-31,2019-12-31,4,True,4752500000,333800000,4816400000.0,0.07023671751709626,5 - Mega,Moderate (5-15%),Analysis-ready
LEGH,2016-12-31,2019-12-31,4,True,168956000,28844000,283620000.0,0.17071900376429366,2 - Small,High (>15%),Analysis-ready
LEJU,2015-12-31,2018-12-31,4,True,462030656,-13480527,416727026.0,-0.0291766938512409,3 - Mid,Loss-making (<=0%),Analysis-ready
LEN,2016-11-30,2019-11-30,4,True,22259561000,1849052000,29359511000.0,0.08306776580185027,5 - Mega,Moderate (5-15%),Analysis-ready
LEO,2016-09-30,2019-09-30,4,True,37478299,53260637,867129688.0,1.4211060379234395,1 - Micro,High (>15%),Analysis-ready
LEU,2016-12-31,2019-12-31,4,True,209700000,-16500000,455900000.0,-0.07868383404864092,2 - Small,Loss-making (<=0%),Analysis-ready
LEVI,2016-11-27,2019-11-24,4,True,5763087000,394612000,4232418000.0,0.06847233088794252,5 - Mega,Moderate (5-15%),Analysis-ready
LEVL,2016-12-31,2019-12-31,4,True,63883000,16111000,1584899000.0,0.25219541975173365,2 - Small,High (>15%),Analysis-ready
LFUS,2016-12-31,2019-12-28,4,True,1503873000,139082000,2559898000.0,0.09248254340625837,4 - Large,Moderate (5-15%),Analysis-ready
LFVN,2016-06-30,2019-06-30,4,True,225958000,7429000,55273000.0,0.03287779144796821,2 - Small,Low (0-5%),Analysis-ready
LGC,2016-12-31,2019-12-31,4,True,0,1387000,303123000.0,,Not meaningful (revenue <= 0),Not meaningful (revenue <= 0),Limited (zero/negative revenue or assets)
LGF-A,2017-03-31,2020-03-31,4,True,3890000000,-188400000,7951200000.0,-0.048431876606683806,5 - Mega,Loss-making (<=0%),Analysis-ready
LGI,2016-12-31,2019-12-31,4,True,5275127,42339194,268447462.0,8.026194250868272,1 - Micro,High (>15%),Analysis-ready
LGIH,2016-12-31,2019-12-31,4,True,1838154000,178608000,1666115000.0,0.09716704911558009,4 - Large,Moderate (5-15%),Analysis-ready
LGL,2016-12-31,2019-12-31,4,True,31897000,7016000,39217000.0,0.2199579897796031,1 - Micro,High (>15%),Analysis-ready
LGND,2016-12-31,2019-12-31,4,True,120282000,629302000,1494915000.0,5.231888395603665,2 - Small,High (>15%),Analysis-ready
LH,2016-12-31,2019-12-31,4,True,11554800000,823800000,18046400000.0,0.07129504621456018,5 - Mega,Moderate (5-15%),Analysis-ready
LHCG,2016-12-31,2019-12-31,4,True,2080241000,95726000,2140295000.0,0.046016783632281066,4 - Large,Low (0-5%),Analysis-ready
LHX,2017-06-30,2020-01-03,4,True,18526000000,1644000000,38336000000.0,0.08874014897981215,5 - Mega,Moderate (5-15%),Analysis-ready
LIFE,2016-12-31,2019-12-31,4,True,422000,-23603000,36188000.0,-55.93127962085308,1 - Micro,Loss-making (<=0%),Analysis-ready
LII,2016-12-31,2019-12-31,4,True,3807200000,408700000,2034900000.0,0.1073492330321496,5 - Mega,Moderate (5-15%),Analysis-ready
LILA,2016-12-31,2019-12-31,4,True,3867000000,-80100000,14937500000.0,-0.020713731574864235,5 - Mega,Loss-making (<=0%),Analysis-ready
LILAK,2016-12-31,2019-12-31,4,True,3867000000,-80100000,14937500000.0,-0.020713731574864235,5 - Mega,Loss-making (<=0%),Analysis-ready
LIN,2016-12-31,2019-12-31,4,True,28228000000,2285000000,86612000000.0,0.08094799489868217,5 - Mega,Moderate (5-15%),Analysis-ready
LINC,2016-12-31,2019-12-31,4,True,273342000,2015000,194763000.0,0.0073717174821286155,3 - Mid,Low (0-5%),Analysis-ready
LIND,2016-12-31,2019-12-31,4,True,343091000,16353000,548658000.0,0.04766373935777971,3 - Mid,Low (0-5%),Analysis-ready
LIQT,2016-12-31,2019-12-31,4,True,32637484,39616,38589723.0,0.0012138190554149334,1 - Micro,Low (0-5%),Analysis-ready
LITB,2016-12-31,2019-12-31,4,True,243626000,999000,113201000.0,0.00410054756060519,2 - Small,Low (0-5%),Analysis-ready
LITE,2016-07-02,2019-06-29,4,True,1565300000,-36400000,2716600000.0,-0.023254328243787134,4 - Large,Loss-making (<=0%),Analysis-ready
LIVE,2016-09-30,2019-09-30,4,True,193288000,-4012000,122453000.0,-0.020756591200695337,2 - Small,Loss-making (<=0%),Analysis-ready
LIVN,2016-12-31,2019-12-31,4,True,1084170000,-155176000,2411797000.0,-0.14312884510731713,4 - Large,Loss-making (<=0%),Analysis-ready
LIVX,2016-03-31,2019-03-31,4,True,33701000,-37762000,58899000.0,-1.1205008753449452,1 - Micro,Loss-making (<=0%),Analysis-ready
LJPC,2016-12-31,2019-12-31,4,True,23054000,-116508000,132247000.0,-5.053700008675284,1 - Micro,Loss-making (<=0%),Analysis-ready
LKCO,2016-12-31,2018-12-31,3,False,21042363,-11927536,97079401.0,-0.56683443774827,1 - Micro,Loss-making (<=0%),Analysis-ready
LKFN,2016-12-31,2019-12-31,4,True,196809000,87047000,4946745000.0,0.44229176511236784,2 - Small,High (>15%),Analysis-ready
LKQ,2016-12-31,2019-12-31,4,True,12506109000,541260000,12779956000.0,0.043279648370248495,5 - Mega,Low (0-5%),Analysis-ready
LL,2016-12-31,2019-12-31,4,True,1092602000,9663000,596009000.0,0.008844025546356313,4 - Large,Low (0-5%),Analysis-ready
LLEX,2016-12-31,2019-12-31,4,True,62761000,-272121000,258599000.0,-4.3358295756919105,2 - Small,Loss-making (<=0%),Analysis-ready
LLIT,2016-12-31,2019-12-31,4,True,383458,-4450994,2333953.0,-11.60751373031727,1 - Micro,Loss-making (<=0%),Analysis-ready
LLNW,2016-12-31,2019-12-31,4,True,200634000,-16044000,209369000.0,-0.0799665061754239,2 - Small,Loss-making (<=0%),Analysis-ready
LLY,2016-12-31,2019-12-31,4,True,22319500000,8318400000,39286100000.0,0.37269652097941264,5 - Mega,High (>15%),Analysis-ready
LM,2017-03-31,2020-03-31,4,True,2922125000,251367000,8006120000.0,0.08602198742353595,4 - Large,Moderate (5-15%),Analysis-ready
LMAT,2016-12-31,2019-12-31,4,True,117232000,17934000,188341000.0,0.15297870888494608,2 - Small,High (>15%),Analysis-ready
LMB,2016-12-31,2019-12-31,4,True,553334000,-1775000,261617000.0,-0.003207827460448843,3 - Mid,Loss-making (<=0%),Analysis-ready
LMNR,2016-10-31,2019-10-31,4,True,171398000,-5943000,399867000.0,-0.034673683473552784,2 - Small,Loss-making (<=0%),Analysis-ready
LMNX,2016-12-31,2019-12-31,4,True,334638000,-3838000,543729000.0,-0.011469109903836384,3 - Mid,Loss-making (<=0%),Analysis-ready
LMPX,2016-12-31,2019-12-31,4,True,10853077,-4029851,19908249.0,-0.3713095373782016,1 - Micro,Loss-making (<=0%),Analysis-ready
LMRK,2016-12-31,2019-12-31,4,True,59738000,20787000,855605000.0,0.3479694666711306,2 - Small,High (>15%),Analysis-ready
LMST,2016-12-31,2019-12-31,4,True,41268000,10518000,1245779000.0,0.25487060191916255,1 - Micro,High (>15%),Analysis-ready
LMT,2016-12-31,2019-12-31,4,True,59812000000,6230000000,47528000000.0,0.10415970039456965,5 - Mega,Moderate (5-15%),Analysis-ready
LNC,2016-12-31,2019-12-31,4,True,17258000000,886000000,334761000000.0,0.05133850967667169,5 - Mega,Moderate (5-15%),Analysis-ready
LNDC,2016-05-29,2019-05-26,4,True,557559000,411000,519091000.0,0.0007371417195310272,3 - Mid,Low (0-5%),Analysis-ready
LNG,2016-12-31,2019-12-31,4,True,9303000000,648000000,35492000000.0,0.06965495001612383,5 - Mega,Moderate (5-15%),Analysis-ready
LNN,2016-08-31,2019-08-31,4,True,444072000,2172000,500314000.0,0.004891098740744744,3 - Mid,Low (0-5%),Analysis-ready
LNT,2016-12-31,2019-12-31,4,True,3647700000,557200000,16700700000.0,0.15275379005948955,5 - Mega,High (>15%),Analysis-ready
LNTH,2016-12-31,2019-12-31,4,True,347337000,31667000,405919000.0,0.0911708225728903,3 - Mid,Moderate (5-15%),Analysis-ready
LOAN,2016-12-31,2019-12-31,4,True,5704571,4494510,54443026.0,0.7878787028858086,1 - Micro,High (>15%),Analysis-ready
LOB,2016-12-31,2019-12-31,4,True,187787000,18034000,4814970000.0,0.09603433677517613,2 - Small,Moderate (5-15%),Analysis-ready
LOCO,2016-12-28,2019-12-25,4,True,442330000,24900000,624752000.0,0.056292813058124024,3 - Mid,Moderate (5-15%),Analysis-ready
LODE,2016-12-31,2019-12-31,4,True,179632,-3805102,39569892.0,-21.182762536741784,1 - Micro,Loss-making (<=0%),Analysis-ready
LOGC,2016-12-31,2019-12-31,4,True,0,-40128000,55660000.0,,Not meaningful (revenue <= 0),Not meaningful (revenue <= 0),Limited (zero/negative revenue or assets)
LOGI,2017-03-31,2020-03-31,4,True,2975851000,449723000,2363474000.0,0.15112416582685087,4 - Large,High (>15%),Analysis-ready
LOGM,2016-12-31,2019-12-31,4,True,1260385000,-14555000,3855997000.0,-0.011548058728087052,4 - Large,Loss-making (<=0%),Analysis-ready
LONE,2016-12-31,2019-12-31,4,True,187054000,-103019000,720779000.0,-0.5507447047376693,2 - Small,Loss-making (<=0%),Analysis-ready
LOOP,2017-02-28,2020-02-29,4,True,0,-14505455,42836558.0,,Not meaningful (revenue <= 0),Not meaningful (revenue <= 0),Limited (zero/negative revenue or assets)
LOPE,2016-12-31,2019-12-31,4,True,778643000,259175000,1690289000.0,0.3328547228961154,3 - Mid,High (>15%),Analysis-ready
LORL,2016-12-31,2019-12-31,4,True,0,89755000,390810000.0,,Not meaningful (revenue <= 0),Not meaningful (revenue <= 0),Limited (zero/negative revenue or assets)
LOVE,2017-01-29,2020-02-02,4,True,233377379,-15205019,125663767.0,-0.06515206857302139,2 - Small,Loss-making (<=0%),Analysis-ready
LOW,2017-02-03,2020-01-31,4,True,72148000000,4281000000,39471000000.0,0.059336364140378114,5 - Mega,Moderate (5-15%),Analysis-ready
LPCN,2016-12-31,2019-12-31,4,True,164990,-13007344,19658280.0,-78.83716588884175,1 - Micro,Loss-making (<=0%),Analysis-ready
LPG,2017-03-31,2020-03-31,4,True,333429998,111841258,,0.3354265023268842,3 - Mid,High (>15%),Limited (zero/negative revenue or assets)
LPI,2016-12-31,2019-12-31,4,True,837281000,-342459000,2264437000.0,-0.4090132225620789,3 - Mid,Loss-making (<=0%),Analysis-ready
LPLA,2016-12-31,2019-12-31,4,True,5624856000,559880000,5880238000.0,0.09953677036354353,5 - Mega,Moderate (5-15%),Analysis-ready
LPSN,2016-12-31,2019-12-31,4,True,291609000,-96071000,512710000.0,-0.3294514229670552,3 - Mid,Loss-making (<=0%),Analysis-ready
LPTH,2016-06-30,2019-06-30,4,True,33749088,-2680323,45973180.0,-0.07941912385899139,1 - Micro,Loss-making (<=0%),Analysis-ready
LPTX,2016-12-31,2019-12-31,4,True,0,-32900000,7448000.0,,Not meaningful (revenue <= 0),Not meaningful (revenue <= 0),Limited (zero/negative revenue or assets)
LPX,2016-12-31,2019-12-31,4,True,2310000000,-5000000,1835000000.0,-0.0021645021645021645,4 - Large,Loss-making (<=0%),Analysis-ready
LQDA,2016-12-31,2019-12-31,4,True,8072120,-47583455,68842067.0,-5.894790340084142,1 - Micro,Loss-making (<=0%),Analysis-ready
LQDT,2016-09-30,2019-09-30,4,True,226525000,-19260000,187283000.0,-0.08502372806533495,2 - Small,Loss-making (<=0%),Analysis-ready
LRCX,2016-06-26,2019-06-30,4,True,9653559000,2191430000,12001333000.0,0.22700746947317565,5 - Mega,High (>15%),Analysis-ready
LRMR,2018-12-31,2019-12-31,2,False,0,-23132000,5201000.0,,Not meaningful (revenue <= 0),Not meaningful (revenue <= 0),Limited (zero/negative revenue or assets)
LRN,2016-06-30,2019-06-30,4,True,1015752000,37209000,819606000.0,0.036631973158802546,4 - Large,Low (0-5%),Analysis-ready
LSBK,2016-12-31,2019-12-31,4,True,20662000,4087000,610869000.0,0.19780272964863033,1 - Micro,High (>15%),Analysis-ready
LSCC,2016-12-31,2019-12-28,4,True,404093000,43493000,612016000.0,0.10763116411321157,3 - Mid,Moderate (5-15%),Analysis-ready
LSI,2016-12-31,2019-12-31,4,True,579305000,258699000,4232964000.0,0.4465678701202303,3 - Mid,High (>15%),Analysis-ready
LSTR,2016-12-31,2019-12-28,4,True,4089618000,227720000,1427711000.0,0.05568246227398256,5 - Mega,Moderate (5-15%),Analysis-ready
LSXMA,2016-12-31,2019-12-31,4,True,7794000000,494000000,31421000000.0,0.06338208878624584,5 - Mega,Moderate (5-15%),Analysis-ready
LSXMB,2016-12-31,2019-12-31,4,True,7794000000,494000000,31421000000.0,0.06338208878624584,5 - Mega,Moderate (5-15%),Analysis-ready
LSXMK,2016-12-31,2019-12-31,4,True,7794000000,494000000,31421000000.0,0.06338208878624584,5 - Mega,Moderate (5-15%),Analysis-ready
LTBR,2016-12-31,2019-12-31,4,True,0,-10587124,20204844.0,,Not meaningful (revenue <= 0),Not meaningful (revenue <= 0),Limited (zero/negative revenue or assets)
LTC,2016-12-31,2019-12-31,4,True,185134000,80526000,1514209000.0,0.43496062311622935,2 - Small,High (>15%),Analysis-ready
LTHM,2016-12-31,2019-12-31,4,True,388400000,50200000,859600000.0,0.12924819773429455,3 - Mid,Moderate (5-15%),Analysis-ready
LTM,2016-12-31,2019-12-31,4,True,10070063000,190430000,21087806000.0,0.01891050731261562,5 - Mega,Low (0-5%),Analysis-ready
LTRPA,2016-12-31,2019-12-31,4,True,1560000000,-22000000,4726000000.0,-0.014102564102564103,4 - Large,Loss-making (<=0%),Analysis-ready
LTRX,2016-06-30,2019-06-30,4,True,46890000,-408000,48944000.0,-0.008701215611004478,1 - Micro,Loss-making (<=0%),Analysis-ready
LUB,2016-08-31,2019-08-28,4,True,323470000,-15226000,186000000.0,-0.04707082573345287,3 - Mid,Loss-making (<=0%),Analysis-ready
LULU,2017-01-29,2020-02-02,4,True,3979296000,645596000,3281354000.0,0.16223874775839747,5 - Mega,High (>15%),Analysis-ready
LUMO,2017-12-31,2018-12-31,2,False,0,-11162000,14336000.0,,Not meaningful (revenue <= 0),Not meaningful (revenue <= 0),Limited (zero/negative revenue or assets)
LUNA,2016-12-31,2019-12-31,4,True,70515715,5342545,86524060.0,0.07576389177930054,2 - Small,Moderate (5-15%),Analysis-ready
LUV,2016-12-31,2019-12-31,4,True,22428000000,2300000000,25895000000.0,0.10255038344925986,5 - Mega,Moderate (5-15%),Analysis-ready
LVGO,2017-12-31,2019-12-31,3,False,170198000,-55270000,560561000.0,-0.3247394211447843,2 - Small,Loss-making (<=0%),Analysis-ready
LVS,2016-12-31,2019-12-31,4,True,13739000000,2698000000,23199000000.0,0.19637528204381688,5 - Mega,High (>15%),Analysis-ready
LW,2016-05-29,2019-05-26,4,True,3756500000,478600000,3048100000.0,0.12740582989484892,5 - Mega,Moderate (5-15%),Analysis-ready
LWAY,2016-12-31,2019-12-31,4,True,93662000,453000,56987000.0,0.0048365398987849926,2 - Small,Low (0-5%),Analysis-ready
LXFR,2016-12-31,2019-12-31,4,True,443500000,3100000,390300000.0,0.006989853438556934,3 - Mid,Low (0-5%),Analysis-ready
LXP,2016-12-31,2019-12-31,4,True,325969000,279910000,3180260000.0,0.8587012875457483,3 - Mid,High (>15%),Analysis-ready
LXRX,2016-12-31,2019-12-31,4,True,322073000,130133000,417715000.0,0.4040481505745592,3 - Mid,High (>15%),Analysis-ready
LXU,2016-12-31,2019-12-31,4,True,365070000,-63417000,1088489000.0,-0.17371189087024405,3 - Mid,Loss-making (<=0%),Analysis-ready
LYB,2016-12-31,2019-12-31,4,True,34727000000,3390000000,30435000000.0,0.09761856768508653,5 - Mega,Moderate (5-15%),Analysis-ready
LYFT,2016-12-31,2019-12-31,4,True,3615960000,-2602241000,5691383000.0,-0.719654255024945,5 - Mega,Loss-making (<=0%),Analysis-ready
LYRA,2018-12-31,2019-12-31,2,False,0,-16306000,14963000.0,,Not meaningful (revenue <= 0),Not meaningful (revenue <= 0),Limited (zero/negative revenue or assets)
LYTS,2016-06-30,2019-06-30,4,True,328852000,-16339000,201100000.0,-0.049684964664955665,3 - Mid,Loss-making (<=0%),Analysis-ready
LYV,2016-12-31,2019-12-31,4,True,11547969000,69889000,10975615000.0,0.006052059890358209,5 - Mega,Low (0-5%),Analysis-ready
LZB,2016-04-30,2019-04-27,4,True,1745401000,68574000,1059790000.0,0.039288392753298526,4 - Large,Low (0-5%),Analysis-ready
M,2017-01-28,2020-02-01,4,True,25331000000,564000000,21172000000.0,0.022265208637637677,5 - Mega,Low (0-5%),Analysis-ready
MA,2016-12-31,2019-12-31,4,True,16883000000,8118000000,29236000000.0,0.48083871349878576,5 - Mega,High (>15%),Analysis-ready
MAA,2016-12-31,2019-12-31,4,True,1641017000,353811000,11230450000.0,0.2156047134185691,4 - Large,High (>15%),Analysis-ready
MAC,2016-12-31,2019-12-31,4,True,976432000,96820000,8853571000.0,0.09915693053894178,4 - Large,Moderate (5-15%),Analysis-ready
MACK,2016-12-31,2019-12-31,4,True,0,-17332000,20082000.0,,Not meaningful (revenue <= 0),Not meaningful (revenue <= 0),Limited (zero/negative revenue or assets)
MAG,2016-12-31,2019-12-31,4,True,0,-4426000,218810000.0,,Not meaningful (revenue <= 0),Not meaningful (revenue <= 0),Limited (zero/negative revenue or assets)
MAGS,2016-12-31,2019-12-31,4,True,86831000,2293000,127049000.0,0.02640761939860188,2 - Small,Low (0-5%),Analysis-ready
MAIN,2016-12-31,2019-12-31,4,True,243373000,129569000,2711549000.0,0.5323885558381579,2 - Small,High (>15%),Analysis-ready
MAN,2016-12-31,2019-12-31,4,True,20863500000,465700000,9223800000.0,0.02232127878831452,5 - Mega,Low (0-5%),Analysis-ready
MANH,2016-12-31,2019-12-31,4,True,617949000,85762000,372279000.0,0.1387849159072998,3 - Mid,Moderate (5-15%),Analysis-ready
MANT,2016-12-31,2019-12-31,4,True,2222559000,113890000,2107914000.0,0.0512427341636375,4 - Large,Moderate (5-15%),Analysis-ready
MAR,2016-12-31,2019-12-31,4,True,5373000000,1273000000,25051000000.0,0.23692536757863392,5 - Mega,High (>15%),Analysis-ready
MARA,2016-12-31,2019-12-31,4,True,1185227,-3517065,6619962.0,-2.967418899501952,1 - Micro,Loss-making (<=0%),Analysis-ready
MARK,2016-12-31,2019-12-31,4,True,5020000,-25614000,14827000.0,-5.102390438247012,1 - Micro,Loss-making (<=0%),Analysis-ready
MARPS,2016-06-30,2019-06-30,4,True,860543,634072,969426.0,0.7368277936140321,1 - Micro,High (>15%),Analysis-ready
MAS,2016-12-31,2019-12-31,4,True,6707000000,935000000,5027000000.0,0.13940659012971524,5 - Mega,Moderate (5-15%),Analysis-ready
MASI,2016-12-31,2019-12-28,4,True,937837000,196216000,1396128000.0,0.20922185838264004,4 - Large,High (>15%),Analysis-ready
MAT,2016-12-31,2019-12-31,4,True,4504571000,-213512000,5325226000.0,-0.04739896429648906,5 - Mega,Loss-making (<=0%),Analysis-ready
MATW,2016-09-30,2019-09-30,4,True,1537276000,-37988000,2190603000.0,-0.02471124248345775,4 - Large,Loss-making (<=0%),Analysis-ready
MATX,2016-12-31,2019-12-31,4,True,2203100000,82700000,2845400000.0,0.03753801461576869,4 - Large,Low (0-5%),Analysis-ready
MAXR,2016-12-31,2019-12-31,4,True,1666000000,109000000,5157000000.0,0.06542617046818727,4 - Large,Moderate (5-15%),Analysis-ready
MBCN,2016-12-31,2019-12-31,4,True,45336000,12711000,1182475000.0,0.2803732133403917,1 - Micro,High (>15%),Analysis-ready
MBI,2016-12-31,2019-12-31,4,True,389000000,-359000000,7284000000.0,-0.922879177377892,3 - Mid,Loss-making (<=0%),Analysis-ready
MBII,2016-12-31,2019-12-31,4,True,29373000,-37175000,72717000.0,-1.2656180846355496,1 - Micro,Loss-making (<=0%),Analysis-ready
MBIN,2016-12-31,2019-12-31,4,True,165447000,77329000,6371928000.0,0.46739439216184037,2 - Small,High (>15%),Analysis-ready
MBIO,2016-12-31,2019-12-31,4,True,0,-46389000,73445000.0,,Not meaningful (revenue <= 0),Not meaningful (revenue <= 0),Limited (zero/negative revenue or assets)
MBOT,2016-12-31,2019-12-31,4,True,0,-7247000,37126000.0,,Not meaningful (revenue <= 0),Not meaningful (revenue <= 0),Limited (zero/negative revenue or assets)
MBRX,2016-12-31,2019-12-31,4,True,0,-13205000,25235000.0,,Not meaningful (revenue <= 0),Not meaningful (revenue <= 0),Limited (zero/negative revenue or assets)
MBUU,2016-06-30,2019-06-30,4,True,684016000,66066000,451314000.0,0.09658545998924002,3 - Mid,Moderate (5-15%),Analysis-ready
MBWM,2016-12-31,2019-12-31,4,True,149740000,49456000,3632915000.0,0.33027915052758117,2 - Small,High (>15%),Analysis-ready
MC,2016-12-31,2019-12-31,4,True,746534000,105095000,1071699000.0,0.1407772452426815,3 - Mid,Moderate (5-15%),Analysis-ready
MCB,2016-12-31,2019-12-31,4,True,104016000,30134000,3357572000.0,0.28970542993385634,2 - Small,High (>15%),Analysis-ready
MCBC,2016-12-31,2019-12-31,4,True,83665000,31979000,2068770000.0,0.38222673758441406,2 - Small,High (>15%),Analysis-ready
MCBS,2016-12-31,2019-12-31,4,True,100868000,44718000,1631858000.0,0.44333187928778206,2 - Small,High (>15%),Analysis-ready
MCC,2016-09-30,2019-09-30,4,True,46298751,-96575067,486266642.0,-2.0859108488693354,1 - Micro,Loss-making (<=0%),Analysis-ready
MCD,2016-12-31,2019-12-31,4,True,21076500000,6025400000,47510800000.0,0.2858823808507105,5 - Mega,High (>15%),Analysis-ready
MCEP,2016-12-31,2019-12-31,4,True,61377000,-592000,202769000.0,-0.009645306873910423,2 - Small,Loss-making (<=0%),Analysis-ready
MCF,2016-12-31,2019-12-31,4,True,76512000,-159796000,353826000.0,-2.088508992053534,2 - Small,Loss-making (<=0%),Analysis-ready
MCFT,2016-06-30,2019-06-30,4,True,466381000,21354000,248773000.0,0.04578659936832761,3 - Mid,Low (0-5%),Analysis-ready
MCHP,2017-03-31,2020-03-31,4,True,5274200000,570600000,17426100000.0,0.10818702362443593,5 - Mega,Moderate (5-15%),Analysis-ready
MCHX,2016-12-31,2019-12-31,4,True,106132000,-4042000,124501000.0,-0.038084649304639506,2 - Small,Loss-making (<=0%),Analysis-ready
MCI,2016-12-31,2019-12-31,4,True,28414469,39012913,346773968.0,1.3729946176365289,1 - Micro,High (>15%),Analysis-ready
MCK,2017-03-31,2020-03-31,4,True,231051000000,900000000,61247000000.0,0.003895243907189322,5 - Mega,Low (0-5%),Analysis-ready
MCO,2016-12-31,2019-12-31,4,True,4829000000,1422000000,10265000000.0,0.29447090494926487,5 - Mega,High (>15%),Analysis-ready
MCRB,2016-12-31,2019-12-31,4,True,34505000,-70279000,132440000.0,-2.036777278655267,1 - Micro,Loss-making (<=0%),Analysis-ready
MCRI,2016-12-31,2019-12-31,4,True,249166000,31816000,610878000.0,0.12768997375243812,2 - Small,Moderate (5-15%),Analysis-ready
MCS,2016-12-29,2019-12-26,4,True,783705000,42017000,1359186000.0,0.05361328561129507,3 - Mid,Moderate (5-15%),Analysis-ready
MCY,2016-12-31,2019-12-31,4,True,3972518000,320087000,5889157000.0,0.08057534289334875,5 - Mega,Moderate (5-15%),Analysis-ready
MD,2016-12-31,2019-12-31,4,True,3513542000,-1497702000,4145901000.0,-0.4262655747391094,5 - Mega,Loss-making (<=0%),Analysis-ready
MDB,2017-01-31,2020-01-31,4,True,421720000,-175522000,1328567000.0,-0.41620506497201937,3 - Mid,Loss-making (<=0%),Analysis-ready
MDC,2016-12-31,2019-12-31,4,True,3293253000,238312000,3338356000.0,0.07236370846697779,5 - Mega,Moderate (5-15%),Analysis-ready
MDCA,2016-12-31,2019-12-31,4,True,1415803000,-4690000,1839492000.0,-0.0033126077568701295,4 - Large,Loss-making (<=0%),Analysis-ready
MDGL,2016-12-31,2019-12-31,4,True,0,-83948000,442056000.0,,Not meaningful (revenue <= 0),Not meaningful (revenue <= 0),Limited (zero/negative revenue or assets)
MDLA,2018-01-31,2020-01-31,3,False,402463000,-112333000,731649000.0,-0.2791138564290382,3 - Mid,Loss-making (<=0%),Analysis-ready
MDLY,2016-12-31,2019-12-31,4,True,48841000,-3379000,48796000.0,-0.0691836776478778,1 - Micro,Loss-making (<=0%),Analysis-ready
MDLZ,2016-12-31,2019-12-31,4,True,25868000000,3870000000,64549000000.0,0.14960569042832844,5 - Mega,Moderate (5-15%),Analysis-ready
MDP,2016-06-30,2019-06-30,4,True,3188500000,46300000,6136900000.0,0.014520934608750195,5 - Mega,Low (0-5%),Analysis-ready
MDRR,2016-12-31,2019-12-31,4,True,8268768,-3015718,83239242.0,-0.3647118893648969,1 - Micro,Loss-making (<=0%),Analysis-ready
MDRX,2016-12-31,2019-12-31,4,True,1771677000,-182178000,3205739000.0,-0.1028279985572991,4 - Large,Loss-making (<=0%),Analysis-ready
MDT,2017-04-28,2020-04-24,4,True,28913000000,4789000000,90689000000.0,0.16563483554110608,5 - Mega,High (>15%),Analysis-ready
MDU,2016-12-31,2019-12-31,4,True,5336776000,335453000,7683059000.0,0.06285686339467873,5 - Mega,Moderate (5-15%),Analysis-ready
MDWD,2016-12-31,2019-12-31,4,True,31789000,4955000,40590000.0,0.15587152788700495,1 - Micro,High (>15%),Analysis-ready
MEC,2017-12-31,2019-12-31,3,False,519704000,-4753000,363582000.0,-0.009145590566938103,3 - Mid,Loss-making (<=0%),Analysis-ready
MED,2016-12-31,2019-12-31,4,True,713672000,77916000,194653000.0,0.10917620419464404,3 - Mid,Moderate (5-15%),Analysis-ready
MEDP,2016-12-31,2019-12-31,4,True,860969000,100443000,1143071000.0,0.11666273698588452,3 - Mid,Moderate (5-15%),Analysis-ready
MEDS,2016-12-31,2019-12-31,4,True,7436264,-284428,5571494.0,-0.03824877653617462,1 - Micro,Loss-making (<=0%),Analysis-ready
MEET,2016-12-31,2019-12-31,4,True,211701000,11334000,272721000.0,0.053537772613261154,2 - Small,Moderate (5-15%),Analysis-ready
MEI,2016-04-30,2019-04-27,4,True,1000300000,91600000,1231700000.0,0.09157252824152755,4 - Large,Moderate (5-15%),Analysis-ready
MEIP,2016-06-30,2019-06-30,4,True,4915000,-16819000,82663000.0,-3.421973550356053,1 - Micro,Loss-making (<=0%),Analysis-ready
MELI,2016-12-31,2019-12-31,4,True,2296314000,-171999000,4781691000.0,-0.07490221285068158,4 - Large,Loss-making (<=0%),Analysis-ready
MEN,2016-04-30,2019-04-30,4,True,24443524,25919275,585786976.0,1.0603739051701384,1 - Micro,High (>15%),Analysis-ready
MEOH,2016-12-31,2019-12-31,4,True,3283514000,87767000,5196615000.0,0.02672959518369649,5 - Mega,Low (0-5%),Analysis-ready
MERC,2016-12-31,2019-12-31,4,True,1624411000,-9639000,2065720000.0,-0.00593384309759045,4 - Large,Loss-making (<=0%),Analysis-ready
MESA,2016-09-30,2019-09-30,4,True,723357000,47580000,1451917000.0,0.06577664970408802,3 - Mid,Moderate (5-15%),Analysis-ready
MESO,2016-06-30,2019-06-30,4,True,16722000,-89799000,652115000.0,-5.37011123071403,1 - Micro,Loss-making (<=0%),Analysis-ready
MET,2016-12-31,2019-12-31,4,True,69620000000,5899000000,740463000000.0,0.08473139902326918,5 - Mega,Moderate (5-15%),Analysis-ready
METC,2016-12-31,2019-12-31,4,True,230213000,24934000,226813000.0,0.10830839266244739,2 - Small,Moderate (5-15%),Analysis-ready
MFA,2016-12-31,2019-12-31,4,True,467827000,378117000,13567364000.0,0.8082410805703818,3 - Mid,High (>15%),Analysis-ready
MFGP,2017-04-30,2019-10-31,4,True,3348400000,1468800000,14294800000.0,0.43865726914347153,5 - Mega,High (>15%),Analysis-ready
MFIN,2016-12-31,2019-12-31,4,True,153185000,-1762000,1541667000.0,-0.011502431700231746,2 - Small,Loss-making (<=0%),Analysis-ready
MFNC,2016-12-31,2019-12-31,4,True,59475000,13850000,1320069000.0,0.2328709541824296,2 - Small,High (>15%),Analysis-ready
MG,2016-12-31,2019-12-31,4,True,748586000,6060000,719878000.0,0.00809526226779555,3 - Mid,Low (0-5%),Analysis-ready
MGA,2016-12-31,2019-12-31,4,True,39431000000,1765000000,25790000000.0,0.044761735690193,5 - Mega,Low (0-5%),Analysis-ready
MGEE,2016-12-31,2019-12-31,4,True,554955000,86874000,2081664000.0,0.1565424223585696,3 - Mid,High (>15%),Analysis-ready
MGEN,2016-12-31,2019-12-31,4,True,4461000,-41873000,30262000.0,-9.386460434880071,1 - Micro,Loss-making (<=0%),Analysis-ready
MGI,2016-12-31,2019-12-31,4,True,1285100000,-60300000,4185000000.0,-0.04692241848883355,4 - Large,Loss-making (<=0%),Analysis-ready
MGIC,2016-12-31,2019-12-31,4,True,325630000,20266000,404606000.0,0.06223628044099131,3 - Mid,Moderate (5-15%),Analysis-ready
MGLN,2016-12-31,2019-12-31,4,True,7159423000,55902000,3092173000.0,0.007808171133344126,5 - Mega,Low (0-5%),Analysis-ready
MGM,2016-12-31,2019-12-31,4,True,12462785000,2049146000,33876356000.0,0.1644211947811023,5 - Mega,High (>15%),Analysis-ready
MGNX,2016-12-31,2019-12-31,4,True,64188000,-151811000,312501000.0,-2.3650993955256436,2 - Small,Loss-making (<=0%),Analysis-ready
MGP,2016-12-31,2019-12-31,4,True,881078000,90260000,11910272000.0,0.10244268952351551,3 - Mid,Moderate (5-15%),Analysis-ready
MGPI,2016-12-31,2019-12-31,4,True,362745000,38793000,322597000.0,0.10694289376834967,3 - Mid,Moderate (5-15%),Analysis-ready
MGRC,2016-12-31,2019-12-31,4,True,570230000,96806000,1309875000.0,0.16976658541290357,3 - Mid,High (>15%),Analysis-ready
MGTA,2016-12-31,2019-12-31,4,True,0,-76769000,161514000.0,,Not meaningful (revenue <= 0),Not meaningful (revenue <= 0),Limited (zero/negative revenue or assets)
MGTX,2016-12-31,2019-12-31,4,True,13291956,-54746235,323887646.0,-4.118749339826283,1 - Micro,Loss-making (<=0%),Analysis-ready
MGY,2017-12-31,2019-12-31,3,False,936142000,50196000,3466406000.0,0.05362007045939612,4 - Large,Moderate (5-15%),Analysis-ready
MGYR,2016-09-30,2019-09-30,4,True,21861000,2996000,630328000.0,0.13704771053474224,1 - Micro,Moderate (5-15%),Analysis-ready
MHH,2016-12-31,2019-12-31,4,True,193574000,11145000,90584000.0,0.05757488092409105,2 - Small,Moderate (5-15%),Analysis-ready
MHK,2016-12-31,2019-12-31,4,True,9970672000,744211000,13386680000.0,0.07464000420433047,5 - Mega,Moderate (5-15%),Analysis-ready
MHLD,2016-12-31,2019-12-31,4,True,576135000,-131903000,3568196000.0,-0.22894460499709268,3 - Mid,Loss-making (<=0%),Analysis-ready
MHO,2016-12-31,2019-12-31,4,True,2500290000,127587000,2105594000.0,0.05102888064984462,4 - Large,Moderate (5-15%),Analysis-ready
MIC,2016-12-31,2019-12-31,4,True,1727000000,156000000,6861000000.0,0.0903300521134916,4 - Large,Moderate (5-15%),Analysis-ready
MICT,2016-12-31,2019-12-31,4,True,477000,-4217000,5917000.0,-8.840670859538784,1 - Micro,Loss-making (<=0%),Analysis-ready
MIDD,2016-12-31,2019-12-28,4,True,2959446000,352240000,5002143000.0,0.11902227646660896,4 - Large,Moderate (5-15%),Analysis-ready
MIK,2017-01-28,2020-02-01,4,True,5072037000,272595000,3838095000.0,0.053744678913028435,5 - Mega,Moderate (5-15%),Analysis-ready
MIME,2017-03-31,2020-03-31,4,True,426963000,-2200000,729834000.0,-0.005152671308755091,3 - Mid,Loss-making (<=0%),Analysis-ready
MIND,2017-01-31,2020-01-31,4,True,42675000,-11287000,58228000.0,-0.26448740480374927,1 - Micro,Loss-making (<=0%),Analysis-ready
MINI,2016-12-31,2019-12-31,4,True,612625000,83734000,2116877000.0,0.1366806774127729,3 - Mid,Moderate (5-15%),Analysis-ready
MIRM,2018-12-31,2019-12-31,2,False,0,-52553000,146712000.0,,Not meaningful (revenue <= 0),Not meaningful (revenue <= 0),Limited (zero/negative revenue or assets)
MIST,2017-12-31,2019-12-31,3,False,0,-55229000,123428000.0,,Not meaningful (revenue <= 0),Not meaningful (revenue <= 0),Limited (zero/negative revenue or assets)
MITK,2016-09-30,2019-09-30,4,True,84590000,-724000,135897000.0,-0.008558931315758364,2 - Small,Loss-making (<=0%),Analysis-ready
MITO,2016-12-31,2019-12-31,4,True,21087000,-71728000,52743000.0,-3.40152700716081,1 - Micro,Loss-making (<=0%),Analysis-ready
MITT,2016-12-31,2019-12-31,4,True,125768000,92922000,4347817000.0,0.7388365880033076,2 - Small,High (>15%),Analysis-ready
MJCO,2017-03-31,2020-03-31,4,True,146445000,9680000,159367000.0,0.06609990098671856,2 - Small,Moderate (5-15%),Analysis-ready
MKC,2016-11-30,2019-11-30,4,True,5347400000,702700000,10362100000.0,0.13140965702958446,5 - Mega,Moderate (5-15%),Analysis-ready
MKGI,2017-02-28,2020-02-29,4,True,441769,-9454686,10226284.0,-21.401877451790416,1 - Micro,Loss-making (<=0%),Analysis-ready
MKL,2016-12-31,2019-12-31,4,True,9526191000,1790466000,37473815000.0,0.18795193167972382,5 - Mega,High (>15%),Analysis-ready
MKSI,2016-12-31,2019-12-31,4,True,1899773000,140386000,3416320000.0,0.07389619707196597,4 - Large,Moderate (5-15%),Analysis-ready
MKTX,2016-12-31,2019-12-31,4,True,511352000,204902000,954930000.0,0.40070636274034327,3 - Mid,High (>15%),Analysis-ready
MLAB,2017-03-31,2020-03-31,4,True,117687000,1349000,420206000.0,0.011462608444433114,2 - Small,Low (0-5%),Analysis-ready
MLCO,2016-12-31,2019-12-31,4,True,5736801000,373173000,9488422000.0,0.06504897067198252,5 - Mega,Moderate (5-15%),Analysis-ready
MLHR,2016-05-28,2019-06-01,4,True,2567200000,160500000,1569300000.0,0.06251947647242131,4 - Large,Moderate (5-15%),Analysis-ready
MLI,2016-12-31,2019-12-28,4,True,2430616000,100972000,1370940000.0,0.04154173263074052,4 - Large,Low (0-5%),Analysis-ready
MLM,2016-12-31,2019-12-31,4,True,4422300000,611900000,10131600000.0,0.1383669131447437,5 - Mega,Moderate (5-15%),Analysis-ready
MLND,2016-12-31,2019-12-31,4,True,0,-44568000,74970000.0,,Not meaningful (revenue <= 0),Not meaningful (revenue <= 0),Limited (zero/negative revenue or assets)
MLP,2016-12-31,2019-12-31,4,True,10045000,-10366000,39119000.0,-1.0319561971129916,1 - Micro,Loss-making (<=0%),Analysis-ready
MLR,2016-12-31,2019-12-31,4,True,818166000,39111000,391967000.0,0.04780325752964557,3 - Mid,Low (0-5%),Analysis-ready
MLSS,2016-12-31,2019-12-31,4,True,8374501,-7524368,6556289.0,-0.8984855336455271,1 - Micro,Loss-making (<=0%),Analysis-ready
MLVF,2016-09-30,2019-09-30,4,True,29288000,9332000,1265222000.0,0.3186287899481016,1 - Micro,High (>15%),Analysis-ready
MMAC,2016-12-31,2019-12-31,4,True,60845000,100977000,485642000.0,1.6595776152518695,2 - Small,High (>15%),Analysis-ready
MMC,2016-12-31,2019-12-31,4,True,16652000000,1742000000,31357000000.0,0.10461205861157818,5 - Mega,Moderate (5-15%),Analysis-ready
MMI,2016-12-31,2019-12-31,4,True,806428000,76930000,709034000.0,0.09539599319468074,3 - Mid,Moderate (5-15%),Analysis-ready
MMLP,2016-12-31,2019-12-31,4,True,847118000,-171447000,667156000.0,-0.20238856924300982,3 - Mid,Loss-making (<=0%),Analysis-ready
MMM,2016-12-31,2019-12-31,4,True,32136000000,4570000000,44659000000.0,0.14220811550908638,5 - Mega,Moderate (5-15%),Analysis-ready
MMP,2016-12-31,2019-12-31,4,True,2727912000,1020849000,8437729000.0,0.374223581992381,4 - Large,High (>15%),Analysis-ready
MMS,2016-09-30,2019-09-30,4,True,2886815000,240824000,1745732000.0,0.08342204124614844,4 - Large,Moderate (5-15%),Analysis-ready
MMSI,2016-12-31,2019-12-31,4,True,994852000,5451000,1757321000.0,0.005479206957416782,4 - Large,Low (0-5%),Analysis-ready
MMU,2016-05-31,2019-05-31,4,True,38010019,40423134,850240073.0,1.0634862876548417,1 - Micro,High (>15%),Analysis-ready
MMYT,2016-03-31,2019-03-31,4,True,486011000,-167759000,1570286000.0,-0.34517531496200704,3 - Mid,Loss-making (<=0%),Analysis-ready
MN,2016-12-31,2019-12-31,4,True,136001000,1433000,226211000.0,0.010536687230240954,2 - Small,Low (0-5%),Analysis-ready
MNDO,2016-12-31,2019-12-31,4,True,22664000,5065000,31095000.0,0.2234821743734557,1 - Micro,High (>15%),Analysis-ready
MNK,2016-12-30,2019-12-27,4,True,3162500000,-996500000,10338900000.0,-0.315098814229249,5 - Mega,Loss-making (<=0%),Analysis-ready
MNKD,2016-12-31,2019-12-31,4,True,63038000,-51903000,93725000.0,-0.8233605127066214,2 - Small,Loss-making (<=0%),Analysis-ready
MNLO,2016-12-31,2019-12-31,4,True,443000,-95178000,81159000.0,-214.8487584650113,1 - Micro,Loss-making (<=0%),Analysis-ready
MNOV,2016-12-31,2019-12-31,4,True,0,-12941658,79205174.0,,Not meaningful (revenue <= 0),Not meaningful (revenue <= 0),Limited (zero/negative revenue or assets)
MNPR,2016-12-31,2019-12-31,4,True,0,-4224874,13352021.0,,Not meaningful (revenue <= 0),Not meaningful (revenue <= 0),Limited (zero/negative revenue or assets)
MNR,2016-09-30,2019-09-30,4,True,158522000,29800000,1871948000.0,0.18798652552957948,2 - Small,High (>15%),Analysis-ready
MNRL,2017-12-31,2019-12-31,3,False,101515000,21639000,784162000.0,0.2131606166576368,2 - Small,High (>15%),Analysis-ready
MNRO,2017-03-25,2020-03-28,4,True,1256524000,58024000,2049457000.0,0.04617818680741474,4 - Large,Low (0-5%),Analysis-ready
MNSB,2016-12-31,2019-12-31,4,True,42680000,13950000,1277358000.0,0.3268509840674789,1 - Micro,High (>15%),Analysis-ready
MNST,2016-12-31,2019-12-31,4,True,4200819000,1107835000,5150352000.0,0.2637188129267174,5 - Mega,High (>15%),Analysis-ready
MNTA,2016-12-31,2019-12-31,4,True,23868000,-290055000,618365000.0,-12.152463549522373,1 - Micro,Loss-making (<=0%),Analysis-ready
MNTX,2016-12-31,2019-12-31,4,True,224776000,-8492000,195402000.0,-0.037779834145994236,2 - Small,Loss-making (<=0%),Analysis-ready
MO,2016-12-31,2019-12-31,4,True,19796000000,-1293000000,49271000000.0,-0.06531622550010104,5 - Mega,Loss-making (<=0%),Analysis-ready
MOBL,2016-12-31,2019-12-31,4,True,205236000,-48846000,212430000.0,-0.23799918143015844,2 - Small,Loss-making (<=0%),Analysis-ready
MOD,2017-03-31,2020-03-31,4,True,1975500000,-2200000,1536100000.0,-0.0011136421159200203,4 - Large,Loss-making (<=0%),Analysis-ready
MODN,2016-09-30,2019-09-30,4,True,141235000,-19293000,169593000.0,-0.1366021170389776,2 - Small,Loss-making (<=0%),Analysis-ready
MOFG,2016-12-31,2019-12-31,4,True,167738000,43630000,4653573000.0,0.2601080256113701,2 - Small,High (>15%),Analysis-ready
MOH,2016-12-31,2019-12-31,4,True,16340000000,737000000,6787000000.0,0.04510403916768666,5 - Mega,Low (0-5%),Analysis-ready
MOHO,2017-12-31,2018-12-31,2,False,199015036,6123990,117772408.0,0.030771494069422974,2 - Small,Low (0-5%),Analysis-ready
MORF,2017-12-31,2019-12-31,3,False,16977000,-43328000,247435000.0,-2.5521588030865288,1 - Micro,Loss-making (<=0%),Analysis-ready
MORN,2016-12-31,2019-12-31,4,True,1179000000,152000000,2370900000.0,0.1289228159457167,4 - Large,Moderate (5-15%),Analysis-ready
MOS,2016-12-31,2019-12-31,4,True,8906300000,-1067400000,19298500000.0,-0.11984774822316786,5 - Mega,Loss-making (<=0%),Analysis-ready
MOSY,2016-12-31,2019-12-31,4,True,10086000,-2580000,9399000.0,-0.25580011897679955,1 - Micro,Loss-making (<=0%),Analysis-ready
MOTS,2016-12-31,2019-12-31,4,True,107000,-23086000,32257000.0,-215.7570093457944,1 - Micro,Loss-making (<=0%),Analysis-ready
MOV,2017-01-31,2020-01-31,4,True,700966000,42699000,847308000.0,0.06091450940559171,3 - Mid,Moderate (5-15%),Analysis-ready
MPA,2016-07-31,2019-07-31,4,True,13640382,19052533,352584076.0,1.3967741519262438,1 - Micro,High (>15%),Analysis-ready
MPAA,2016-03-31,2019-03-31,4,True,472797000,-7849000,632362000.0,-0.01660120516839151,3 - Mid,Loss-making (<=0%),Analysis-ready
MPB,2016-12-31,2019-12-31,4,True,81345000,17701000,2231175000.0,0.2176040322084947,2 - Small,High (>15%),Analysis-ready
MPC,2016-12-31,2019-12-31,4,True,124112000000,2637000000,98556000000.0,0.02124693824932319,5 - Mega,Low (0-5%),Analysis-ready
MPLX,2016-12-31,2019-12-31,4,True,8745000000,1434000000,40430000000.0,0.16397941680960548,5 - Mega,High (>15%),Analysis-ready
MPW,2016-12-31,2019-12-31,4,True,870248000,374684000,14467331000.0,0.4305485332916594,3 - Mid,High (>15%),Analysis-ready
MPWR,2016-12-31,2019-12-31,4,True,627921000,108839000,956375000.0,0.17333231409683703,3 - Mid,High (>15%),Analysis-ready
MPX,2016-12-31,2019-12-31,4,True,292136000,28239000,104764000.0,0.09666388257523893,3 - Mid,Moderate (5-15%),Analysis-ready
MR,2016-12-31,2019-12-31,4,True,634441000,31762000,1951177000.0,0.050062968818219505,3 - Mid,Moderate (5-15%),Analysis-ready
MRAM,2016-12-31,2019-12-31,4,True,37503000,-14669000,35372000.0,-0.39114204196997576,1 - Micro,Loss-making (<=0%),Analysis-ready
MRBK,2016-12-31,2019-12-31,4,True,68533000,10481000,1150019000.0,0.15293362321801177,2 - Small,High (>15%),Analysis-ready
MRC,2016-12-31,2019-12-31,4,True,3662000000,39000000,2325000000.0,0.01064991807755325,5 - Mega,Low (0-5%),Analysis-ready
MRCC,2016-12-31,2019-12-31,4,True,68193000,19214000,655058000.0,0.2817591248368601,2 - Small,High (>15%),Analysis-ready
MRCY,2016-06-30,2019-06-30,4,True,654744000,46775000,1416977000.0,0.07144013538115661,3 - Mid,Moderate (5-15%),Analysis-ready
MRIN,2016-12-31,2019-12-31,4,True,49036000,-12408000,42293000.0,-0.25303858389754463,2 - Small,Loss-making (<=0%),Analysis-ready
MRK,2016-12-31,2019-12-31,4,True,46840000000,9843000000,84397000000.0,0.21014090520922288,5 - Mega,High (>15%),Analysis-ready
MRKR,2016-12-31,2019-12-31,4,True,213194,-21427964,46359282.0,-100.50922633845231,1 - Micro,Loss-making (<=0%),Analysis-ready
MRLN,2016-12-31,2019-12-31,4,True,107186000,27116000,1207443000.0,0.2529807997313082,2 - Small,High (>15%),Analysis-ready
MRNA,2016-12-31,2019-12-31,4,True,60209000,-514021000,1589422000.0,-8.537278479961467,2 - Small,Loss-making (<=0%),Analysis-ready
MRNS,2016-12-31,2019-12-31,4,True,0,-54121000,98842000.0,,Not meaningful (revenue <= 0),Not meaningful (revenue <= 0),Limited (zero/negative revenue or assets)
MRO,2016-12-31,2019-12-31,4,True,5125000000,480000000,20245000000.0,0.09365853658536585,5 - Mega,Moderate (5-15%),Analysis-ready
MRSN,2016-12-31,2019-12-31,4,True,42123000,-28208000,107541000.0,-0.6696579066068419,1 - Micro,Loss-making (<=0%),Analysis-ready
MRTN,2016-12-31,2019-12-31,4,True,843271000,61071000,796586000.0,0.07242155843139395,3 - Mid,Moderate (5-15%),Analysis-ready
MRTX,2016-12-31,2019-12-31,4,True,3335000,-213256000,432200000.0,-63.9448275862069,1 - Micro,Loss-making (<=0%),Analysis-ready
MRUS,2016-12-31,2019-12-31,4,True,31133000,-55151000,263376000.0,-1.7714643625734752,1 - Micro,Loss-making (<=0%),Analysis-ready
MRVL,2017-01-28,2020-02-01,4,True,2699161000,1584391000,11133235000.0,0.5869938843959289,4 - Large,High (>15%),Analysis-ready
MS,2016-12-31,2019-12-31,4,True,41419000000,9042000000,895429000000.0,0.21830560853714479,5 - Mega,High (>15%),Analysis-ready
MSA,2016-12-31,2019-12-31,4,True,1401981000,136440000,1739693000.0,0.09731943585540745,4 - Large,Moderate (5-15%),Analysis-ready
MSB,2017-01-31,2020-01-31,4,True,31990874,30055752,23647374.0,0.93951018656133,1 - Micro,High (>15%),Analysis-ready
MSBF,2016-12-31,2019-12-31,4,True,18539000,4103000,593086000.0,0.2213172231511948,1 - Micro,High (>15%),Analysis-ready
MSBI,2016-12-31,2019-12-31,4,True,250741000,55784000,6087017000.0,0.22247657941860327,2 - Small,High (>15%),Analysis-ready
MSC,2016-12-31,2019-12-31,4,True,626733000,33564000,2712240000.0,0.05355390573019132,3 - Mid,Moderate (5-15%),Analysis-ready
MSCI,2016-12-31,2019-12-31,4,True,1557796000,563648000,4204439000.0,0.36182401290027705,4 - Large,High (>15%),Analysis-ready
MSEX,2016-12-31,2019-12-31,4,True,134598000,33888000,909878000.0,0.25177194311951145,2 - Small,High (>15%),Analysis-ready
MSFT,2016-06-30,2019-06-30,4,True,125843000000,39240000000,286556000000.0,0.3118171054409065,5 - Mega,High (>15%),Analysis-ready
MSGE,2017-06-30,2019-06-30,3,False,1048909000,-17894000,,-0.017059630530389194,4 - Large,Loss-making (<=0%),Limited (zero/negative revenue or assets)
MSGN,2016-06-30,2019-06-30,4,True,720845000,186182000,866899000.0,0.25828298732737276,3 - Mid,High (>15%),Analysis-ready
MSGS,2016-06-30,2019-06-30,4,True,1631068000,11427000,3763551000.0,0.007005839118908592,4 - Large,Low (0-5%),Analysis-ready
MSI,2016-12-31,2019-12-31,4,True,7887000000,868000000,10642000000.0,0.1100545200963611,5 - Mega,Moderate (5-15%),Analysis-ready
MSM,2016-09-03,2019-08-31,4,True,3363817000,288865000,2311237000.0,0.08587417210864919,5 - Mega,Moderate (5-15%),Analysis-ready
MSN,2016-03-31,2019-03-31,4,True,8982000,-2437000,41861000.0,-0.2713204186150078,1 - Micro,Loss-making (<=0%),Analysis-ready
MSON,2016-06-30,2019-06-30,4,True,38848491,-7386797,29951299.0,-0.1901437304218586,1 - Micro,Loss-making (<=0%),Analysis-ready
MSTR,2016-12-31,2019-12-31,4,True,486327000,34355000,916571000.0,0.07064176983798967,3 - Mid,Moderate (5-15%),Analysis-ready
MSVB,2016-12-31,2019-12-31,4,True,7762000,960000,208436000.0,0.12367946405565576,1 - Micro,Moderate (5-15%),Analysis-ready
MT,2016-12-31,2019-12-31,4,True,70615000000,-2454000000,87908000000.0,-0.03475182326701126,5 - Mega,Loss-making (<=0%),Analysis-ready
MTB,2016-12-31,2019-12-31,4,True,5967943000,1929149000,119872757000.0,0.32325191443685036,5 - Mega,High (>15%),Analysis-ready
MTBC,2016-12-31,2019-12-31,4,True,64438594,-871800,56403465.0,-0.01352915924888119,2 - Small,Loss-making (<=0%),Analysis-ready
MTCH,2016-12-31,2019-12-31,4,True,2051258000,534731000,2423712000.0,0.26068441902481304,4 - Large,High (>15%),Analysis-ready
MTD,2016-12-31,2019-12-31,4,True,3008652000,561109000,2789321000.0,0.18649847174083278,4 - Large,High (>15%),Analysis-ready
MTDR,2016-12-31,2019-12-31,4,True,962904000,87777000,4069676000.0,0.09115862017397373,4 - Large,Moderate (5-15%),Analysis-ready
MTEM,2016-12-31,2019-12-31,4,True,22270000,-69421000,174202000.0,-3.1172429277054334,1 - Micro,Loss-making (<=0%),Analysis-ready
MTEX,2016-12-31,2019-12-31,4,True,157728000,3289000,62923000.0,0.020852353418543315,2 - Small,Low (0-5%),Analysis-ready
MTG,2016-12-31,2019-12-31,4,True,1213977000,673763000,6229571000.0,0.5550047488543852,4 - Large,High (>15%),Analysis-ready
MTH,2016-12-31,2019-12-31,4,True,3666944000,249663000,3398249000.0,0.06808475940728846,5 - Mega,Moderate (5-15%),Analysis-ready
MTN,2016-07-31,2019-07-31,4,True,2271575000,301163000,4426077000.0,0.1325789375213233,4 - Large,Moderate (5-15%),Analysis-ready
MTNB,2016-12-31,2019-12-31,4,True,89812,-17372651,40240155.0,-193.43351667928562,1 - Micro,Loss-making (<=0%),Analysis-ready
MTOR,2016-09-30,2019-09-30,4,True,4388000000,291000000,2815000000.0,0.0663172288058341,5 - Mega,Moderate (5-15%),Analysis-ready
MTR,2016-12-31,2019-12-31,4,True,1837793,1635046,2840370.0,0.8896790879059829,1 - Micro,High (>15%),Analysis-ready
MTRN,2016-12-31,2019-12-31,4,True,1185424000,50660000,852670000.0,0.042735763743605666,4 - Large,Low (0-5%),Analysis-ready
MTRX,2016-06-30,2019-06-30,4,True,1416680000,27982000,633394000.0,0.01975181410057317,4 - Large,Low (0-5%),Analysis-ready
MTSC,2016-10-01,2019-09-28,4,True,892518000,43067000,1297977000.0,0.04825336855951365,3 - Mid,Low (0-5%),Analysis-ready
MTSI,2016-09-30,2019-09-27,4,True,499708000,-383798000,1105574000.0,-0.768044538010198,3 - Mid,Loss-making (<=0%),Analysis-ready
MTSL,2016-12-31,2019-12-31,4,True,5193000,-135000,8043000.0,-0.025996533795493933,1 - Micro,Loss-making (<=0%),Analysis-ready
MTW,2016-12-31,2019-12-31,4,True,1834100000,46600000,1617700000.0,0.025407556839866965,4 - Large,Low (0-5%),Analysis-ready
MTX,2016-12-31,2019-12-31,4,True,1791000000,132700000,3112600000.0,0.0740926856504746,4 - Large,Moderate (5-15%),Analysis-ready
MTZ,2016-12-31,2019-12-31,4,True,7183188000,392334000,4997006000.0,0.054618367220793884,5 - Mega,Moderate (5-15%),Analysis-ready
MU,2016-09-01,2019-08-29,4,True,23406000000,6313000000,48887000000.0,0.2697171665384944,5 - Mega,High (>15%),Analysis-ready
MUR,2016-12-31,2019-12-31,4,True,2829682000,1149732000,11718504000.0,0.40631138057209254,4 - Large,High (>15%),Analysis-ready
MUSA,2016-12-31,2019-12-31,4,True,12101300000,154800000,2687200000.0,0.01279201408113178,5 - Mega,Low (0-5%),Analysis-ready
MUX,2016-12-31,2019-12-31,4,True,117019000,-59747000,631223000.0,-0.5105752057358207,2 - Small,Loss-making (<=0%),Analysis-ready
MVBF,2016-12-31,2019-12-31,4,True,122215000,26991000,1944114000.0,0.2208485046843677,2 - Small,High (>15%),Analysis-ready
MVC,2016-10-31,2019-10-31,4,True,30549564,16316205,362162640.0,0.5340896190858894,1 - Micro,High (>15%),Analysis-ready
MVF,2016-08-31,2019-08-31,4,True,42585711,61732938,985447634.0,1.4496162339522758,1 - Micro,High (>15%),Analysis-ready
MVIS,2016-12-31,2019-12-31,4,True,8886000,-26483000,11836000.0,-2.980306099482332,1 - Micro,Loss-making (<=0%),Analysis-ready
MVO,2016-12-31,2019-12-31,4,True,12994052,12075000,12487586.0,0.9292713312213927,1 - Micro,High (>15%),Analysis-ready
MWA,2016-09-30,2019-09-30,4,True,968000000,63800000,1337300000.0,0.0659090909090909,4 - Large,Moderate (5-15%),Analysis-ready
MWK,2017-12-31,2019-12-31,3,False,114451000,-58789000,74424000.0,-0.5136608679696988,2 - Small,Loss-making (<=0%),Analysis-ready
MX,2016-12-31,2019-12-31,4,True,792195000,-21826000,595328000.0,-0.02755129734471942,3 - Mid,Loss-making (<=0%),Analysis-ready
MXC,2016-03-31,2019-03-31,4,True,2686873,-12946,9449684.0,-0.004818240385756975,1 - Micro,Loss-making (<=0%),Analysis-ready
MXIM,2016-06-25,2019-06-29,4,True,2314329000,827486000,3743982000.0,0.3575489915219487,4 - Large,High (>15%),Analysis-ready
MXL,2016-12-31,2019-12-31,4,True,317180000,-19898000,705791000.0,-0.06273409420518318,3 - Mid,Loss-making (<=0%),Analysis-ready
MYE,2016-12-31,2019-12-31,4,True,515698000,24333000,353139000.0,0.047184592532838986,3 - Mid,Low (0-5%),Analysis-ready
MYFW,2016-12-31,2019-12-31,4,True,63976000,8009000,1251682000.0,0.1251875703388771,2 - Small,Moderate (5-15%),Analysis-ready
MYGN,2016-06-30,2019-06-30,4,True,851100000,4600000,1562700000.0,0.005404770297262366,3 - Mid,Low (0-5%),Analysis-ready
MYI,2016-07-31,2019-07-31,4,True,62740104,97467206,1626144350.0,1.5535072431502503,2 - Small,High (>15%),Analysis-ready
MYJ,2016-07-31,2019-07-31,4,True,26727761,29759978,632640750.0,1.1134482233659602,1 - Micro,High (>15%),Analysis-ready
MYL,2016-12-31,2019-12-31,4,True,11500500000,16800000,31255500000.0,0.0014608060519107865,5 - Mega,Low (0-5%),Analysis-ready
MYO,2016-12-31,2019-12-31,4,True,3837730,-10713009,6598693.0,-2.7914962751418155,1 - Micro,Loss-making (<=0%),Analysis-ready
MYOK,2016-12-31,2019-12-31,4,True,0,-276213000,456094000.0,,Not meaningful (revenue <= 0),Not meaningful (revenue <= 0),Limited (zero/negative revenue or assets)
MYOS,2016-12-31,2019-12-31,4,True,1032000,-4258000,3038000.0,-4.125968992248062,1 - Micro,Loss-making (<=0%),Analysis-ready
MYOV,2017-03-31,2020-03-31,4,True,0,-288989000,105926000.0,,Not meaningful (revenue <= 0),Not meaningful (revenue <= 0),Limited (zero/negative revenue or assets)
MYRG,2016-12-31,2019-12-31,4,True,2071159000,37690000,1007871000.0,0.018197540604077234,4 - Large,Low (0-5%),Analysis-ready
MYSZ,2016-12-31,2019-12-31,4,True,63000,-5497000,2958000.0,-87.25396825396825,1 - Micro,Loss-making (<=0%),Analysis-ready
NAC,2017-02-28,2020-02-29,4,True,146312254,348494510,3746451874.0,2.381854564280036,2 - Small,High (>15%),Analysis-ready
NAD,2016-10-31,2019-10-31,4,True,210092484,430134867,5097460375.0,2.0473596142544537,2 - Small,High (>15%),Analysis-ready
NAII,2016-06-30,2019-06-30,4,True,138290000,6541000,93490000.0,0.04729915395184033,2 - Small,Low (0-5%),Analysis-ready
NAN,2017-02-28,2020-02-29,4,True,29545826,59473037,767376267.0,2.0129082530980855,1 - Micro,High (>15%),Analysis-ready
NAOV,2016-12-31,2019-12-31,4,True,530000,-5794000,2036000.0,-10.932075471698113,1 - Micro,Loss-making (<=0%),Analysis-ready
NAT,2016-12-31,2019-12-31,4,True,317220000,-10352000,1030903000.0,-0.03263350356219658,3 - Mid,Loss-making (<=0%),Analysis-ready
NATH,2016-03-27,2019-03-31,4,True,101849000,21493000,94306000.0,0.21102809060471875,2 - Small,High (>15%),Analysis-ready
NATI,2016-12-31,2019-12-31,4,True,1353215000,162151000,1651889000.0,0.11982648729137646,4 - Large,Moderate (5-15%),Analysis-ready
NATR,2016-12-31,2019-12-31,4,True,362215000,6765000,213068000.0,0.018676752757340254,3 - Mid,Low (0-5%),Analysis-ready
NAV,2016-10-31,2019-10-31,4,True,11251000000,221000000,6917000000.0,0.019642698426806507,5 - Mega,Low (0-5%),Analysis-ready
NAVB,2016-12-31,2019-12-31,4,True,657826,-10948197,4150906.0,-16.642998300462434,1 - Micro,Loss-making (<=0%),Analysis-ready
NAVI,2016-12-31,2019-12-31,4,True,1738000000,597000000,94903000000.0,0.34349827387802073,4 - Large,High (>15%),Analysis-ready
NBEV,2016-12-31,2019-12-31,4,True,253708000,-89835000,251130000.0,-0.354088164346414,2 - Small,Loss-making (<=0%),Analysis-ready
NBH,2016-10-31,2019-10-31,4,True,20000243,29298115,461184288.0,1.464887951611388,1 - Micro,High (>15%),Analysis-ready
NBHC,2016-12-31,2019-12-31,4,True,277068000,80365000,5895512000.0,0.29005514891651146,3 - Mid,High (>15%),Analysis-ready
NBIX,2016-12-31,2019-12-31,4,True,788087000,37012000,1306040000.0,0.04696435799600805,3 - Mid,Low (0-5%),Analysis-ready
NBL,2016-12-31,2019-12-31,4,True,4387000000,-1512000000,20647000000.0,-0.34465466149988605,5 - Mega,Loss-making (<=0%),Analysis-ready
NBLX,2016-12-31,2019-12-31,4,True,703801000,159996000,2926082000.0,0.22733130529794643,3 - Mid,High (>15%),Analysis-ready
NBN,2016-06-30,2019-06-30,4,True,67128000,13884000,1153858000.0,0.20682874508401858,2 - Small,High (>15%),Analysis-ready
NBO,2016-10-31,2019-10-31,4,True,4601478,6307091,121990708.0,1.370666338076592,1 - Micro,High (>15%),Analysis-ready
NBR,2016-12-31,2019-12-31,4,True,3043383000,-702885000,6760658000.0,-0.2309551574678573,4 - Large,Loss-making (<=0%),Analysis-ready
NBRV,2016-12-31,2019-12-31,4,True,9481000,-82764000,94113000.0,-8.729458917835672,1 - Micro,Loss-making (<=0%),Analysis-ready
NBSE,2018-09-30,2019-09-30,2,False,0,-26958247,12531397.0,,Not meaningful (revenue <= 0),Not meaningful (revenue <= 0),Limited (zero/negative revenue or assets)
NBTB,2016-12-31,2019-12-31,4,True,430166000,121021000,9715925000.0,0.2813355774282486,3 - Mid,High (>15%),Analysis-ready
NBW,2016-10-31,2019-10-31,4,True,5575004,9935739,144191873.0,1.7821940576186133,1 - Micro,High (>15%),Analysis-ready
NBY,2016-12-31,2019-12-31,4,True,6599000,-9658000,11220000.0,-1.463555084103652,1 - Micro,Loss-making (<=0%),Analysis-ready
NC,2016-12-31,2019-12-31,4,True,140990000,39632000,444773000.0,0.28109795020923467,2 - Small,High (>15%),Analysis-ready
NCBS,2016-12-31,2019-12-31,4,True,168245000,54641000,3577260000.0,0.3247704240839252,2 - Small,High (>15%),Analysis-ready
NCLH,2016-12-31,2019-12-31,4,True,6462376000,930228000,16684599000.0,0.14394519910324005,5 - Mega,Moderate (5-15%),Analysis-ready
NCMI,2016-12-29,2019-12-26,4,True,444800000,36100000,1130000000.0,0.08116007194244604,3 - Mid,Moderate (5-15%),Analysis-ready
NCR,2016-12-31,2019-12-31,4,True,6915000000,564000000,8987000000.0,0.08156182212581345,5 - Mega,Moderate (5-15%),Analysis-ready
NCSM,2016-12-31,2019-12-31,4,True,205485000,-32823000,202577000.0,-0.1597342871742463,2 - Small,Loss-making (<=0%),Analysis-ready
NCV,2017-02-28,2020-02-29,4,True,54823313,44963061,846842384.0,0.820144908061284,2 - Small,High (>15%),Analysis-ready
NDAQ,2016-12-31,2019-12-31,4,True,4262000000,774000000,13924000000.0,0.18160488033786953,5 - Mega,High (>15%),Analysis-ready
NDLS,2017-01-03,2019-12-31,4,True,462411000,1647000,378519000.0,0.003561766480468674,3 - Mid,Low (0-5%),Analysis-ready
NDRA,2016-12-31,2019-12-31,4,True,0,-13305964,7176269.0,,Not meaningful (revenue <= 0),Not meaningful (revenue <= 0),Limited (zero/negative revenue or assets)
NDSN,2016-10-31,2019-10-31,4,True,2194226000,337091000,3516447000.0,0.15362638123876027,4 - Large,High (>15%),Analysis-ready
NE,2016-12-31,2019-12-31,4,True,1246058000,-700590000,8284498000.0,-0.5622450961351719,4 - Large,Loss-making (<=0%),Analysis-ready
NEA,2016-10-31,2019-10-31,4,True,268307419,542280819,6515941902.0,2.021117496568367,3 - Mid,High (>15%),Analysis-ready
NEE,2016-12-31,2019-12-31,4,True,19204000000,3769000000,117691000000.0,0.19626119558425328,5 - Mega,High (>15%),Analysis-ready
NEM,2016-12-31,2019-12-31,4,True,9740000000,2805000000,39974000000.0,0.2879876796714579,5 - Mega,High (>15%),Analysis-ready
NEN,2016-12-31,2019-12-31,4,True,62155868,6547252,294293649.0,0.10533602394547849,2 - Small,Moderate (5-15%),Analysis-ready
NEO,2016-12-31,2019-12-31,4,True,408830000,8006000,709506000.0,0.019582711640535187,3 - Mid,Low (0-5%),Analysis-ready
NEOG,2016-05-31,2019-05-31,4,True,414186000,60176000,695740000.0,0.14528738296320975,3 - Mid,Moderate (5-15%),Analysis-ready
NEON,2016-12-31,2019-12-31,4,True,6646000,-5298000,7436000.0,-0.7971712308155281,1 - Micro,Loss-making (<=0%),Analysis-ready
NEOS,2016-12-31,2019-12-31,4,True,64649000,-16902000,90873000.0,-0.26144255904963726,2 - Small,Loss-making (<=0%),Analysis-ready
NEP,2016-12-31,2019-12-31,4,True,855000000,-71000000,12256000000.0,-0.08304093567251462,3 - Mid,Loss-making (<=0%),Analysis-ready
NEPH,2016-12-31,2019-12-31,4,True,10334000,-3420000,11629000.0,-0.33094639055544806,1 - Micro,Loss-making (<=0%),Analysis-ready
NERV,2016-12-31,2019-12-31,4,True,0,-72183490,77498796.0,,Not meaningful (revenue <= 0),Not meaningful (revenue <= 0),Limited (zero/negative revenue or assets)
NES,2016-12-31,2019-12-31,4,True,168238000,-54937000,236099000.0,-0.32654334930277346,2 - Small,Loss-making (<=0%),Analysis-ready
NESR,2017-12-31,2019-12-31,3,False,658385000,39364000,1522364000.0,0.05978872544180077,3 - Mid,Moderate (5-15%),Analysis-ready
NET,2016-12-31,2019-12-31,4,True,287022000,-105828000,,-0.36871041244225183,3 - Mid,Loss-making (<=0%),Limited (zero/negative revenue or assets)
NETE,2016-12-31,2019-12-31,4,True,64999611,-6458382,23042921.0,-0.09936031771020906,2 - Small,Loss-making (<=0%),Analysis-ready
NEU,2016-12-31,2019-12-31,4,True,2190295000,254286000,1885132000.0,0.11609669017187182,4 - Large,Moderate (5-15%),Analysis-ready
NEWR,2017-03-31,2020-03-31,4,True,599510000,-88937000,1258434000.0,-0.14834948541308735,3 - Mid,Loss-making (<=0%),Analysis-ready
NEWT,2016-12-31,2019-12-31,4,True,59295000,41135000,797411000.0,0.6937347162492622,2 - Small,High (>15%),Analysis-ready
NEX,2016-12-31,2019-12-31,4,True,1821556000,-106157000,1664907000.0,-0.05827819732141092,4 - Large,Loss-making (<=0%),Analysis-ready
NEXA,2016-12-31,2019-12-31,4,True,2332306000,-146626000,5489565000.0,-0.06286739390114333,4 - Large,Loss-making (<=0%),Analysis-ready
NEXT,2016-12-31,2019-12-31,4,True,0,-35871000,221195000.0,,Not meaningful (revenue <= 0),Not meaningful (revenue <= 0),Limited (zero/negative revenue or assets)
NFBK,2016-12-31,2019-12-31,4,True,126571000,40235000,5055302000.0,0.3178848235377772,2 - Small,High (>15%),Analysis-ready
NFE,2016-12-31,2019-12-31,4,True,189125000,-33809000,1123814000.0,-0.17876536682088565,2 - Small,Loss-making (<=0%),Analysis-ready
NFG,2016-09-30,2019-09-30,4,True,1693332000,304290000,6462157000.0,0.1796989603928822,4 - Large,High (>15%),Analysis-ready
NFH,2018-12-31,2018-12-31,1,False,0,2910551,292874431.0,,Not meaningful (revenue <= 0),Not meaningful (revenue <= 0),Limited (zero/negative revenue or assets)
NFJ,2017-01-31,2020-01-31,4,True,35502439,163425058,1394189523.0,4.603206500826605,1 - Micro,High (>15%),Analysis-ready
NFLX,2016-12-31,2019-12-31,4,True,20156447000,1866916000,33975712000.0,0.09262128389988573,5 - Mega,Moderate (5-15%),Analysis-ready
NG,2016-11-30,2019-11-30,4,True,0,-27761000,245835000.0,,Not meaningful (revenue <= 0),Not meaningful (revenue <= 0),Limited (zero/negative revenue or assets)
NGD,2016-12-31,2019-12-31,4,True,630600000,-73500000,2158500000.0,-0.11655566127497621,3 - Mid,Loss-making (<=0%),Analysis-ready
NGHC,2016-12-31,2019-12-31,4,True,5153166000,348069000,9756534000.0,0.06754469000222388,5 - Mega,Moderate (5-15%),Analysis-ready
NGL,2017-03-31,2020-03-31,4,True,7584000000,-397007000,6498736000.0,-0.0523479694092827,5 - Mega,Loss-making (<=0%),Analysis-ready
NGM,2016-12-31,2019-12-31,4,True,103544000,-42795000,380403000.0,-0.41330255736691646,2 - Small,Loss-making (<=0%),Analysis-ready
NGS,2016-12-31,2019-12-31,4,True,78444000,-13864000,286577000.0,-0.1767375452552139,2 - Small,Loss-making (<=0%),Analysis-ready
NGVC,2016-09-30,2019-09-30,4,True,903582000,9416000,327114000.0,0.0104207476465888,4 - Large,Low (0-5%),Analysis-ready
NGVT,2016-12-31,2019-12-31,4,True,1292900000,183700000,2141700000.0,0.1420836878335525,4 - Large,Moderate (5-15%),Analysis-ready
NH,2016-12-31,2019-12-31,4,True,95961000,-62762000,266487000.0,-0.6540365356759517,2 - Small,Loss-making (<=0%),Analysis-ready
NHC,2016-12-31,2019-12-31,4,True,996383000,68211000,1286648000.0,0.06845861480976692,4 - Large,Moderate (5-15%),Analysis-ready
NHI,2016-12-31,2019-12-31,4,True,318081000,160456000,3042235000.0,0.5044501243393978,3 - Mid,High (>15%),Analysis-ready
NHLD,2016-09-30,2019-09-30,4,True,212909000,-819000,81207000.0,-0.0038467138542757702,2 - Small,Loss-making (<=0%),Analysis-ready
NHTC,2016-12-31,2019-12-31,4,True,77614000,-5611000,118497000.0,-0.07229365836060504,2 - Small,Loss-making (<=0%),Analysis-ready
NI,2016-12-31,2019-12-31,4,True,5208900000,383100000,22659800000.0,0.07354719806485055,5 - Mega,Moderate (5-15%),Analysis-ready
NICE,2016-12-31,2019-12-31,4,True,1573912000,185904000,3609905000.0,0.1181158794138427,4 - Large,Moderate (5-15%),Analysis-ready
NICK,2017-03-31,2020-03-31,4,True,36679000,3466000,238084000.0,0.094495487881349,1 - Micro,Moderate (5-15%),Analysis-ready
NINE,2016-12-31,2019-12-31,4,True,832937000,-217751000,850895000.0,-0.2614255339839628,3 - Mid,Loss-making (<=0%),Analysis-ready
NJR,2016-09-30,2019-09-30,4,True,2592045000,169505000,4372985000.0,0.06539431221294384,4 - Large,Moderate (5-15%),Analysis-ready
NK,2016-12-31,2019-12-31,4,True,43000,-65789000,143123000.0,-1529.9767441860465,1 - Micro,Loss-making (<=0%),Analysis-ready
NKE,2016-05-31,2019-05-31,4,True,39117000000,4029000000,23717000000.0,0.10299869621903521,5 - Mega,Moderate (5-15%),Analysis-ready
NKG,2016-05-31,2019-05-31,4,True,8234709,9827604,222847542.0,1.193436707963815,1 - Micro,High (>15%),Analysis-ready
NKSH,2016-12-31,2019-12-31,4,True,46431000,17466000,1321837000.0,0.37617109258900305,1 - Micro,High (>15%),Analysis-ready
NKTR,2016-12-31,2019-12-31,4,True,114617000,-440667000,1977356000.0,-3.844691450657407,2 - Small,Loss-making (<=0%),Analysis-ready
NL,2016-12-31,2019-12-31,4,True,124243000,25844000,557492000.0,0.20801171897008283,2 - Small,High (>15%),Analysis-ready
NLOK,2017-03-31,2020-04-03,4,True,2490000000,3887000000,7735000000.0,1.5610441767068273,4 - Large,High (>15%),Analysis-ready
NLS,2016-12-31,2019-12-31,4,True,309285000,-92800000,220479000.0,-0.30004688232536336,3 - Mid,Loss-making (<=0%),Analysis-ready
NLSN,2016-12-31,2019-12-31,4,True,6498000000,-415000000,14319000000.0,-0.06386580486303478,5 - Mega,Loss-making (<=0%),Analysis-ready
NLTX,2016-12-31,2019-12-31,4,True,0,-69442000,147023000.0,,Not meaningful (revenue <= 0),Not meaningful (revenue <= 0),Limited (zero/negative revenue or assets)
NLY,2016-12-31,2019-12-31,4,True,-453028000,-2162865000,130295081000.0,,Not meaningful (revenue <= 0),Not meaningful (revenue <= 0),Limited (zero/negative revenue or assets)
NM,2016-12-31,2019-12-31,4,True,482449000,-192110000,2142855000.0,-0.3981975296870757,3 - Mid,Loss-making (<=0%),Analysis-ready
NMCI,2017-12-31,2019-12-31,3,False,141532000,7507000,460302000.0,0.05304100839386146,2 - Small,Moderate (5-15%),Analysis-ready
NMFC,2016-12-31,2019-12-31,4,True,276507000,112563000,3266055000.0,0.4070891514500537,3 - Mid,High (>15%),Analysis-ready
NMIH,2016-12-31,2019-12-31,4,True,378771000,171957000,1364818000.0,0.4539867096477819,3 - Mid,High (>15%),Analysis-ready
NMM,2016-12-31,2019-12-31,4,True,219379000,-62134000,1253517000.0,-0.28322674458357455,2 - Small,Loss-making (<=0%),Analysis-ready
NMRD,2016-03-31,2019-03-31,4,True,0,-4452797,4763715.0,,Not meaningful (revenue <= 0),Not meaningful (revenue <= 0),Limited (zero/negative revenue or assets)
NMRK,2016-12-31,2019-12-31,4,True,2218132000,117305000,3201599000.0,0.052884589375204,4 - Large,Moderate (5-15%),Analysis-ready
NMT,2016-05-31,2019-05-31,4,True,8106114,8809098,212133059.0,1.0867226885780288,1 - Micro,High (>15%),Analysis-ready
NMY,2016-05-31,2019-05-31,4,True,21144866,23681722,562379856.0,1.1199750331829958,1 - Micro,High (>15%),Analysis-ready
NMZ,2016-10-31,2019-10-31,4,True,69075321,126233334,1447541581.0,1.827473722489107,2 - Small,High (>15%),Analysis-ready
NNA,2016-12-31,2019-12-31,4,True,280117000,-65441000,1555955000.0,-0.2336202372580029,3 - Mid,Loss-making (<=0%),Analysis-ready
NNBR,2016-12-31,2019-12-31,4,True,847451000,-46741000,1541984000.0,-0.05515481131062445,3 - Mid,Loss-making (<=0%),Analysis-ready
NNDM,2016-12-31,2019-12-31,4,True,7070000,-8353000,22858000.0,-1.1814710042432814,1 - Micro,Loss-making (<=0%),Analysis-ready
NNI,2016-12-31,2019-12-31,4,True,1028711000,141803000,23708970000.0,0.13784532293326307,4 - Large,Moderate (5-15%),Analysis-ready
NNN,2016-12-31,2019-12-31,4,True,670487000,299180000,7434867000.0,0.4462129765379493,3 - Mid,High (>15%),Analysis-ready
NNVC,2016-06-30,2019-06-30,4,True,0,-8424440,13448513.0,,Not meaningful (revenue <= 0),Not meaningful (revenue <= 0),Limited (zero/negative revenue or assets)
NOC,2016-12-31,2019-12-31,4,True,33841000000,2248000000,41089000000.0,0.06642829703613959,5 - Mega,Moderate (5-15%),Analysis-ready
NOG,2016-12-31,2019-12-31,4,True,543468000,-76318000,1905465000.0,-0.1404277712763217,3 - Mid,Loss-making (<=0%),Analysis-ready
NOV,2016-12-31,2019-12-31,4,True,8479000000,-6095000000,13149000000.0,-0.718834768250973,5 - Mega,Loss-making (<=0%),Analysis-ready
NOVA,2017-12-31,2019-12-31,3,False,131556000,-144351000,2487067000.0,-1.0972589619629662,2 - Small,Loss-making (<=0%),Analysis-ready
NOVN,2016-12-31,2019-12-31,4,True,4896000,-30641000,29097000.0,-6.258374183006536,1 - Micro,Loss-making (<=0%),Analysis-ready
NOVT,2016-12-31,2019-12-31,4,True,626099000,40773000,869736000.0,0.06512228896708029,3 - Mid,Moderate (5-15%),Analysis-ready
NOW,2016-12-31,2019-12-31,4,True,3460437000,626698000,6022430000.0,0.18110371609134915,5 - Mega,High (>15%),Analysis-ready
NP,2016-12-31,2019-12-31,4,True,938500000,55400000,827800000.0,0.05903036760788492,4 - Large,Moderate (5-15%),Analysis-ready
NPK,2016-12-31,2019-12-31,4,True,308510000,42220000,410253000.0,0.13685131762341576,3 - Mid,Moderate (5-15%),Analysis-ready
NPO,2016-12-31,2019-12-31,4,True,1205700000,38300000,2035100000.0,0.031765779215393544,4 - Large,Low (0-5%),Analysis-ready
NPTN,2016-12-31,2019-12-31,4,True,356804000,-17076000,334679000.0,-0.047858207867624805,3 - Mid,Loss-making (<=0%),Analysis-ready
NPV,2016-05-31,2019-05-31,4,True,15803477,18145761,417848480.0,1.1482132064987978,1 - Micro,High (>15%),Analysis-ready
NQP,2017-02-28,2020-02-29,4,True,36341132,74279629,973370466.0,2.0439547397698012,1 - Micro,High (>15%),Analysis-ready
NR,2016-12-31,2019-12-31,4,True,820119000,-12946000,900079000.0,-0.01578551405344834,3 - Mid,Loss-making (<=0%),Analysis-ready
NRBO,2017-12-31,2019-12-31,3,False,0,-21312000,14468000.0,,Not meaningful (revenue <= 0),Not meaningful (revenue <= 0),Limited (zero/negative revenue or assets)
NRC,2016-12-31,2019-12-31,4,True,127982000,32406000,110685000.0,0.25320748230219875,2 - Small,High (>15%),Analysis-ready
NREF,2018-12-31,2019-12-31,2,False,33659914,0,2792748823.0,0.0,1 - Micro,Loss-making (<=0%),Analysis-ready
NRG,2016-12-31,2019-12-31,4,True,9821000000,4438000000,12531000000.0,0.4518888096935139,5 - Mega,High (>15%),Analysis-ready
NRIM,2016-12-31,2019-12-31,4,True,102052000,20691000,1643996000.0,0.20274957864618037,2 - Small,High (>15%),Analysis-ready
NRK,2017-02-28,2020-02-29,4,True,80093994,163306999,2154674359.0,2.038941883707285,2 - Small,High (>15%),Analysis-ready
NRP,2016-12-31,2019-12-31,4,True,210348000,-23369000,1085907000.0,-0.11109684903112936,2 - Small,Loss-making (<=0%),Analysis-ready
NRT,2016-10-31,2019-10-31,4,True,8359163,7578065,1590894.0,0.9065578694900435,1 - Micro,High (>15%),Analysis-ready
NRZ,2016-12-31,2019-12-31,4,True,1556084000,563296000,44863454000.0,0.36199588197038207,4 - Large,High (>15%),Analysis-ready
NS,2016-12-31,2019-12-31,4,True,1498021000,-105693000,6185992000.0,-0.07055508567636902,4 - Large,Loss-making (<=0%),Analysis-ready
NSA,2016-12-31,2019-12-31,4,True,382926000,3983000,3084245000.0,0.010401487493667184,3 - Mid,Low (0-5%),Analysis-ready
NSC,2016-12-31,2019-12-31,4,True,11296000000,2722000000,37923000000.0,0.24097025495750707,5 - Mega,High (>15%),Analysis-ready
NSCO,2016-12-31,2019-12-31,4,True,264035000,-27052000,,-0.10245611377279527,2 - Small,Loss-making (<=0%),Limited (zero/negative revenue or assets)
NSEC,2016-12-31,2019-12-31,4,True,67399000,4067000,153934000.0,0.06034214157480081,2 - Small,Moderate (5-15%),Analysis-ready
NSIT,2016-12-31,2019-12-31,4,True,7731190000,159407000,4178179000.0,0.020618688714156553,5 - Mega,Low (0-5%),Analysis-ready
NSP,2016-12-31,2019-12-31,4,True,4314804000,151099000,1394996000.0,0.03501874013280789,5 - Mega,Low (0-5%),Analysis-ready
NSPR,2016-12-31,2019-12-31,4,True,3721000,-10040000,9880000.0,-2.6981994087610857,1 - Micro,Loss-making (<=0%),Analysis-ready
NSSC,2016-06-30,2019-06-30,4,True,102932000,12223000,85908000.0,0.11874829984844364,2 - Small,Moderate (5-15%),Analysis-ready
NSTG,2016-12-31,2019-12-31,4,True,125568000,-40696000,259754000.0,-0.32409531090723753,2 - Small,Loss-making (<=0%),Analysis-ready
NSYS,2016-12-31,2019-12-31,4,True,116333000,-1228000,61410000.0,-0.01055590417164519,2 - Small,Loss-making (<=0%),Analysis-ready
NTAP,2017-04-28,2020-04-24,4,True,5412000000,819000000,7522000000.0,0.15133037694013304,5 - Mega,High (>15%),Analysis-ready
NTB,2016-12-31,2019-12-31,4,True,532628000,177075000,13921575000.0,0.332455297130455,3 - Mid,High (>15%),Analysis-ready
NTCT,2017-03-31,2020-03-31,4,True,891820000,-2754000,3120503000.0,-0.0030880670987418987,3 - Mid,Loss-making (<=0%),Analysis-ready
NTEC,2016-12-31,2019-12-31,4,True,0,-47599000,21280000.0,,Not meaningful (revenue <= 0),Not meaningful (revenue <= 0),Limited (zero/negative revenue or assets)
NTGR,2016-12-31,2019-12-31,4,True,998763000,25791000,955813000.0,0.025822942980466838,4 - Large,Low (0-5%),Analysis-ready
NTIC,2016-08-31,2019-08-31,4,True,55750137,5209622,67511087.0,0.0934459048952651,2 - Small,Moderate (5-15%),Analysis-ready
NTIP,2016-12-31,2019-12-31,4,True,3037000,-1792000,55076000.0,-0.5900559762923938,1 - Micro,Loss-making (<=0%),Analysis-ready
NTLA,2016-12-31,2019-12-31,4,True,43103000,-99533000,334280000.0,-2.3091896155720018,1 - Micro,Loss-making (<=0%),Analysis-ready
NTN,2016-12-31,2019-12-31,4,True,19806000,-2047000,14125000.0,-0.10335251943855397,1 - Micro,Loss-making (<=0%),Analysis-ready
NTNX,2016-07-31,2019-07-31,4,True,1236143000,-621179000,1786042000.0,-0.5025138677321314,4 - Large,Loss-making (<=0%),Analysis-ready
NTP,2016-12-31,2019-12-31,4,True,2965000,-13191000,430410000.0,-4.448903878583474,1 - Micro,Loss-making (<=0%),Analysis-ready
NTR,2016-12-31,2019-12-31,4,True,19255000000,992000000,46799000000.0,0.051519085951700856,5 - Mega,Moderate (5-15%),Analysis-ready
NTRA,2016-12-31,2019-12-31,4,True,302328000,-124827000,582656000.0,-0.4128860046042709,3 - Mid,Loss-making (<=0%),Analysis-ready
NTRP,2016-12-31,2019-12-31,4,True,0,-15134750,17897821.0,,Not meaningful (revenue <= 0),Not meaningful (revenue <= 0),Limited (zero/negative revenue or assets)
NTRS,2016-12-31,2019-12-31,4,True,6087600000,1492200000,136828400000.0,0.24512123004139563,5 - Mega,High (>15%),Analysis-ready
NTUS,2016-12-31,2019-12-31,4,True,495175000,-15671000,622527000.0,-0.031647397384762965,3 - Mid,Loss-making (<=0%),Analysis-ready
NTWK,2016-06-30,2019-06-30,4,True,67819183,8583399,87497019.0,0.126562996195339,2 - Small,Moderate (5-15%),Analysis-ready
NUAN,2016-09-30,2019-09-30,4,True,1823092000,213810000,5365793000.0,0.11727877693500931,4 - Large,Moderate (5-15%),Analysis-ready
NUE,2016-12-31,2019-12-31,4,True,22588858000,1271143000,18344666000.0,0.056273008577945816,5 - Mega,Moderate (5-15%),Analysis-ready
NUO,2017-02-28,2020-02-29,4,True,15727495,39204908,502279228.0,2.4927623884159558,1 - Micro,High (>15%),Analysis-ready
NURO,2016-12-31,2019-12-31,4,True,9272522,-3773014,6893686.0,-0.4069026743748896,1 - Micro,Loss-making (<=0%),Analysis-ready
NUS,2016-12-31,2019-12-31,4,True,2420416000,173553000,1769006000.0,0.07170378976175996,4 - Large,Moderate (5-15%),Analysis-ready
NUVA,2016-12-31,2019-12-31,4,True,1168070000,65234000,1885290000.0,0.055847680361622166,4 - Large,Moderate (5-15%),Analysis-ready
NVAX,2016-12-31,2019-12-31,4,True,18662000,-132694000,172957000.0,-7.110384739041903,1 - Micro,Loss-making (<=0%),Analysis-ready
NVCN,2016-12-31,2019-12-31,4,True,2092032,-35131015,10105840.0,-16.792771334281692,1 - Micro,Loss-making (<=0%),Analysis-ready
NVCR,2016-12-31,2019-12-31,4,True,351318000,-7230000,479448000.0,-0.020579645790992775,3 - Mid,Loss-making (<=0%),Analysis-ready
NVDA,2017-01-29,2020-01-26,4,True,10918000000,2796000000,17315000000.0,0.2560908591317091,5 - Mega,High (>15%),Analysis-ready
NVEC,2017-03-31,2020-03-31,4,True,25412163,14526642,79498150.0,0.5716413042053917,1 - Micro,High (>15%),Analysis-ready
NVEE,2016-12-31,2019-12-28,4,True,508938000,23756000,893137000.0,0.046677591376552745,3 - Mid,Low (0-5%),Analysis-ready
NVG,2016-10-31,2019-10-31,4,True,243105524,506769234,5514238998.0,2.0845648657494102,2 - Small,High (>15%),Analysis-ready
NVGS,2016-12-31,2019-12-31,4,True,301385000,-16706000,1874253000.0,-0.05543076131857923,3 - Mid,Loss-making (<=0%),Analysis-ready
NVIV,2016-12-31,2019-12-31,4,True,0,-11830000,9325000.0,,Not meaningful (revenue <= 0),Not meaningful (revenue <= 0),Limited (zero/negative revenue or assets)
NVMI,2016-12-31,2019-12-31,4,True,224909000,35171000,400443000.0,0.15637880209329105,2 - Small,High (>15%),Analysis-ready
NVR,2016-12-31,2019-12-31,4,True,7425585000,878539000,3809815000.0,0.11831242925641548,5 - Mega,Moderate (5-15%),Analysis-ready
NVRO,2016-12-31,2019-12-31,4,True,390255000,-103686000,469645000.0,-0.26568781950263287,3 - Mid,Loss-making (<=0%),Analysis-ready
NVS,2016-12-31,2019-12-31,4,True,48677000000,11732000000,118370000000.0,0.24101731824064754,5 - Mega,High (>15%),Analysis-ready
NVST,2016-12-31,2019-12-31,4,True,2751600000,217600000,,0.07908126181130978,4 - Large,Moderate (5-15%),Limited (zero/negative revenue or assets)
NVT,2016-12-31,2019-12-31,4,True,2204000000,222700000,4640300000.0,0.10104355716878403,4 - Large,Moderate (5-15%),Analysis-ready
NVTA,2016-12-31,2019-12-31,4,True,216824000,-241965000,781601000.0,-1.115951186215548,2 - Small,Loss-making (<=0%),Analysis-ready
NVUS,2016-12-31,2019-12-31,4,True,0,-16011000,10931000.0,,Not meaningful (revenue <= 0),Not meaningful (revenue <= 0),Limited (zero/negative revenue or assets)
NWBI,2016-12-31,2019-12-31,4,True,437214000,110432000,10493908000.0,0.25258111588375487,3 - Mid,High (>15%),Analysis-ready
NWE,2016-12-31,2019-12-31,4,True,1257910000,202120000,5910702000.0,0.16067922188391856,4 - Large,High (>15%),Analysis-ready
NWFL,2016-12-31,2019-12-31,4,True,44134000,14215000,1230610000.0,0.32208727964834366,1 - Micro,High (>15%),Analysis-ready
NWGI,2015-12-31,2018-12-31,4,True,34575097,-3628757,22653481.0,-0.10495290873659732,1 - Micro,Loss-making (<=0%),Analysis-ready
NWHM,2016-12-31,2019-12-31,4,True,669349000,-8037000,603189000.0,-0.012007189074757712,3 - Mid,Loss-making (<=0%),Analysis-ready
NWL,2016-12-31,2019-12-31,4,True,9714900000,106600000,15642000000.0,0.010972835541281948,5 - Mega,Low (0-5%),Analysis-ready
NWLI,2016-12-31,2019-12-31,4,True,819188000,131616000,12553447000.0,0.1606664160119533,3 - Mid,High (>15%),Analysis-ready
NWN,2016-12-31,2019-12-31,4,True,746372000,61735000,3428454000.0,0.0827134458420198,3 - Mid,Moderate (5-15%),Analysis-ready
NWPX,2016-12-31,2019-12-31,4,True,279317000,27902000,310245000.0,0.0998936692002277,3 - Mid,Moderate (5-15%),Analysis-ready
NWSA,2016-06-30,2019-06-30,4,True,10074000000,155000000,15711000000.0,0.015386142545165774,5 - Mega,Low (0-5%),Analysis-ready
NX,2016-10-31,2019-10-31,4,True,893841000,-46730000,645110000.0,-0.05227999163162128,4 - Large,Loss-making (<=0%),Analysis-ready
NXGN,2017-03-31,2020-03-31,4,True,540239000,7498000,720116000.0,0.013879042423816126,3 - Mid,Low (0-5%),Analysis-ready
NXJ,2017-02-28,2020-02-29,4,True,40703196,94679765,1063393630.0,2.3261014933569344,1 - Micro,High (>15%),Analysis-ready
NXP,2017-03-31,2020-03-31,4,True,10247210,13428955,262345385.0,1.3104986625627855,1 - Micro,High (>15%),Analysis-ready
NXPI,2016-12-31,2019-12-31,4,True,8877000000,243000000,20016000000.0,0.027374112875971614,5 - Mega,Low (0-5%),Analysis-ready
NXQ,2017-03-31,2020-03-31,4,True,10255162,11882699,267191423.0,1.1587041725913252,1 - Micro,High (>15%),Analysis-ready
NXR,2017-03-31,2020-03-31,4,True,8153356,12465509,213147845.0,1.5288807455482136,1 - Micro,High (>15%),Analysis-ready
NXRT,2016-12-31,2019-12-31,4,True,181066000,99140000,1865989000.0,0.5475351529276618,2 - Small,High (>15%),Analysis-ready
NXST,2016-12-31,2019-12-31,4,True,3039324000,230259000,13989737000.0,0.07575993872321608,4 - Large,Moderate (5-15%),Analysis-ready
NXTC,2017-12-31,2019-12-31,3,False,6347000,-33737000,356168000.0,-5.315424610051993,1 - Micro,Loss-making (<=0%),Analysis-ready
NXTD,2016-12-31,2019-12-31,4,True,17137301,-11789455,25048182.0,-0.6879411758012537,1 - Micro,Loss-making (<=0%),Analysis-ready
NYCB,2016-12-31,2019-12-31,4,True,1034525000,395043000,53640821000.0,0.381859307411614,4 - Large,High (>15%),Analysis-ready
NYMT,2016-12-31,2019-12-31,4,True,225461000,173736000,23483369000.0,0.7705811648134268,2 - Small,High (>15%),Analysis-ready
NYMX,2016-12-31,2019-12-31,4,True,116000,-13162000,5489000.0,-113.46551724137932,1 - Micro,Loss-making (<=0%),Analysis-ready
NYT,2016-12-25,2019-12-29,4,True,1780184000,139966000,2089138000.0,0.07862445679772428,4 - Large,Moderate (5-15%),Analysis-ready
NZF,2016-10-31,2019-10-31,4,True,166159469,334904972,3765258373.0,2.0155635668286833,2 - Small,High (>15%),Analysis-ready
O,2016-12-31,2019-12-31,4,True,1491591000,436482000,18554796000.0,0.29262847523215146,4 - Large,High (>15%),Analysis-ready
OAS,2016-12-31,2019-12-31,4,True,1959152000,-128243000,7499253000.0,-0.06545842282783572,4 - Large,Loss-making (<=0%),Analysis-ready
OBAS,2016-12-31,2019-12-31,4,True,16144000,-1993000,239307000.0,-0.12345143706640238,1 - Micro,Loss-making (<=0%),Analysis-ready
OBCI,2016-12-31,2019-12-31,4,True,42259487,3498714,38285807.0,0.08279120851609012,1 - Micro,Moderate (5-15%),Analysis-ready
OBLG,2016-12-31,2019-12-31,4,True,12827000,-7761000,34909000.0,-0.6050518437670539,1 - Micro,Loss-making (<=0%),Analysis-ready
OBLN,2016-12-31,2019-12-31,4,True,3281000,-23676000,20393000.0,-7.216092654678452,1 - Micro,Loss-making (<=0%),Analysis-ready
OBNK,2016-12-31,2019-12-31,4,True,210622000,53882000,5324626000.0,0.25582322834271826,2 - Small,High (>15%),Analysis-ready
OBSV,2016-12-31,2019-12-31,4,True,16000,-108790000,103943000.0,-6799.375,1 - Micro,Loss-making (<=0%),Analysis-ready
OC,2016-12-31,2019-12-31,4,True,7160000000,405000000,10006000000.0,0.05656424581005587,5 - Mega,Moderate (5-15%),Analysis-ready
OCC,2016-10-31,2019-10-31,4,True,71324446,-5669321,40106934.0,-0.07948636572655608,2 - Small,Loss-making (<=0%),Analysis-ready
OCCI,2018-10-31,2019-10-31,2,False,8857672,-7858509,68132628.0,-0.8871980132025661,1 - Micro,Loss-making (<=0%),Analysis-ready
OCFC,2016-12-31,2019-12-31,4,True,296500000,88574000,8246145000.0,0.2987318718381113,3 - Mid,High (>15%),Analysis-ready
OCGN,2017-12-31,2019-12-31,3,False,0,-20242630,16807446.0,,Not meaningful (revenue <= 0),Not meaningful (revenue <= 0),Limited (zero/negative revenue or assets)
OCN,2016-12-31,2019-12-31,4,True,1123375000,-142125000,10406199000.0,-0.12651607878046067,4 - Large,Loss-making (<=0%),Analysis-ready
OCSI,2016-09-30,2019-09-30,4,True,49627470,6973982,623333714.0,0.1405266478424147,2 - Small,Moderate (5-15%),Analysis-ready
OCSL,2016-09-30,2019-09-30,4,True,147702000,126160000,1481038000.0,0.8541522795899852,2 - Small,High (>15%),Analysis-ready
OCUL,2016-12-31,2019-12-31,4,True,4227000,-86372000,78740000.0,-20.43340430565413,1 - Micro,Loss-making (<=0%),Analysis-ready
OCX,2016-12-31,2019-12-31,4,True,0,-22426000,39859000.0,,Not meaningful (revenue <= 0),Not meaningful (revenue <= 0),Limited (zero/negative revenue or assets)
ODC,2016-07-31,2019-07-31,4,True,277025000,12611000,205227000.0,0.04552296724122372,3 - Mid,Low (0-5%),Analysis-ready
ODFL,2016-12-31,2019-12-31,4,True,4109111000,615518000,3995568000.0,0.14979347114254155,5 - Mega,Moderate (5-15%),Analysis-ready
ODP,2016-12-31,2019-12-28,4,True,10647000000,99000000,7311000000.0,0.009298393913778529,5 - Mega,Low (0-5%),Analysis-ready
ODT,2016-12-31,2019-12-31,4,True,0,-111825000,188827000.0,,Not meaningful (revenue <= 0),Not meaningful (revenue <= 0),Limited (zero/negative revenue or assets)
OEC,2016-12-31,2019-12-31,4,True,1476353000,86920000,1257394000.0,0.05887480839609497,4 - Large,Moderate (5-15%),Analysis-ready
OESX,2017-03-31,2020-03-31,4,True,150841000,12462000,72563000.0,0.08261679516842238,2 - Small,Moderate (5-15%),Analysis-ready
OFC,2016-12-31,2019-12-31,4,True,642859000,191692000,3854453000.0,0.29818669412732807,3 - Mid,High (>15%),Analysis-ready
OFG,2016-12-31,2019-12-31,4,True,308186000,53841000,9297661000.0,0.17470293913415924,3 - Mid,High (>15%),Analysis-ready
OFIX,2016-12-31,2019-12-31,4,True,459955000,-28462000,495620000.0,-0.06187996651846376,3 - Mid,Loss-making (<=0%),Analysis-ready
OFLX,2016-12-31,2019-12-31,4,True,111360000,17286000,60984000.0,0.15522629310344827,2 - Small,High (>15%),Analysis-ready
OFS,2016-12-31,2019-12-31,4,True,52521000,9553000,538188000.0,0.18188914910226386,2 - Small,High (>15%),Analysis-ready
OGE,2016-12-31,2019-12-31,4,True,2231600000,433600000,11024300000.0,0.1943000537730776,4 - Large,High (>15%),Analysis-ready
OGEN,2016-12-31,2019-12-31,4,True,0,-15566003,19752717.0,,Not meaningful (revenue <= 0),Not meaningful (revenue <= 0),Limited (zero/negative revenue or assets)
OGS,2016-12-31,2019-12-31,4,True,1652730000,186749000,5708300000.0,0.11299425798527285,4 - Large,Moderate (5-15%),Analysis-ready
OHI,2016-12-31,2019-12-31,4,True,928830000,341123000,9796124000.0,0.36726096271653585,4 - Large,High (>15%),Analysis-ready
OI,2016-12-31,2019-12-31,4,True,6691000000,-400000000,9610000000.0,-0.059781796442983114,5 - Mega,Loss-making (<=0%),Analysis-ready
OII,2016-12-31,2019-12-31,4,True,2048124000,-348444000,2740663000.0,-0.17012837113377902,4 - Large,Loss-making (<=0%),Analysis-ready
OIIM,2016-12-31,2019-12-31,4,True,60928000,-5039000,88999000.0,-0.08270417542016807,2 - Small,Loss-making (<=0%),Analysis-ready
OIS,2016-12-31,2019-12-31,4,True,1017354000,-231808000,1727867000.0,-0.22785382472571003,4 - Large,Loss-making (<=0%),Analysis-ready
OKE,2016-12-31,2019-12-31,4,True,10164367000,1278577000,21812121000.0,0.12579012544509657,5 - Mega,Moderate (5-15%),Analysis-ready
OKTA,2017-01-31,2020-01-31,4,True,586067000,-208913000,1955395000.0,-0.35646606957907545,3 - Mid,Loss-making (<=0%),Analysis-ready
OLED,2016-12-31,2019-12-31,4,True,405177000,138304000,1120157000.0,0.3413421788502309,3 - Mid,High (>15%),Analysis-ready
OLLI,2017-01-28,2020-02-01,4,True,1408199000,141130000,1596247000.0,0.10022021035379233,4 - Large,Moderate (5-15%),Analysis-ready
OLN,2016-12-31,2019-12-31,4,True,6110000000,-11300000,9187800000.0,-0.0018494271685761047,5 - Mega,Loss-making (<=0%),Analysis-ready
OLP,2016-12-31,2019-12-31,4,True,83802000,18011000,774629000.0,0.21492327152096607,2 - Small,High (>15%),Analysis-ready
OMC,2016-12-31,2019-12-31,4,True,14953700000,1339100000,26783400000.0,0.08954974354173215,5 - Mega,Moderate (5-15%),Analysis-ready
OMCL,2016-12-31,2019-12-31,4,True,897027000,61338000,1240810000.0,0.06837921266583949,4 - Large,Moderate (5-15%),Analysis-ready
OMER,2016-12-31,2019-12-31,4,True,111805000,-84486000,136969000.0,-0.7556549349313537,2 - Small,Loss-making (<=0%),Analysis-ready
OMEX,2016-12-31,2019-12-31,4,True,3072987,-10439961,5329720.0,-3.3973332786633983,1 - Micro,Loss-making (<=0%),Analysis-ready
OMF,2016-12-31,2019-12-31,4,True,2685000000,855000000,22817000000.0,0.31843575418994413,4 - Large,High (>15%),Analysis-ready
OMI,2016-12-31,2019-12-31,4,True,9210939000,-62371000,3643084000.0,-0.006771405173783042,5 - Mega,Loss-making (<=0%),Analysis-ready
OMP,2016-12-31,2019-12-31,4,True,410191000,119648000,1154669000.0,0.2916885060861891,3 - Mid,High (>15%),Analysis-ready
ON,2016-12-31,2019-12-31,4,True,5517900000,211700000,8425500000.0,0.03836604505337175,5 - Mega,Low (0-5%),Analysis-ready
ONB,2016-12-31,2019-12-31,4,True,796094000,238206000,20411667000.0,0.29921843400402465,3 - Mid,High (>15%),Analysis-ready
ONCS,2016-07-31,2019-07-31,4,True,0,-30276053,29892012.0,,Not meaningful (revenue <= 0),Not meaningful (revenue <= 0),Limited (zero/negative revenue or assets)
ONCT,2017-12-31,2019-12-31,3,False,2425000,-34188000,21744000.0,-14.098144329896908,1 - Micro,Loss-making (<=0%),Analysis-ready
ONDK,2016-12-31,2019-12-31,4,True,293508000,27955000,1304583000.0,0.09524442263924664,3 - Mid,Moderate (5-15%),Analysis-ready
ONEM,2017-12-31,2019-12-31,3,False,276258000,-52554000,427148000.0,-0.19023521490780357,3 - Mid,Loss-making (<=0%),Analysis-ready
ONEW,2017-09-30,2019-09-30,3,False,767624000,35657000,504755000.0,0.046451127114316385,3 - Mid,Low (0-5%),Analysis-ready
ONTO,2016-12-31,2019-12-31,4,True,305896000,1910000,1448580000.0,0.006243952192902163,3 - Mid,Low (0-5%),Analysis-ready
ONTX,2016-12-31,2019-12-31,4,True,2183000,-21503000,23674000.0,-9.850206138341731,1 - Micro,Loss-making (<=0%),Analysis-ready
ONVO,2017-03-31,2020-03-31,4,True,2196000,-18710000,28441000.0,-8.520036429872496,1 - Micro,Loss-making (<=0%),Analysis-ready
OOMA,2017-01-31,2020-01-31,4,True,151593000,-18801000,80611000.0,-0.12402287704577389,2 - Small,Loss-making (<=0%),Analysis-ready
OPB,2016-12-31,2019-12-31,4,True,255413000,61834000,7992400000.0,0.24209417688214774,2 - Small,High (>15%),Analysis-ready
OPBK,2016-12-31,2019-12-31,4,True,53396000,16757000,1179520000.0,0.3138250056183984,2 - Small,High (>15%),Analysis-ready
OPCH,2016-12-31,2019-12-31,4,True,2310417000,-75920000,,-0.03285986901931556,4 - Large,Loss-making (<=0%),Limited (zero/negative revenue or assets)
OPGN,2016-12-31,2019-12-31,4,True,3498614,-12446458,10421824.0,-3.5575396428414225,1 - Micro,Loss-making (<=0%),Analysis-ready
OPHC,2016-12-31,2019-12-31,4,True,3389000,-1100000,126748000.0,-0.3245795219828858,1 - Micro,Loss-making (<=0%),Analysis-ready
OPI,2016-12-31,2019-12-31,4,True,678404000,30335000,4193136000.0,0.044715243424272265,3 - Mid,Low (0-5%),Analysis-ready
OPK,2016-12-31,2019-12-31,4,True,901935000,-314925000,2309272000.0,-0.34916595985298277,4 - Large,Loss-making (<=0%),Analysis-ready
OPNT,2017-07-31,2019-12-31,4,True,40519800,11593050,40280509.0,0.28610827299246294,1 - Micro,High (>15%),Analysis-ready
OPOF,2016-12-31,2019-12-31,4,True,47578000,7860000,1054488000.0,0.16520240447265544,1 - Micro,High (>15%),Analysis-ready
OPRA,2016-12-31,2019-12-31,4,True,334855000,57899000,1060620000.0,0.1729076764569739,3 - Mid,High (>15%),Analysis-ready
OPRT,2016-12-31,2019-12-31,4,True,542463000,61598000,2201874000.0,0.1135524450515519,3 - Mid,Moderate (5-15%),Analysis-ready
OPRX,2016-12-31,2019-12-31,4,True,24598274,-3142576,56638525.0,-0.12775595556013403,1 - Micro,Loss-making (<=0%),Analysis-ready
OPTN,2016-12-31,2019-12-31,4,True,34631000,-110053000,172650000.0,-3.1778753140250067,1 - Micro,Loss-making (<=0%),Analysis-ready
OPTT,2016-04-30,2019-04-30,4,True,632000,-12246000,18366000.0,-19.376582278481013,1 - Micro,Loss-making (<=0%),Analysis-ready
OPY,2016-12-31,2019-12-31,4,True,987677000,52953000,2464755000.0,0.05361368139584095,4 - Large,Moderate (5-15%),Analysis-ready
ORA,2016-12-31,2019-12-31,4,True,746044000,88095000,3250494000.0,0.1180828476604597,3 - Mid,Moderate (5-15%),Analysis-ready
ORBC,2016-12-31,2019-12-31,4,True,272013000,-18423000,580980000.0,-0.067728380628867,3 - Mid,Loss-making (<=0%),Analysis-ready
ORC,2016-12-31,2019-12-31,4,True,34650000,24265000,3882080000.0,0.7002886002886003,1 - Micro,High (>15%),Analysis-ready
ORCC,2016-12-31,2019-12-31,4,True,718019000,498001000,9203619000.0,0.6935763538290769,3 - Mid,High (>15%),Analysis-ready
ORCL,2016-05-31,2019-05-31,4,True,39506000000,11083000000,108709000000.0,0.28053966486103377,5 - Mega,High (>15%),Analysis-ready
ORGO,2016-12-31,2019-12-31,4,True,260981000,-40454000,220687000.0,-0.15500745264980975,2 - Small,Loss-making (<=0%),Analysis-ready
ORGS,2017-11-30,2019-12-31,4,True,33256000,-24121000,92495000.0,-0.7253127255232139,1 - Micro,Loss-making (<=0%),Analysis-ready
ORI,2016-12-31,2019-12-31,4,True,7213700000,1056400000,21076300000.0,0.1464435726464921,5 - Mega,Moderate (5-15%),Analysis-ready
ORIC,2017-12-31,2019-12-31,3,False,0,-26883000,94093000.0,,Not meaningful (revenue <= 0),Not meaningful (revenue <= 0),Limited (zero/negative revenue or assets)
ORLY,2016-12-31,2019-12-31,4,True,10149985000,1391042000,10717160000.0,0.13704867544139226,5 - Mega,Moderate (5-15%),Analysis-ready
ORMP,2016-08-31,2019-08-31,4,True,2703000,-14355000,34663000.0,-5.310765815760266,1 - Micro,Loss-making (<=0%),Analysis-ready
ORN,2016-12-31,2019-12-31,4,True,708390000,-5359000,394844000.0,-0.007565041855475092,3 - Mid,Loss-making (<=0%),Analysis-ready
ORRF,2016-12-31,2019-12-31,4,True,97006000,16924000,2383274000.0,0.17446343525142774,2 - Small,High (>15%),Analysis-ready
ORTX,2016-12-31,2019-12-31,4,True,2513000,-163422000,399281000.0,-65.03064066852367,1 - Micro,Loss-making (<=0%),Analysis-ready
OSB,2016-12-31,2019-12-31,4,True,1731000000,-42000000,1921000000.0,-0.024263431542461005,4 - Large,Loss-making (<=0%),Analysis-ready
OSBC,2016-12-31,2019-12-31,4,True,130087000,39455000,2635545000.0,0.3032970242991229,2 - Small,High (>15%),Analysis-ready
OSG,2016-12-31,2019-12-31,4,True,355547000,8675000,1175467000.0,0.024399024601529474,3 - Mid,Low (0-5%),Analysis-ready
OSIS,2016-06-30,2019-06-30,4,True,1182115000,64796000,1264864000.0,0.05481361796441125,4 - Large,Moderate (5-15%),Analysis-ready
OSK,2016-09-30,2019-09-30,4,True,8382000000,579400000,5566300000.0,0.06912431400620377,5 - Mega,Moderate (5-15%),Analysis-ready
OSMT,2016-12-31,2019-12-31,4,True,240031000,-270901000,463255000.0,-1.1286083880832058,2 - Small,Loss-making (<=0%),Analysis-ready
OSN,2016-12-31,2019-12-31,4,True,138900357,11089170,177643037.0,0.07983543195644918,2 - Small,Moderate (5-15%),Analysis-ready
OSPN,2016-12-31,2019-12-31,4,True,254570000,8789000,384570000.0,0.034524885100365325,2 - Small,Low (0-5%),Analysis-ready
OSS,2016-12-31,2019-12-31,4,True,58308019,-900337,39778007.0,-0.015441049369212836,2 - Small,Loss-making (<=0%),Analysis-ready
OSTK,2016-12-31,2019-12-31,4,True,1459418000,-121841000,417727000.0,-0.08348601976952456,4 - Large,Loss-making (<=0%),Analysis-ready
OSUR,2016-12-31,2019-12-31,4,True,154344000,16656000,349295000.0,0.10791478774685119,2 - Small,Moderate (5-15%),Analysis-ready
OSW,2016-12-31,2019-12-31,4,True,562233000,-41028000,,-0.07297330466194621,3 - Mid,Loss-making (<=0%),Limited (zero/negative revenue or assets)
OTEL,2016-12-31,2019-12-31,4,True,62766000,7796000,120745000.0,0.12420737341872988,2 - Small,Moderate (5-15%),Analysis-ready
OTEX,2016-06-30,2019-06-30,4,True,2868755000,285501000,7933975000.0,0.09952087229477595,4 - Large,Moderate (5-15%),Analysis-ready
OTIC,2016-12-31,2019-12-31,4,True,600000,-44675000,83018000.0,-74.45833333333333,1 - Micro,Loss-making (<=0%),Analysis-ready
OTIS,2017-12-31,2019-12-31,3,False,13118000000,1116000000,9687000000.0,0.0850739441988108,5 - Mega,Moderate (5-15%),Analysis-ready
OTLK,2016-09-30,2019-09-30,4,True,8146123,-34523787,17134997.0,-4.238063554895992,1 - Micro,Loss-making (<=0%),Analysis-ready
OTTR,2016-12-31,2019-12-31,4,True,919503000,86847000,2273595000.0,0.09444993654180574,4 - Large,Moderate (5-15%),Analysis-ready
OTTW,2016-12-31,2019-12-31,4,True,11293019,1937347,300531696.0,0.17155262025150228,1 - Micro,High (>15%),Analysis-ready
OUT,2016-12-31,2019-12-31,4,True,1782200000,140100000,5382300000.0,0.07861070586915049,4 - Large,Moderate (5-15%),Analysis-ready
OVBC,2016-12-31,2019-12-31,4,True,49962000,9907000,1013272000.0,0.19829070093270887,2 - Small,High (>15%),Analysis-ready
OVID,2016-12-31,2019-12-31,4,True,0,-60461243,80843731.0,,Not meaningful (revenue <= 0),Not meaningful (revenue <= 0),Limited (zero/negative revenue or assets)
OVLY,2016-12-31,2019-12-31,4,True,45536000,12489000,1147785000.0,0.2742665144061841,1 - Micro,High (>15%),Analysis-ready
OVV,2016-12-31,2019-12-31,4,True,7013000000,234000000,21487000000.0,0.033366604876657636,5 - Mega,Low (0-5%),Analysis-ready
OXBR,2016-12-31,2019-12-31,4,True,981000,-305000,9495000.0,-0.3109072375127421,1 - Micro,Loss-making (<=0%),Analysis-ready
OXFD,2016-12-31,2019-12-31,4,True,73710000,-1809000,235252000.0,-0.02454212454212454,2 - Small,Loss-making (<=0%),Analysis-ready
OXLC,2017-03-31,2020-03-31,4,True,122151901,-291132713,531939495.0,-2.3833662072929997,2 - Small,Loss-making (<=0%),Analysis-ready
OXM,2017-01-28,2020-02-01,4,True,1122790000,68493000,1033369000.0,0.061002502694181455,4 - Large,Moderate (5-15%),Analysis-ready
OXSQ,2016-12-31,2019-12-31,4,True,62650388,-32797917,385266593.0,-0.5235070052558972,2 - Small,Loss-making (<=0%),Analysis-ready
OXY,2016-12-31,2019-12-31,4,True,20393000000,-667000000,109330000000.0,-0.0327073015250331,5 - Mega,Loss-making (<=0%),Analysis-ready
OYST,2017-12-31,2019-12-31,3,False,0,-45711000,143209000.0,,Not meaningful (revenue <= 0),Not meaningful (revenue <= 0),Limited (zero/negative revenue or assets)
OZK,2016-12-31,2019-12-31,4,True,962273000,425906000,23555728000.0,0.4426041258561759,4 - Large,High (>15%),Analysis-ready
PAA,2016-12-31,2019-12-31,4,True,33669000000,2171000000,28677000000.0,0.0644806795568624,5 - Mega,Moderate (5-15%),Analysis-ready
PAAS,2016-12-31,2019-12-31,4,True,1350759000,110738000,3461682000.0,0.08198205601443337,4 - Large,Moderate (5-15%),Analysis-ready
PACB,2016-12-31,2019-12-31,4,True,90891000,-84134000,147985000.0,-0.9256582059829906,2 - Small,Loss-making (<=0%),Analysis-ready
PACD,2016-12-31,2019-12-31,4,True,229777000,-556465000,2256559000.0,-2.421761098804493,2 - Small,Loss-making (<=0%),Analysis-ready
PACK,2017-12-31,2019-12-31,3,False,269500000,-36200000,1104400000.0,-0.13432282003710574,3 - Mid,Loss-making (<=0%),Analysis-ready
PACW,2016-12-31,2019-12-31,4,True,1135191000,468636000,26770806000.0,0.4128256830788828,4 - Large,High (>15%),Analysis-ready
PAE,2016-12-31,2019-12-31,4,True,2763893000,-49809000,,-0.01802131992808694,4 - Large,Loss-making (<=0%),Limited (zero/negative revenue or assets)
PAG,2016-12-31,2019-12-31,4,True,23179400000,435800000,13942700000.0,0.018801176907081288,5 - Mega,Low (0-5%),Analysis-ready
PAGP,2016-12-31,2019-12-31,4,True,33669000000,331000000,29969000000.0,0.009831001811755622,5 - Mega,Low (0-5%),Analysis-ready
PAHC,2016-06-30,2019-06-30,4,True,827995000,54713000,726671000.0,0.06607890144264156,3 - Mid,Moderate (5-15%),Analysis-ready
PAI,2016-12-31,2019-12-31,4,True,7025334,20610905,147245775.0,2.9337971689317546,1 - Micro,High (>15%),Analysis-ready
PANL,2016-12-31,2019-12-31,4,True,412197819,11657958,479902831.0,0.02828243494417907,3 - Mid,Low (0-5%),Analysis-ready
PANW,2016-07-31,2019-07-31,4,True,2899600000,-81900000,6592200000.0,-0.028245275210373844,4 - Large,Loss-making (<=0%),Analysis-ready
PAR,2016-12-31,2019-12-31,4,True,187232000,-15571000,189612000.0,-0.0831642027003931,2 - Small,Loss-making (<=0%),Analysis-ready
PARR,2016-12-31,2019-12-31,4,True,5401516000,40809000,2700560000.0,0.007555101197515661,5 - Mega,Low (0-5%),Analysis-ready
PASG,2018-12-31,2019-12-31,2,False,0,-45634000,178613000.0,,Not meaningful (revenue <= 0),Not meaningful (revenue <= 0),Limited (zero/negative revenue or assets)
PATI,2016-09-30,2019-09-30,4,True,108716000,1763000,72293000.0,0.016216564259170684,2 - Small,Low (0-5%),Analysis-ready
PATK,2016-12-31,2019-12-31,4,True,2337082000,89566000,1470993000.0,0.038323858555241105,4 - Large,Low (0-5%),Analysis-ready
PAVM,2016-12-31,2019-12-31,4,True,0,-16457241,7240452.0,,Not meaningful (revenue <= 0),Not meaningful (revenue <= 0),Limited (zero/negative revenue or assets)
PAYC,2016-12-31,2019-12-31,4,True,737671000,180576000,2486917000.0,0.2447920549947063,3 - Mid,High (>15%),Analysis-ready
PAYS,2016-12-31,2019-12-31,4,True,34666653,7454319,53548346.0,0.21502851746316554,1 - Micro,High (>15%),Analysis-ready
PAYX,2016-05-31,2019-05-31,4,True,3772500000,1034400000,8676000000.0,0.2741948310139165,5 - Mega,High (>15%),Analysis-ready
PB,2016-12-31,2019-12-31,4,True,815750000,332552000,32185708000.0,0.40766411277965064,3 - Mid,High (>15%),Analysis-ready
PBCT,2016-12-31,2019-12-31,4,True,1812900000,520400000,58589800000.0,0.2870538915549672,4 - Large,High (>15%),Analysis-ready
PBF,2016-12-31,2019-12-31,4,True,24508200000,319400000,9132400000.0,0.013032372838478551,5 - Mega,Low (0-5%),Analysis-ready
PBFX,2016-12-31,2019-12-31,4,True,340212000,100288000,973002000.0,0.2947809013203532,3 - Mid,High (>15%),Analysis-ready
PBH,2017-03-31,2020-03-31,4,True,963010000,142281000,3513905000.0,0.14774612932368303,4 - Large,Moderate (5-15%),Analysis-ready
PBHC,2016-12-31,2019-12-31,4,True,31108000,4276000,1093807000.0,0.13745660280313746,1 - Micro,Moderate (5-15%),Analysis-ready
PBI,2016-12-31,2019-12-31,4,True,3205125000,194609000,5466900000.0,0.060718068718068716,5 - Mega,Moderate (5-15%),Analysis-ready
PBIP,2016-09-30,2019-09-30,4,True,27745000,9530000,1289434000.0,0.3434853126689494,1 - Micro,High (>15%),Analysis-ready
PBPB,2016-12-25,2019-12-29,4,True,409707000,-23992000,332879000.0,-0.05855892137551958,3 - Mid,Loss-making (<=0%),Analysis-ready
PBT,2016-12-31,2019-12-31,4,True,20510433,19421131,3287077.0,0.946890346000984,1 - Micro,High (>15%),Analysis-ready
PBTS,2016-12-31,2018-12-31,3,False,23152267,1546290,27767508.0,0.06678784414502476,1 - Micro,Moderate (5-15%),Analysis-ready
PBYI,2016-12-31,2019-12-31,4,True,272260000,-75595000,234905000.0,-0.2776573863218982,3 - Mid,Loss-making (<=0%),Analysis-ready
PCAR,2016-12-31,2019-12-31,4,True,25599700000,2387900000,28361100000.0,0.09327843685668191,5 - Mega,Moderate (5-15%),Analysis-ready
PCB,2016-12-31,2019-12-31,4,True,76666000,24108000,1746328000.0,0.31445490830355044,2 - Small,High (>15%),Analysis-ready
PCG,2016-12-31,2019-12-31,4,True,17129000000,-7656000000,85196000000.0,-0.44696129371241755,5 - Mega,Loss-making (<=0%),Analysis-ready
PCH,2016-12-31,2019-12-31,4,True,827098000,55661000,2235059000.0,0.06729674113587507,3 - Mid,Moderate (5-15%),Analysis-ready
PCN,2016-07-31,2019-07-31,4,True,57330000,55279000,798324000.0,0.9642246642246642,2 - Small,High (>15%),Analysis-ready
PCOM,2016-12-31,2019-12-31,4,True,401177000,11889000,138700000.0,0.029635298135237065,3 - Mid,Low (0-5%),Analysis-ready
PCQ,2016-12-31,2019-12-31,4,True,20576000,36691000,504397000.0,1.7831940124416796,1 - Micro,High (>15%),Analysis-ready
PCRX,2016-12-31,2019-12-31,4,True,421026000,-11016000,831065000.0,-0.026164654914423338,3 - Mid,Loss-making (<=0%),Analysis-ready
PCSB,2016-06-30,2019-06-30,4,True,44998000,8318000,1637579000.0,0.18485266011822749,1 - Micro,High (>15%),Analysis-ready
PCTI,2016-12-31,2019-12-31,4,True,90617000,3750000,89237000.0,0.041382963461602126,2 - Small,Low (0-5%),Analysis-ready
PCTY,2016-06-30,2019-06-30,4,True,467633000,53823000,1803941000.0,0.11509666768598452,3 - Mid,Moderate (5-15%),Analysis-ready
PCYG,2016-06-30,2019-06-30,4,True,21169608,3902406,52940537.0,0.184340021789728,1 - Micro,High (>15%),Analysis-ready
PCYO,2016-08-31,2019-08-31,4,True,20361509,4811148,83721404.0,0.23628641668945066,1 - Micro,High (>15%),Analysis-ready
PD,2018-01-31,2020-01-31,3,False,166351000,-50339000,435398000.0,-0.302607137919219,2 - Small,Loss-making (<=0%),Analysis-ready
PDCE,2016-12-31,2019-12-31,4,True,1238213000,-56672000,4448680000.0,-0.04576918510789339,4 - Large,Loss-making (<=0%),Analysis-ready
PDCO,2016-04-30,2019-04-27,4,True,5574523000,83628000,3269269000.0,0.015001821680527643,5 - Mega,Low (0-5%),Analysis-ready
PDEX,2016-06-30,2019-06-30,4,True,27172000,4148000,25520000.0,0.15265714706315325,1 - Micro,High (>15%),Analysis-ready
PDFS,2016-12-31,2019-12-31,4,True,85585000,-5418000,239544000.0,-0.06330548577437635,2 - Small,Loss-making (<=0%),Analysis-ready
PDLB,2016-12-31,2019-12-31,4,True,40558000,-5125000,1053756000.0,-0.12636224665910548,1 - Micro,Loss-making (<=0%),Analysis-ready
PDLI,2016-12-31,2019-12-31,4,True,85799000,-70411000,716119000.0,-0.8206505903332206,2 - Small,Loss-making (<=0%),Analysis-ready
PDM,2016-12-31,2019-12-31,4,True,533178000,229261000,3516757000.0,0.42998960947375925,3 - Mid,High (>15%),Analysis-ready
PDSB,2016-12-31,2019-12-31,4,True,0,-6998606,14491252.0,,Not meaningful (revenue <= 0),Not meaningful (revenue <= 0),Limited (zero/negative revenue or assets)
PE,2016-12-31,2019-12-31,4,True,1958814000,175212000,9856214000.0,0.08944800272001323,4 - Large,Moderate (5-15%),Analysis-ready
PEAK,2016-12-31,2019-12-31,4,True,1997383000,45530000,14032891000.0,0.022794827031170285,4 - Large,Low (0-5%),Analysis-ready
PEB,2016-12-31,2019-12-31,4,True,1612213000,115442000,6498555000.0,0.0716046825078324,4 - Large,Moderate (5-15%),Analysis-ready
PEBK,2016-12-31,2019-12-31,4,True,62720000,14067000,1154882000.0,0.22428252551020408,2 - Small,High (>15%),Analysis-ready
PEBO,2016-12-31,2019-12-31,4,True,201582000,53695000,4354165000.0,0.2663680288914685,2 - Small,High (>15%),Analysis-ready
PED,2016-12-31,2019-12-31,4,True,12972000,-11102000,122896000.0,-0.8558433549182856,1 - Micro,Loss-making (<=0%),Analysis-ready
PEG,2016-12-31,2019-12-31,4,True,10076000000,1693000000,47730000000.0,0.16802302500992458,5 - Mega,High (>15%),Analysis-ready
PEGA,2016-12-31,2019-12-31,4,True,911383000,-90433000,984812000.0,-0.09922612118066719,4 - Large,Loss-making (<=0%),Analysis-ready
PEI,2016-12-31,2019-12-31,4,True,345435000,-10872000,2351267000.0,-0.03147335967692909,3 - Mid,Loss-making (<=0%),Analysis-ready
PEIX,2016-12-31,2019-12-31,4,True,1424881000,-88949000,612495000.0,-0.062425563959376255,4 - Large,Loss-making (<=0%),Analysis-ready
PEN,2016-12-31,2019-12-31,4,True,547405000,48458000,665901000.0,0.08852312273362502,3 - Mid,Moderate (5-15%),Analysis-ready
PENN,2016-12-31,2019-12-31,4,True,5301400000,43900000,14194500000.0,0.008280831478477383,5 - Mega,Low (0-5%),Analysis-ready
PEO,2016-12-31,2019-12-31,4,True,28954084,65661312,576186619.0,2.2677737620710086,1 - Micro,High (>15%),Analysis-ready
PEP,2016-12-31,2019-12-28,4,True,67161000000,7314000000,78547000000.0,0.10890248805110109,5 - Mega,Moderate (5-15%),Analysis-ready
PER,2016-12-31,2019-12-31,4,True,21381000,17289000,107156000.0,0.8086151255787849,1 - Micro,High (>15%),Analysis-ready
PERI,2016-12-31,2019-12-31,4,True,261450000,12893000,283777000.0,0.04931344425320329,2 - Small,Low (0-5%),Analysis-ready
PESI,2016-12-31,2019-12-31,4,True,73459000,2315000,66515000.0,0.031514177976830614,2 - Small,Low (0-5%),Analysis-ready
PETQ,2016-12-31,2019-12-31,4,True,709431000,-11453000,672728000.0,-0.01614392379244775,3 - Mid,Loss-making (<=0%),Analysis-ready
PETS,2017-03-31,2020-03-31,4,True,284125000,25851000,155323000.0,0.09098460184777826,3 - Mid,Moderate (5-15%),Analysis-ready
PFBC,2016-12-31,2019-12-31,4,True,162947000,78371000,4628481000.0,0.48096006677017683,2 - Small,High (>15%),Analysis-ready
PFBI,2016-12-31,2019-12-31,4,True,74985000,24196000,1781010000.0,0.32267786890711475,2 - Small,High (>15%),Analysis-ready
PFD,2016-11-30,2019-11-30,4,True,14147135,28383584,241580230.0,2.006313221722985,1 - Micro,High (>15%),Analysis-ready
PFE,2016-12-31,2019-12-31,4,True,51750000000,16273000000,167489000000.0,0.3144541062801932,5 - Mega,High (>15%),Analysis-ready
PFG,2016-12-31,2019-12-31,4,True,16222100000,1394200000,276087800000.0,0.08594448314336615,5 - Mega,Moderate (5-15%),Analysis-ready
PFGC,2016-07-02,2019-06-29,4,True,19743500000,166800000,4653500000.0,0.008448350089903005,5 - Mega,Low (0-5%),Analysis-ready
PFHD,2017-12-31,2019-12-31,3,False,29989000,2336000,1053141000.0,0.07789522825035847,1 - Micro,Moderate (5-15%),Analysis-ready
PFIE,2016-12-31,2019-12-31,4,True,38981313,2021492,52248360.0,0.05185797615385608,1 - Micro,Moderate (5-15%),Analysis-ready
PFIN,2016-12-31,2019-12-31,4,True,58674000,4911000,61743000.0,0.08369976480212701,2 - Small,Moderate (5-15%),Analysis-ready
PFIS,2016-12-31,2019-12-31,4,True,84533000,25736000,2475327000.0,0.3044491500360806,2 - Small,High (>15%),Analysis-ready
PFLT,2016-09-30,2019-09-30,4,True,92947182,11416106,1152375812.0,0.12282358382850166,2 - Small,Moderate (5-15%),Analysis-ready
PFMT,2016-12-31,2019-12-31,4,True,150432000,-26820000,138872000.0,-0.17828653477983408,2 - Small,Loss-making (<=0%),Analysis-ready
PFN,2016-07-31,2019-07-31,4,True,60843000,54517000,874680000.0,0.8960274805647321,2 - Small,High (>15%),Analysis-ready
PFNX,2016-12-31,2019-12-31,4,True,50326000,1058000,84887000.0,0.021022930493184436,2 - Small,Low (0-5%),Analysis-ready
PFO,2016-11-30,2019-11-30,4,True,13271620,26407534,225163987.0,1.9897747223021756,1 - Micro,High (>15%),Analysis-ready
PFPT,2016-12-31,2019-12-31,4,True,888190000,-130265000,2337511000.0,-0.1466634391290152,3 - Mid,Loss-making (<=0%),Analysis-ready
PFS,2016-12-31,2019-12-31,4,True,348667000,112633000,9808578000.0,0.3230388881081376,3 - Mid,High (>15%),Analysis-ready
PFSI,2016-12-31,2019-12-31,4,True,2060329000,392965000,10204017000.0,0.19072924761045446,4 - Large,High (>15%),Analysis-ready
PFSW,2016-12-31,2019-12-31,4,True,240995000,-2170000,203608000.0,-0.009004336189547501,2 - Small,Loss-making (<=0%),Analysis-ready
PG,2016-06-30,2019-06-30,4,True,67684000000,3897000000,115095000000.0,0.057576384374445955,5 - Mega,Moderate (5-15%),Analysis-ready
PGC,2016-12-31,2019-12-31,4,True,170970000,47434000,5182879000.0,0.2774404866350822,2 - Small,High (>15%),Analysis-ready
PGEN,2016-12-31,2019-12-31,4,True,90722000,-322324000,455763000.0,-3.552875818434338,2 - Small,Loss-making (<=0%),Analysis-ready
PGNX,2016-12-31,2019-12-31,4,True,34986000,-68552000,119470000.0,-1.9594123363631166,1 - Micro,Loss-making (<=0%),Analysis-ready
PGNY,2017-12-31,2019-12-31,3,False,229683000,-8569000,150434000.0,-0.0373079418154587,2 - Small,Loss-making (<=0%),Analysis-ready
PGR,2016-12-31,2019-12-31,4,True,38997700000,3970300000,54895300000.0,0.10180856819761165,5 - Mega,Moderate (5-15%),Analysis-ready
PGRE,2016-12-31,2019-12-31,4,True,765013000,-36899000,8734135000.0,-0.04823316727951028,3 - Mid,Loss-making (<=0%),Analysis-ready
PGTI,2016-12-31,2019-12-28,4,True,744956000,43688000,922733000.0,0.058645074339961016,3 - Mid,Moderate (5-15%),Analysis-ready
PH,2016-06-30,2019-06-30,4,True,14320324000,1512364000,17576690000.0,0.10560962168174408,5 - Mega,Moderate (5-15%),Analysis-ready
PHAS,2016-12-31,2019-12-31,4,True,2361000,-39247000,82494000.0,-16.62304108428632,1 - Micro,Loss-making (<=0%),Analysis-ready
PHAT,2018-12-31,2019-12-31,2,False,0,-255131000,257178000.0,,Not meaningful (revenue <= 0),Not meaningful (revenue <= 0),Limited (zero/negative revenue or assets)
PHIO,2016-12-31,2019-12-31,4,True,21000,-8908000,8039000.0,-424.1904761904762,1 - Micro,Loss-making (<=0%),Analysis-ready
PHK,2016-07-31,2019-07-31,4,True,94093000,92041000,1222103000.0,0.9781917889747378,2 - Small,High (>15%),Analysis-ready
PHM,2016-12-31,2019-12-31,4,True,10212957000,1016700000,10715597000.0,0.0995500127925732,5 - Mega,Moderate (5-15%),Analysis-ready
PHR,2018-01-31,2020-01-31,3,False,124784000,-20293000,158758000.0,-0.16262501602769586,2 - Small,Loss-making (<=0%),Analysis-ready
PHUN,2016-12-31,2019-12-31,4,True,19150000,-12871000,29052000.0,-0.6721148825065274,1 - Micro,Loss-making (<=0%),Analysis-ready
PHX,2016-09-30,2019-09-30,4,True,39054478,-40744938,126644947.0,-1.0432846650773313,1 - Micro,Loss-making (<=0%),Analysis-ready
PI,2016-12-31,2019-12-31,4,True,152836000,-22987000,215046000.0,-0.15040304640267999,2 - Small,Loss-making (<=0%),Analysis-ready
PICO,2016-12-31,2019-12-31,4,True,29410000,11526000,181089000.0,0.3919075144508671,1 - Micro,High (>15%),Analysis-ready
PIH,2016-12-31,2019-12-31,4,True,5597000,311000,63454000.0,0.05556548150795069,1 - Micro,Moderate (5-15%),Analysis-ready
PII,2016-12-31,2019-12-31,4,True,6863379000,323960000,4430529000.0,0.04720124008888333,5 - Mega,Low (0-5%),Analysis-ready
PINC,2016-06-30,2019-06-30,4,True,1217638000,109120000,2569567000.0,0.08961612564653863,4 - Large,Moderate (5-15%),Analysis-ready
PINE,2017-12-31,2019-12-31,3,False,13231304,3591421,164172673.0,0.27143363949615246,1 - Micro,High (>15%),Analysis-ready
PING,2017-12-31,2019-12-31,3,False,242898000,-1504000,872811000.0,-0.00619189948044035,2 - Small,Loss-making (<=0%),Analysis-ready
PINS,2017-12-31,2019-12-31,3,False,1142761000,-1361371000,2393317000.0,-1.1912998430993007,4 - Large,Loss-making (<=0%),Analysis-ready
PIPR,2016-12-31,2019-12-31,4,True,834566000,111711000,1628719000.0,0.13385520138610968,3 - Mid,Moderate (5-15%),Analysis-ready
PIRS,2016-12-31,2019-12-31,4,True,46279000,-25469000,141097000.0,-0.5503360055316666,1 - Micro,Loss-making (<=0%),Analysis-ready
PIXY,2016-08-31,2019-08-31,4,True,5423000,-18727000,23796000.0,-3.453254656094413,1 - Micro,Loss-making (<=0%),Analysis-ready
PJT,2016-12-31,2019-12-31,4,True,717639000,29562000,952777000.0,0.041193413401445576,3 - Mid,Low (0-5%),Analysis-ready
PK,2016-12-31,2019-12-31,4,True,2830000000,306000000,11290000000.0,0.10812720848056537,4 - Large,Moderate (5-15%),Analysis-ready
PKBK,2016-12-31,2019-12-31,4,True,58024000,29841000,1681160000.0,0.5142871915069627,2 - Small,High (>15%),Analysis-ready
PKE,2017-02-26,2020-03-01,4,True,60014000,9552000,171786000.0,0.15916286199886692,2 - Small,High (>15%),Analysis-ready
PKG,2016-12-31,2019-12-31,4,True,6964300000,696400000,7235800000.0,0.09999569231652858,5 - Mega,Moderate (5-15%),Analysis-ready
PKI,2017-01-01,2019-12-29,4,True,2883673000,227558000,6538564000.0,0.07891255353849067,4 - Large,Moderate (5-15%),Analysis-ready
PKOH,2016-12-31,2019-12-31,4,True,1618300000,38600000,1310400000.0,0.023852190570351605,4 - Large,Low (0-5%),Analysis-ready
PLAB,2016-10-30,2019-10-31,4,True,550660000,29793000,1118665000.0,0.05410416590999891,3 - Mid,Moderate (5-15%),Analysis-ready
PLAG,2016-12-31,2019-12-31,4,True,4113077,2947196,25898098.0,0.7165428704592693,1 - Micro,High (>15%),Analysis-ready
PLAN,2017-01-31,2020-01-31,4,True,348022000,-149217000,649807000.0,-0.4287573774071754,3 - Mid,Loss-making (<=0%),Analysis-ready
PLAY,2017-01-29,2020-02-02,4,True,1354691000,100263000,2370139000.0,0.07401171189592314,4 - Large,Moderate (5-15%),Analysis-ready
PLBC,2016-12-31,2019-12-31,4,True,44190000,15512000,865191000.0,0.35102964471599907,1 - Micro,High (>15%),Analysis-ready
PLCE,2017-01-28,2020-02-01,4,True,1870667000,73300000,1181397000.0,0.039183884678566525,4 - Large,Low (0-5%),Analysis-ready
PLD,2016-12-31,2019-12-31,4,True,3530799000,1572959000,40031850000.0,0.4454966142224465,5 - Mega,High (>15%),Analysis-ready
PLG,2016-08-31,2019-08-31,4,True,0,-16776000,43663000.0,,Not meaningful (revenue <= 0),Not meaningful (revenue <= 0),Limited (zero/negative revenue or assets)
PLL,2016-06-30,2019-06-30,4,True,0,-9822626,6783145.0,,Not meaningful (revenue <= 0),Not meaningful (revenue <= 0),Limited (zero/negative revenue or assets)
PLM,2017-01-31,2019-12-31,4,True,0,-57903000,457315000.0,,Not meaningful (revenue <= 0),Not meaningful (revenue <= 0),Limited (zero/negative revenue or assets)
PLMR,2016-12-31,2019-12-31,4,True,113296000,10621000,395462000.0,0.09374558678152803,2 - Small,Moderate (5-15%),Analysis-ready
PLNT,2016-12-31,2019-12-31,4,True,638648000,117695000,1717190000.0,0.1842877453620774,3 - Mid,High (>15%),Analysis-ready
PLOW,2016-12-31,2019-12-31,4,True,571710000,49166000,705695000.0,0.08599814591313779,3 - Mid,Moderate (5-15%),Analysis-ready
PLPC,2016-12-31,2019-12-31,4,True,444861000,23303000,433571000.0,0.05238265435720371,3 - Mid,Moderate (5-15%),Analysis-ready
PLSE,2016-12-31,2019-12-31,4,True,0,-46971000,41915000.0,,Not meaningful (revenue <= 0),Not meaningful (revenue <= 0),Limited (zero/negative revenue or assets)
PLT,2017-03-31,2020-03-28,4,True,1696990000,-827182000,2257174000.0,-0.4874407038344363,4 - Large,Loss-making (<=0%),Analysis-ready
PLUG,2016-12-31,2019-12-31,4,True,230239000,-85465000,771184000.0,-0.37120123002619015,2 - Small,Loss-making (<=0%),Analysis-ready
PLUS,2017-03-31,2020-03-31,4,True,1588404000,69082000,909113000.0,0.043491454315149045,4 - Large,Low (0-5%),Analysis-ready
PLX,2016-12-31,2019-12-31,4,True,54693000,-18276000,45392000.0,-0.33415610772859416,2 - Small,Loss-making (<=0%),Analysis-ready
PLXP,2016-12-31,2019-12-31,4,True,565464,-20502395,18502746.0,-36.25764858594004,1 - Micro,Loss-making (<=0%),Analysis-ready
PLXS,2016-10-01,2019-09-28,4,True,3164434000,108616000,2000883000.0,0.03432398969294351,5 - Mega,Low (0-5%),Analysis-ready
PLYA,2016-12-31,2019-12-31,4,True,630065000,-4357000,2196964000.0,-0.006915159547030862,3 - Mid,Loss-making (<=0%),Analysis-ready
PLYM,2016-12-31,2019-12-31,4,True,75290000,-10420000,685481000.0,-0.1383981936512153,2 - Small,Loss-making (<=0%),Analysis-ready
PM,2016-12-31,2019-12-31,4,True,29805000000,7185000000,42875000000.0,0.24106693507800706,5 - Mega,High (>15%),Analysis-ready
PMBC,2016-12-31,2019-12-31,4,True,45994000,5680000,1416154000.0,0.12349436883071704,1 - Micro,Moderate (5-15%),Analysis-ready
PMD,2016-12-31,2019-12-31,4,True,37678000,1542000,27531000.0,0.040925739158129415,1 - Micro,Low (0-5%),Analysis-ready
PME,2016-12-31,2019-12-31,4,True,89622156,5682024,404128713.0,0.06339976913744409,2 - Small,Moderate (5-15%),Analysis-ready
PMF,2016-12-31,2019-12-31,4,True,27400000,48492000,649761000.0,1.7697810218978103,1 - Micro,High (>15%),Analysis-ready
PMT,2016-12-31,2019-12-31,4,True,879073000,226357000,11771351000.0,0.2574951113275007,3 - Mid,High (>15%),Analysis-ready
PMX,2016-12-31,2019-12-31,4,True,31192000,52464000,705166000.0,1.6819697358296999,1 - Micro,High (>15%),Analysis-ready
PNBK,2016-12-31,2019-12-31,4,True,22938000,-2817000,979836000.0,-0.12280931205859273,1 - Micro,Loss-making (<=0%),Analysis-ready
PNC,2016-12-31,2019-12-31,4,True,17054000000,5369000000,410295000000.0,0.31482350181775537,5 - Mega,High (>15%),Analysis-ready
PNFP,2016-12-31,2019-12-31,4,True,1002685000,400881000,27805496000.0,0.39980751681734544,4 - Large,High (>15%),Analysis-ready
PNM,2016-12-31,2019-12-31,4,True,1457603000,77362000,7298774000.0,0.053074808435493066,4 - Large,Moderate (5-15%),Analysis-ready
PNNT,2016-09-30,2019-09-30,4,True,112106654,15924806,1285838013.0,0.14205049773405956,2 - Small,Moderate (5-15%),Analysis-ready
PNR,2016-12-31,2019-12-31,4,True,2957200000,355700000,4139500000.0,0.12028269985121061,4 - Large,Moderate (5-15%),Analysis-ready
PNRG,2016-12-31,2019-12-31,4,True,108972000,3476000,229365000.0,0.03189810226480197,2 - Small,Low (0-5%),Analysis-ready
PNTG,2016-12-31,2019-12-31,4,True,338531000,2546000,,0.007520729268516029,3 - Mid,Low (0-5%),Limited (zero/negative revenue or assets)
PNW,2016-12-31,2019-12-31,4,True,3471209000,538320000,18479247000.0,0.15508141399725572,5 - Mega,High (>15%),Analysis-ready
POAI,2016-12-31,2019-12-31,4,True,1411565,-19390766,22375510.0,-13.737069139572036,1 - Micro,Loss-making (<=0%),Analysis-ready
PODD,2016-12-31,2019-12-31,4,True,738200000,11600000,1142900000.0,0.01571389867244649,3 - Mid,Low (0-5%),Analysis-ready
POL,2016-12-31,2019-12-31,4,True,2862700000,588600000,3273300000.0,0.2056100883781046,4 - Large,High (>15%),Analysis-ready
POLA,2016-12-31,2019-12-31,4,True,24801141,-4044751,23563215.0,-0.16308729505630407,1 - Micro,Loss-making (<=0%),Analysis-ready
POOL,2016-12-31,2019-12-31,4,True,3199517000,261575000,1483266000.0,0.08175452732396796,5 - Mega,Moderate (5-15%),Analysis-ready
POR,2016-12-31,2019-12-31,4,True,2123000000,214000000,8394000000.0,0.10080075365049458,4 - Large,Moderate (5-15%),Analysis-ready
POST,2016-09-30,2019-09-30,4,True,5681100000,124700000,11951600000.0,0.021949974476773864,5 - Mega,Low (0-5%),Analysis-ready
POWI,2016-12-31,2019-12-31,4,True,420669000,193468000,803896000.0,0.4599055314273217,3 - Mid,High (>15%),Analysis-ready
POWL,2016-09-30,2019-09-30,4,True,517180000,9890000,467411000.0,0.019122935921729377,3 - Mid,Low (0-5%),Analysis-ready
PPBI,2016-12-31,2019-12-31,4,True,477430000,159718000,11776012000.0,0.3345370001885093,3 - Mid,High (>15%),Analysis-ready
PPC,2016-12-25,2019-12-29,4,True,11409219000,455924000,7102364000.0,0.03996101748945305,5 - Mega,Low (0-5%),Analysis-ready
PPD,2016-12-31,2019-12-31,4,True,4031017000,47821000,,0.01186325932140698,5 - Mega,Low (0-5%),Limited (zero/negative revenue or assets)
PPG,2016-12-31,2019-12-31,4,True,15146000000,1243000000,17708000000.0,0.08206787270566486,5 - Mega,Moderate (5-15%),Analysis-ready
PPIH,2017-01-31,2020-01-31,4,True,127663000,3576000,112225000.0,0.028011248364835543,2 - Small,Low (0-5%),Analysis-ready
PPL,2016-12-31,2019-12-31,4,True,7769000000,1746000000,45680000000.0,0.22473934869352555,5 - Mega,High (>15%),Analysis-ready
PPR,2017-02-28,2020-02-29,4,True,65476629,9995053,1150520479.0,0.1526506961743556,2 - Small,High (>15%),Analysis-ready
PPSI,2016-12-31,2019-12-31,4,True,20582000,-1439000,28119000.0,-0.0699154601107764,1 - Micro,Loss-making (<=0%),Analysis-ready
PQG,2016-12-31,2019-12-31,4,True,1567072000,79539000,4320845000.0,0.05075644258847073,4 - Large,Moderate (5-15%),Analysis-ready
PRA,2016-12-31,2019-12-31,4,True,999834000,1004000,4805599000.0,0.0010041666916708173,4 - Large,Low (0-5%),Analysis-ready
PRAA,2016-12-31,2019-12-31,4,True,1017081000,86158000,4423891000.0,0.08471105054563009,4 - Large,Moderate (5-15%),Analysis-ready
PRAH,2016-12-31,2019-12-31,4,True,3066262000,243020000,3544430000.0,0.07925611053458576,4 - Large,Moderate (5-15%),Analysis-ready
PRCP,2016-06-30,2019-06-30,4,True,76822000,-6791000,62838000.0,-0.08839915649163001,2 - Small,Loss-making (<=0%),Analysis-ready
PRDO,2016-12-31,2019-12-31,4,True,627704000,69982000,599146000.0,0.11148885461937473,3 - Mid,Moderate (5-15%),Analysis-ready
PRFT,2016-12-31,2019-12-31,4,True,565527000,37125000,640492000.0,0.06564673304722851,3 - Mid,Moderate (5-15%),Analysis-ready
PRGO,2016-12-31,2019-12-31,4,True,4837400000,146100000,11301400000.0,0.030202174721958075,5 - Mega,Low (0-5%),Analysis-ready
PRGS,2016-11-30,2019-11-30,4,True,413298000,26400000,881271000.0,0.06387642814627702,3 - Mid,Moderate (5-15%),Analysis-ready
PRGX,2016-12-31,2019-12-31,4,True,169758000,-13720000,125466000.0,-0.08082093332862074,2 - Small,Loss-making (<=0%),Analysis-ready
PRI,2016-12-31,2019-12-31,4,True,2100829000,366391000,13688531000.0,0.174403057078896,4 - Large,High (>15%),Analysis-ready
PRIM,2016-12-31,2019-12-31,4,True,3106329000,82327000,1830465000.0,0.026502987932057423,4 - Large,Low (0-5%),Analysis-ready
PRK,2016-12-31,2019-12-31,4,True,388536000,102700000,8558377000.0,0.2643255708608726,3 - Mid,High (>15%),Analysis-ready
PRLB,2016-12-31,2019-12-31,4,True,458728000,63655000,673667000.0,0.138764147817443,3 - Mid,Moderate (5-15%),Analysis-ready
PRMW,2016-12-31,2019-12-28,4,True,2394500000,2900000,3390900000.0,0.0012111087909793276,4 - Large,Low (0-5%),Analysis-ready
PRNB,2016-12-31,2019-12-31,4,True,35160000,-53792000,382736000.0,-1.529920364050057,1 - Micro,Loss-making (<=0%),Analysis-ready
PRO,2016-12-31,2019-12-31,4,True,250334000,-69081000,513307000.0,-0.27595532368755343,2 - Small,Loss-making (<=0%),Analysis-ready
PROS,2016-12-31,2019-12-31,4,True,878059000,38890000,2877234000.0,0.04429087339233469,3 - Mid,Low (0-5%),Analysis-ready
PROV,2016-06-30,2019-06-30,4,True,51156000,4417000,1084850000.0,0.08634373289545703,2 - Small,Moderate (5-15%),Analysis-ready
PRPH,2016-12-31,2019-12-31,4,True,9876000,-3146000,12274000.0,-0.3185500202511138,1 - Micro,Loss-making (<=0%),Analysis-ready
PRPL,2016-12-31,2019-12-31,4,True,428358000,-4027000,147724000.0,-0.009401015038822668,3 - Mid,Loss-making (<=0%),Analysis-ready
PRPO,2016-12-31,2019-12-31,4,True,3127000,-13243000,19511000.0,-4.235049568276303,1 - Micro,Loss-making (<=0%),Analysis-ready
PRSC,2016-12-31,2019-12-31,4,True,1509944000,966000,597381000.0,0.0006397588254928659,4 - Large,Low (0-5%),Analysis-ready
PRSP,2017-03-31,2020-03-31,4,True,4504000000,-676000000,5405000000.0,-0.15008880994671403,5 - Mega,Loss-making (<=0%),Analysis-ready
PRT,2018-12-31,2019-12-31,2,False,10449660,8838371,90259189.0,0.8458046481895105,1 - Micro,High (>15%),Analysis-ready
PRTA,2016-12-31,2019-12-31,4,True,814000,-77677000,419268000.0,-95.42628992628993,1 - Micro,Loss-making (<=0%),Analysis-ready
PRTH,2016-12-31,2019-12-31,4,True,371854000,-33589000,464505000.0,-0.09032846224593523,3 - Mid,Loss-making (<=0%),Analysis-ready
PRTK,2016-12-31,2019-12-31,4,True,16544000,-128790000,251079000.0,-7.784695357833655,1 - Micro,Loss-making (<=0%),Analysis-ready
PRTS,2016-12-31,2019-12-28,4,True,280657000,-31548000,87946000.0,-0.11240767199820421,3 - Mid,Loss-making (<=0%),Analysis-ready
PRTY,2016-12-31,2019-12-31,4,True,2348789000,-532495000,3595319000.0,-0.22671044525498033,4 - Large,Loss-making (<=0%),Analysis-ready
PRU,2016-12-31,2019-12-31,4,True,64710000000,4186000000,896552000000.0,0.06468861072477206,5 - Mega,Moderate (5-15%),Analysis-ready
PRVB,2016-12-31,2019-12-31,4,True,0,-43285000,85996000.0,,Not meaningful (revenue <= 0),Not meaningful (revenue <= 0),Limited (zero/negative revenue or assets)
PRVL,2017-12-31,2019-12-31,3,False,0,-63188000,187102000.0,,Not meaningful (revenue <= 0),Not meaningful (revenue <= 0),Limited (zero/negative revenue or assets)
PS,2016-12-31,2019-12-31,4,True,316910000,-112658000,1031953000.0,-0.35548894007762455,3 - Mid,Loss-making (<=0%),Analysis-ready
PSA,2016-12-31,2019-12-31,4,True,2916370000,1520534000,11365444000.0,0.5213789745471253,4 - Large,High (>15%),Analysis-ready
PSB,2016-12-31,2019-12-31,4,True,429846000,174966000,2046443000.0,0.4070434527714577,3 - Mid,High (>15%),Analysis-ready
PSEC,2016-06-30,2019-06-30,4,True,703767000,144487000,5800063000.0,0.2053051649196396,3 - Mid,High (>15%),Analysis-ready
PSHG,2016-12-31,2019-12-31,4,True,26846000,-32057000,130569000.0,-1.194107129553751,1 - Micro,Loss-making (<=0%),Analysis-ready
PSMT,2016-08-31,2019-08-31,4,True,3223918000,73191000,1296411000.0,0.022702500497841446,5 - Mega,Low (0-5%),Analysis-ready
PSN,2016-12-30,2019-12-31,4,True,3954812000,120534000,,0.030477807794656232,5 - Mega,Low (0-5%),Limited (zero/negative revenue or assets)
PSNL,2017-12-31,2019-12-31,3,False,65207000,-25084000,157291000.0,-0.384682626098425,2 - Small,Loss-making (<=0%),Analysis-ready
PSTG,2017-01-31,2020-02-02,4,True,1643440000,-200987000,2364204000.0,-0.12229652436353015,4 - Large,Loss-making (<=0%),Analysis-ready
PSTI,2016-06-30,2019-06-30,4,True,54000,-35307000,31310000.0,-653.8333333333334,1 - Micro,Loss-making (<=0%),Analysis-ready
PSTL,2017-12-31,2019-12-31,3,False,11289356,-1033799,136788197.0,-0.09157289397198565,1 - Micro,Loss-making (<=0%),Analysis-ready
PSTV,2016-12-31,2019-12-31,4,True,6998000,-10887000,23229000.0,-1.5557302086310374,1 - Micro,Loss-making (<=0%),Analysis-ready
PSV,2017-12-31,2019-12-31,3,False,41813000,-19116000,,-0.45717838949608974,1 - Micro,Loss-making (<=0%),Limited (zero/negative revenue or assets)
PSX,2016-12-31,2019-12-31,4,True,107293000000,3076000000,58720000000.0,0.02866915828618829,5 - Mega,Low (0-5%),Analysis-ready
PSXP,2016-12-31,2019-12-31,4,True,1126000000,783000000,6961000000.0,0.6953818827708703,4 - Large,High (>15%),Analysis-ready
PTC,2016-09-30,2019-09-30,4,True,1255631000,-27460000,2664588000.0,-0.021869482355883218,4 - Large,Loss-making (<=0%),Analysis-ready
PTCT,2016-12-31,2019-12-31,4,True,306980000,-251576000,1623782000.0,-0.8195191869177145,3 - Mid,Loss-making (<=0%),Analysis-ready
PTE,2017-10-31,2019-12-31,4,True,5652000,-92493000,53599000.0,-16.36464968152866,1 - Micro,Loss-making (<=0%),Analysis-ready
PTEN,2016-12-31,2019-12-31,4,True,2470685000,-425703000,4439615000.0,-0.1723016086631845,4 - Large,Loss-making (<=0%),Analysis-ready
PTGX,2016-12-31,2019-12-31,4,True,231000,-77187000,154917000.0,-334.14285714285717,1 - Micro,Loss-making (<=0%),Analysis-ready
PTI,2016-12-31,2019-12-31,4,True,5000000,-59125000,84724000.0,-11.825,1 - Micro,Loss-making (<=0%),Analysis-ready
PTLA,2016-12-31,2019-12-31,4,True,116640000,-290663000,578483000.0,-2.491966735253772,2 - Small,Loss-making (<=0%),Analysis-ready
PTN,2016-06-30,2019-06-30,4,True,60300476,35773027,104735136.0,0.593246179350226,2 - Small,High (>15%),Analysis-ready
PTON,2017-06-30,2019-06-30,3,False,915000000,-195600000,864500000.0,-0.2137704918032787,4 - Large,Loss-making (<=0%),Analysis-ready
PTSI,2016-12-31,2019-12-31,4,True,514177000,7900000,498009000.0,0.015364358965881399,3 - Mid,Low (0-5%),Analysis-ready
PTVCB,2016-12-31,2019-12-31,4,True,495597000,7347000,1634360000.0,0.014824544942765997,3 - Mid,Low (0-5%),Analysis-ready
PTY,2016-07-31,2019-07-31,4,True,133427000,123001000,1885281000.0,0.9218598934248691,2 - Small,High (>15%),Analysis-ready
PUB,2016-12-31,2019-12-31,4,True,118099000,44324000,2406334000.0,0.3753122380375786,2 - Small,High (>15%),Analysis-ready
PUK,2016-12-31,2019-12-31,4,True,93736000000,783000000,454214000000.0,0.00835324741828113,5 - Mega,Low (0-5%),Analysis-ready
PULM,2016-12-31,2019-12-31,4,True,7910000,-20596000,36098000.0,-2.603792667509482,1 - Micro,Loss-making (<=0%),Analysis-ready
PUMP,2016-12-31,2019-12-31,4,True,2052314000,163010000,1436111000.0,0.07942741705216648,4 - Large,Moderate (5-15%),Analysis-ready
PVAC,2016-12-31,2019-12-31,4,True,449437000,70589000,1218238000.0,0.15706094513802824,3 - Mid,High (>15%),Analysis-ready
PVBC,2016-12-31,2019-12-31,4,True,42175000,10808000,1121788000.0,0.2562655601659751,1 - Micro,High (>15%),Analysis-ready
PVG,2016-12-31,2019-12-31,4,True,484540000,40917000,1573167000.0,0.0844450406571181,3 - Mid,Moderate (5-15%),Analysis-ready
PVH,2017-01-29,2020-02-02,4,True,9909000000,417300000,13631000000.0,0.04211323039660914,5 - Mega,Low (0-5%),Analysis-ready
PVL,2016-12-31,2019-12-31,4,True,9498646,9519246,77256621.0,1.0021687301537503,1 - Micro,High (>15%),Analysis-ready
PW,2016-12-31,2019-12-31,4,True,2180898,946894,37707801.0,0.434176197144479,1 - Micro,High (>15%),Analysis-ready
PWFL,2016-12-31,2019-12-31,4,True,81915000,-10963000,223033000.0,-0.13383385216382837,2 - Small,Loss-making (<=0%),Analysis-ready
PWOD,2016-12-31,2019-12-31,4,True,58532000,15672000,1665323000.0,0.26775097382628305,2 - Small,High (>15%),Analysis-ready
PWR,2016-12-31,2019-12-31,4,True,12112153000,402044000,8331682000.0,0.033193438028730315,5 - Mega,Low (0-5%),Analysis-ready
PXD,2016-12-31,2019-12-31,4,True,9676000000,756000000,19067000000.0,0.0781314592806945,5 - Mega,Moderate (5-15%),Analysis-ready
PXLW,2016-12-31,2019-12-31,4,True,68755000,-9077000,64657000.0,-0.13201948949167333,2 - Small,Loss-making (<=0%),Analysis-ready
PXS,2016-12-31,2019-12-31,4,True,27753000,-8330000,108769000.0,-0.30014773177674486,1 - Micro,Loss-making (<=0%),Analysis-ready
PYPL,2016-12-31,2019-12-31,4,True,17772000000,2459000000,51333000000.0,0.13836371820841772,5 - Mega,Moderate (5-15%),Analysis-ready
PYX,2016-03-31,2019-03-31,4,True,1801593000,-70467000,1859275000.0,-0.03911371769317487,4 - Large,Loss-making (<=0%),Analysis-ready
PZC,2016-12-31,2019-12-31,4,True,17117000,30179000,425358000.0,1.7631010106911258,1 - Micro,High (>15%),Analysis-ready
PZG,2016-06-30,2019-06-30,4,True,0,-5970048,49275729.0,,Not meaningful (revenue <= 0),Not meaningful (revenue <= 0),Limited (zero/negative revenue or assets)
PZN,2016-12-31,2019-12-31,4,True,150746000,8462000,199452000.0,0.056134159447016836,2 - Small,Moderate (5-15%),Analysis-ready
PZZA,2016-12-25,2019-12-29,4,True,1619248000,4866000,730721000.0,0.00300509866308311,4 - Large,Low (0-5%),Analysis-ready
QADA,2017-01-31,2020-01-31,4,True,310772000,-15949000,322804000.0,-0.051320582291840965,3 - Mid,Loss-making (<=0%),Analysis-ready
QADB,2017-01-31,2020-01-31,4,True,310772000,-15949000,322804000.0,-0.051320582291840965,3 - Mid,Loss-making (<=0%),Analysis-ready
QCOM,2016-09-25,2019-09-29,4,True,24273000000,4386000000,32957000000.0,0.18069459893709058,5 - Mega,High (>15%),Analysis-ready
QCRH,2016-12-31,2019-12-31,4,True,211650000,57408000,4909050000.0,0.2712402551381999,2 - Small,High (>15%),Analysis-ready
QDEL,2016-12-31,2019-12-31,4,True,534890000,72921000,910867000.0,0.1363289648338911,3 - Mid,Moderate (5-15%),Analysis-ready
QEP,2016-12-31,2019-12-31,4,True,1206200000,-97300000,5477800000.0,-0.08066655612667882,4 - Large,Loss-making (<=0%),Analysis-ready
QES,2016-12-31,2019-12-31,4,True,484283000,-75436000,240529000.0,-0.1557684246607872,3 - Mid,Loss-making (<=0%),Analysis-ready
QGEN,2016-12-31,2019-12-31,4,True,1526424000,-41455000,5235616000.0,-0.0271582469877308,4 - Large,Loss-making (<=0%),Analysis-ready
QLGN,2018-03-31,2019-03-31,2,False,5803044,-1200366,3963520.0,-0.2068510940120392,1 - Micro,Loss-making (<=0%),Analysis-ready
QLYS,2016-12-31,2019-12-31,4,True,321607000,69336000,675608000.0,0.21559232230641745,3 - Mid,High (>15%),Analysis-ready
QMCO,2016-03-31,2019-03-31,4,True,402680000,-42797000,172871000.0,-0.10628042117810668,3 - Mid,Loss-making (<=0%),Analysis-ready
QNST,2016-06-30,2019-06-30,4,True,455154000,62480000,324611000.0,0.13727221995192837,3 - Mid,Moderate (5-15%),Analysis-ready
QRHC,2016-12-31,2019-12-31,4,True,98979140,-55240,80655933.0,-0.0005580973930466561,2 - Small,Loss-making (<=0%),Analysis-ready
QRTEA,2016-12-31,2019-12-31,4,True,13458000000,-456000000,17305000000.0,-0.03388319215336603,5 - Mega,Loss-making (<=0%),Analysis-ready
QRVO,2017-04-01,2020-03-28,4,True,3239141000,334325000,6560682000.0,0.10321409287215345,5 - Mega,Moderate (5-15%),Analysis-ready
QSR,2016-12-31,2019-12-31,4,True,5603000000,643000000,22360000000.0,0.11475995002677138,5 - Mega,Moderate (5-15%),Analysis-ready
QTNT,2017-03-31,2020-03-31,4,True,32656000,-102773000,226463000.0,-3.147139882410583,1 - Micro,Loss-making (<=0%),Analysis-ready
QTRX,2016-12-31,2019-12-31,4,True,56734000,-40796000,169951000.0,-0.7190749814925794,2 - Small,Loss-making (<=0%),Analysis-ready
QTS,2016-12-31,2019-12-31,4,True,479345000,31291000,3223533000.0,0.06527866150684788,3 - Mid,Moderate (5-15%),Analysis-ready
QTWO,2016-12-31,2019-12-31,4,True,315484000,-70877000,1009434000.0,-0.22466115555780958,3 - Mid,Loss-making (<=0%),Analysis-ready
QUAD,2016-12-31,2019-12-31,4,True,3923400000,-156300000,2417100000.0,-0.039837895702706835,5 - Mega,Loss-making (<=0%),Analysis-ready
QUIK,2017-01-01,2019-12-29,4,True,10310000,-15444000,33404000.0,-1.4979631425800195,1 - Micro,Loss-making (<=0%),Analysis-ready
QUMU,2016-12-31,2019-12-31,4,True,25362000,-6443000,31716000.0,-0.2540414793785979,1 - Micro,Loss-making (<=0%),Analysis-ready
QUOT,2016-12-31,2019-12-31,4,True,436160000,-37057000,591938000.0,-0.08496194057226705,3 - Mid,Loss-making (<=0%),Analysis-ready
QURE,2016-12-31,2019-12-31,4,True,7281000,-124201000,448630000.0,-17.058233759099025,1 - Micro,Loss-making (<=0%),Analysis-ready
R,2016-12-31,2019-12-31,4,True,8925801000,-24410000,14475334000.0,-0.002734768565868766,5 - Mega,Loss-making (<=0%),Analysis-ready
RAD,2017-03-04,2020-02-29,4,True,21928393000,-452174000,9452369000.0,-0.020620480488469903,5 - Mega,Loss-making (<=0%),Analysis-ready
RADA,2016-12-31,2019-12-31,4,True,44331000,-2030000,64915000.0,-0.04579188378335702,1 - Micro,Loss-making (<=0%),Analysis-ready
RAIL,2016-12-31,2019-12-31,4,True,229958000,-75183000,245202000.0,-0.3269423112046548,2 - Small,Loss-making (<=0%),Analysis-ready
RAMP,2017-03-31,2020-03-31,4,True,380572000,-124511000,1301889000.0,-0.3271680523002218,3 - Mid,Loss-making (<=0%),Analysis-ready
RAND,2016-12-31,2019-12-31,4,True,2724696,-2289670,64791449.0,-0.8403396195392073,1 - Micro,Loss-making (<=0%),Analysis-ready
RAPT,2017-12-31,2019-12-31,3,False,0,-42997000,84602000.0,,Not meaningful (revenue <= 0),Not meaningful (revenue <= 0),Limited (zero/negative revenue or assets)
RARE,2016-12-31,2019-12-31,4,True,103714000,-402727000,1135496000.0,-3.8830533968413135,2 - Small,Loss-making (<=0%),Analysis-ready
RAVE,2016-06-26,2019-06-30,4,True,12319000,-750000,10426000.0,-0.0608815650620992,1 - Micro,Loss-making (<=0%),Analysis-ready
RAVN,2017-01-31,2020-01-31,4,True,382530000,35196000,403257000.0,0.09200846992392754,3 - Mid,Moderate (5-15%),Analysis-ready
RBA,2016-12-31,2019-12-31,4,True,1318641000,149039000,2229430000.0,0.11302469739678957,4 - Large,Moderate (5-15%),Analysis-ready
RBB,2016-12-31,2019-12-31,4,True,112794000,39209000,2788535000.0,0.34761600794368497,2 - Small,High (>15%),Analysis-ready
RBBN,2016-12-31,2019-12-31,4,True,563111000,-130075000,814908000.0,-0.23099353413447793,3 - Mid,Loss-making (<=0%),Analysis-ready
RBC,2016-12-31,2019-12-28,4,True,3238000000,238900000,4430700000.0,0.07378011117974058,5 - Mega,Moderate (5-15%),Analysis-ready
RBCAA,2016-12-31,2019-12-31,4,True,277291000,91699000,5620319000.0,0.3306959115153395,3 - Mid,High (>15%),Analysis-ready
RBCN,2016-12-31,2019-12-31,4,True,3526000,-1147000,34801000.0,-0.3252977878615995,1 - Micro,Loss-making (<=0%),Analysis-ready
RBNC,2016-12-31,2019-12-31,4,True,66558000,16196000,1898467000.0,0.2433366387211154,2 - Small,High (>15%),Analysis-ready
RC,2016-12-31,2019-12-31,4,True,223778000,72968000,4977018000.0,0.32607316179427825,2 - Small,High (>15%),Analysis-ready
RCII,2016-12-31,2019-12-31,4,True,2669852000,173546000,1582798000.0,0.06500210498559471,4 - Large,Moderate (5-15%),Analysis-ready
RCKT,2016-12-31,2019-12-31,4,True,0,-77270000,372121000.0,,Not meaningful (revenue <= 0),Not meaningful (revenue <= 0),Limited (zero/negative revenue or assets)
RCKY,2016-12-31,2019-12-31,4,True,270408000,17462000,205826000.0,0.06457649181976864,3 - Mid,Moderate (5-15%),Analysis-ready
RCL,2016-12-31,2019-12-31,4,True,10950661000,1878887000,30320284000.0,0.1715774965547742,5 - Mega,High (>15%),Analysis-ready
RCM,2016-12-31,2019-12-31,4,True,1186100000,12000000,929100000.0,0.010117190793356379,4 - Large,Low (0-5%),Analysis-ready
RCMT,2016-12-31,2019-12-28,4,True,191100000,4058000,96173000.0,0.021234955520669806,2 - Small,Low (0-5%),Analysis-ready
RCUS,2016-12-31,2019-12-31,4,True,15000000,-84710000,203110000.0,-5.647333333333333,1 - Micro,Loss-making (<=0%),Analysis-ready
RDCM,2016-12-31,2019-12-31,4,True,33010000,-6832000,96402000.0,-0.20696758558012723,1 - Micro,Loss-making (<=0%),Analysis-ready
RDFN,2016-12-31,2019-12-31,4,True,779796000,-80805000,596213000.0,-0.103623255312928,3 - Mid,Loss-making (<=0%),Analysis-ready
RDHL,2016-12-31,2019-12-31,4,True,6291000,-42304000,74099000.0,-6.724527102209506,1 - Micro,Loss-making (<=0%),Analysis-ready
RDI,2016-12-31,2019-12-31,4,True,276768000,-26429000,674989000.0,-0.09549153081281073,3 - Mid,Loss-making (<=0%),Analysis-ready
RDN,2016-12-31,2019-12-31,4,True,1526955000,672309000,6808313000.0,0.4402939182883582,4 - Large,High (>15%),Analysis-ready
RDNT,2016-12-31,2019-12-31,4,True,1154179000,14756000,1646986000.0,0.012784845331616673,4 - Large,Low (0-5%),Analysis-ready
RDUS,2016-12-31,2019-12-31,4,True,173317000,-132993000,219151000.0,-0.7673396146944615,2 - Small,Loss-making (<=0%),Analysis-ready
RDWR,2016-12-31,2019-12-31,4,True,252072000,22566000,595199000.0,0.08952204132152718,2 - Small,Moderate (5-15%),Analysis-ready
RE,2016-12-31,2019-12-31,4,True,8242968000,1009461000,27324051000.0,0.12246329234809598,5 - Mega,Moderate (5-15%),Analysis-ready
REAL,2017-12-31,2019-12-31,3,False,318037000,-96746000,466930000.0,-0.30419731037583675,3 - Mid,Loss-making (<=0%),Analysis-ready
REED,2016-12-31,2019-12-31,4,True,33820000,-16112000,15992000.0,-0.4764044943820225,1 - Micro,Loss-making (<=0%),Analysis-ready
REFR,2016-12-31,2019-12-31,4,True,1564024,-3808978,8256133.0,-2.43537055697355,1 - Micro,Loss-making (<=0%),Analysis-ready
REG,2016-12-31,2019-12-31,4,True,1164672000,239430000,11132253000.0,0.20557719254863172,4 - Large,High (>15%),Analysis-ready
REGI,2016-12-31,2019-12-31,4,True,2641393000,380064000,1785349000.0,0.14388771379344156,4 - Large,Moderate (5-15%),Analysis-ready
REGN,2016-12-31,2019-12-31,4,True,7863400000,2115800000,14805200000.0,0.269069359310222,5 - Mega,High (>15%),Analysis-ready
REI,2016-12-31,2019-12-31,4,True,186572452,29496551,973006148.0,0.15809703246007614,2 - Small,High (>15%),Analysis-ready
REKR,2016-12-31,2019-12-31,4,True,19320000,-15884000,28992000.0,-0.8221532091097309,1 - Micro,Loss-making (<=0%),Analysis-ready
RELL,2016-05-28,2019-06-01,4,True,166652000,-7328000,153017000.0,-0.043971869524518155,2 - Small,Loss-making (<=0%),Analysis-ready
RELV,2016-12-31,2019-12-31,4,True,35055315,-444357,15306996.0,-0.012675880961275058,1 - Micro,Loss-making (<=0%),Analysis-ready
RENN,2015-12-31,2018-12-31,4,True,498198000,72540000,437193000.0,0.14560475955343055,3 - Mid,Moderate (5-15%),Analysis-ready
REPH,2016-12-31,2019-12-31,4,True,99219000,-18630000,110459000.0,-0.18776645602152814,2 - Small,Loss-making (<=0%),Analysis-ready
REPL,2017-03-31,2020-03-31,4,True,0,-52625000,234097000.0,,Not meaningful (revenue <= 0),Not meaningful (revenue <= 0),Limited (zero/negative revenue or assets)
RES,2016-12-31,2019-12-31,4,True,1222409000,-87111000,1053218000.0,-0.07126174627313771,4 - Large,Loss-making (<=0%),Analysis-ready
RESI,2016-12-31,2019-12-31,4,True,207010000,-105391000,2053122000.0,-0.5091106709820782,2 - Small,Loss-making (<=0%),Analysis-ready
RESN,2016-12-31,2019-12-31,4,True,735000,-29928000,18147000.0,-40.71836734693878,1 - Micro,Loss-making (<=0%),Analysis-ready
RETA,2016-12-31,2019-12-31,4,True,26517000,-290170000,682420000.0,-10.94279141682694,1 - Micro,Loss-making (<=0%),Analysis-ready
REV,2016-12-31,2019-12-31,4,True,2419600000,-157700000,2980600000.0,-0.06517606215903456,4 - Large,Loss-making (<=0%),Analysis-ready
REVG,2016-10-29,2019-10-31,4,True,2403700000,-12300000,1347100000.0,-0.005117111120356118,4 - Large,Loss-making (<=0%),Analysis-ready
REX,2017-01-31,2020-01-31,4,True,418034000,7427000,500502000.0,0.017766497461928935,3 - Mid,Low (0-5%),Analysis-ready
REXN,2016-12-31,2019-12-31,4,True,0,-8635434,12968772.0,,Not meaningful (revenue <= 0),Not meaningful (revenue <= 0),Limited (zero/negative revenue or assets)
REXR,2016-12-31,2019-12-31,4,True,267213000,61979000,3638622000.0,0.23194605052897876,3 - Mid,High (>15%),Analysis-ready
REYN,2016-12-31,2019-12-31,4,True,3032000000,225000000,,0.07420844327176782,4 - Large,Moderate (5-15%),Limited (zero/negative revenue or assets)
REZI,2016-12-31,2019-12-31,4,True,4988000000,36000000,5128000000.0,0.007217321571772253,5 - Mega,Low (0-5%),Analysis-ready
RF,2016-12-31,2019-12-31,4,True,5516000000,1582000000,126240000000.0,0.2868020304568528,5 - Mega,High (>15%),Analysis-ready
RFIL,2016-10-31,2019-10-31,4,True,55325000,3521000,37700000.0,0.06364211477632173,2 - Small,Moderate (5-15%),Analysis-ready
RFP,2016-12-31,2019-12-31,4,True,2923000000,-47000000,3626000000.0,-0.016079370509750255,4 - Large,Loss-making (<=0%),Analysis-ready
RGA,2016-12-31,2019-12-31,4,True,14300000000,870000000,76731000000.0,0.06083916083916084,5 - Mega,Moderate (5-15%),Analysis-ready
RGCO,2016-09-30,2019-09-30,4,True,68026525,8698412,258353696.0,0.1278679456285618,2 - Small,Moderate (5-15%),Analysis-ready
RGEN,2016-12-31,2019-12-31,4,True,270245000,21411000,1400113000.0,0.07922810782808193,3 - Mid,Moderate (5-15%),Analysis-ready
RGLD,2016-06-30,2019-06-30,4,True,418944000,93825000,2544151000.0,0.2239559463794684,3 - Mid,High (>15%),Analysis-ready
RGLS,2016-12-31,2019-12-31,4,True,6832000,-18592000,42081000.0,-2.721311475409836,1 - Micro,Loss-making (<=0%),Analysis-ready
RGNX,2016-12-31,2019-12-31,4,True,35233000,-94733000,497908000.0,-2.6887576987483324,1 - Micro,Loss-making (<=0%),Analysis-ready
RGP,2016-05-28,2019-05-25,4,True,728999000,31470000,428370000.0,0.043168783496273656,3 - Mid,Low (0-5%),Analysis-ready
RGR,2016-12-31,2019-12-31,4,True,410506000,32291000,348961000.0,0.07866145683619728,3 - Mid,Moderate (5-15%),Analysis-ready
RGS,2016-06-30,2019-06-30,4,True,1069039000,-14226000,682837000.0,-0.013307278780287717,4 - Large,Loss-making (<=0%),Analysis-ready
RH,2017-01-28,2020-02-01,4,True,2647437000,220375000,2445694000.0,0.08324088542994602,4 - Large,Moderate (5-15%),Analysis-ready
RHI,2016-12-31,2019-12-31,4,True,6074432000,454433000,2311408000.0,0.07481078066229073,5 - Mega,Moderate (5-15%),Analysis-ready
RHP,2016-12-31,2019-12-31,4,True,1603456000,145794000,4088468000.0,0.09092485231899097,4 - Large,Moderate (5-15%),Analysis-ready
RIBT,2016-12-31,2019-12-31,4,True,23713000,-13951000,40492000.0,-0.588327077974107,1 - Micro,Loss-making (<=0%),Analysis-ready
RICK,2016-09-30,2019-09-30,4,True,181059000,19175000,353637000.0,0.10590470509612888,2 - Small,Moderate (5-15%),Analysis-ready
RIG,2016-12-31,2019-12-31,4,True,3088000000,-1255000000,24105000000.0,-0.4064119170984456,4 - Large,Loss-making (<=0%),Analysis-ready
RIGL,2016-12-31,2019-12-31,4,True,59288000,-66894000,147569000.0,-1.128289029820537,2 - Small,Loss-making (<=0%),Analysis-ready
RILY,2016-12-31,2019-12-31,4,True,569763000,81611000,2318178000.0,0.14323674931506608,3 - Mid,Moderate (5-15%),Analysis-ready
RIO,2016-12-31,2019-12-31,4,True,43165000000,8010000000,87802000000.0,0.18556701030927836,5 - Mega,High (>15%),Analysis-ready
RIOT,2016-12-31,2019-12-31,4,True,6837000,-20039000,30380000.0,-2.9309638730437326,1 - Micro,Loss-making (<=0%),Analysis-ready
RJF,2016-09-30,2019-09-30,4,True,7693000000,1034000000,38830000000.0,0.13440790328870403,5 - Mega,Moderate (5-15%),Analysis-ready
RKDA,2016-12-31,2019-12-31,4,True,1169000,-28805000,32574000.0,-24.64071856287425,1 - Micro,Loss-making (<=0%),Analysis-ready
RL,2017-04-01,2020-03-28,4,True,6159800000,384300000,7279900000.0,0.06238838923341667,5 - Mega,Moderate (5-15%),Analysis-ready
RLGT,2016-06-30,2019-06-30,4,True,890517000,16346000,267710000.0,0.018355629370354523,3 - Mid,Low (0-5%),Analysis-ready
RLGY,2016-12-31,2019-12-31,4,True,5598000000,-188000000,7543000000.0,-0.03358342265094676,5 - Mega,Loss-making (<=0%),Analysis-ready
RLH,2016-12-31,2019-12-31,4,True,114288000,-19029000,246518000.0,-0.16650041999160017,2 - Small,Loss-making (<=0%),Analysis-ready
RLI,2016-12-31,2019-12-31,4,True,1003591000,191642000,3545721000.0,0.1909562760128379,4 - Large,High (>15%),Analysis-ready
RLJ,2016-12-31,2019-12-31,4,True,1567859000,129181000,5851400000.0,0.08239325092371189,4 - Large,Moderate (5-15%),Analysis-ready
RLMD,2017-06-30,2019-12-31,4,True,0,-16393084,117136140.0,,Not meaningful (revenue <= 0),Not meaningful (revenue <= 0),Limited (zero/negative revenue or assets)
RM,2016-12-31,2019-12-31,4,True,346813000,44732000,1158540000.0,0.12898017087018077,3 - Mid,Moderate (5-15%),Analysis-ready
RMAX,2016-12-31,2019-12-31,4,True,282293000,25040000,542352000.0,0.08870216406357934,3 - Mid,Moderate (5-15%),Analysis-ready
RMBL,2016-12-31,2019-12-31,4,True,840629347,-45177053,113393091.0,-0.053741941274386654,3 - Mid,Loss-making (<=0%),Analysis-ready
RMBS,2016-12-31,2019-12-31,4,True,224027000,-90419000,1338986000.0,-0.40360760086953806,2 - Small,Loss-making (<=0%),Analysis-ready
RMCF,2017-02-28,2020-02-29,4,True,31849796,1033832,27817388.0,0.03245961135826427,1 - Micro,Low (0-5%),Analysis-ready
RMD,2016-06-30,2019-06-30,4,True,2606572000,404592000,4107682000.0,0.1552199593949448,4 - Large,High (>15%),Analysis-ready
RMED,2016-12-31,2019-12-31,4,True,7199000,-56957000,44081000.0,-7.911793304625642,1 - Micro,Loss-making (<=0%),Analysis-ready
RMNI,2016-12-31,2019-12-31,4,True,281052000,17529000,201220000.0,0.06236924127919389,3 - Mid,Moderate (5-15%),Analysis-ready
RMR,2016-09-30,2019-09-30,4,True,301338000,74580000,667872000.0,0.24749616709475739,3 - Mid,High (>15%),Analysis-ready
RMTI,2016-12-31,2019-12-31,4,True,61302801,-34128031,44316452.0,-0.5567124249347105,2 - Small,Loss-making (<=0%),Analysis-ready
RNA,2018-12-31,2019-12-31,2,False,2319000,-24734000,96907000.0,-10.665804225959466,1 - Micro,Loss-making (<=0%),Analysis-ready
RNDB,2016-12-31,2019-12-31,4,True,39496000,3428000,631004000.0,0.0867935993518331,1 - Micro,Moderate (5-15%),Analysis-ready
RNET,2016-12-31,2019-12-31,4,True,242931000,-19156000,250980000.0,-0.07885366626737633,2 - Small,Loss-making (<=0%),Analysis-ready
RNG,2016-12-31,2019-12-31,4,True,902858000,-53607000,1450747000.0,-0.059374785403684745,4 - Large,Loss-making (<=0%),Analysis-ready
RNGR,2016-12-31,2019-12-31,4,True,336900000,1800000,293500000.0,0.005342831700801425,3 - Mid,Low (0-5%),Analysis-ready
RNP,2016-12-31,2019-12-31,4,True,63139398,296598573,1530688006.0,4.697519811639636,2 - Small,High (>15%),Analysis-ready
RNR,2016-12-31,2019-12-31,4,True,4207492000,748798000,26330094000.0,0.17796777747884013,5 - Mega,High (>15%),Analysis-ready
RNST,2016-12-31,2019-12-31,4,True,589861000,167596000,13400618000.0,0.2841279555691934,3 - Mid,High (>15%),Analysis-ready
RNWK,2016-12-31,2019-12-31,4,True,172113000,-20001000,159754000.0,-0.11620853741437312,2 - Small,Loss-making (<=0%),Analysis-ready
ROAD,2016-09-30,2019-09-30,4,True,783238000,43121000,531769000.0,0.055054785390902895,3 - Mid,Moderate (5-15%),Analysis-ready
ROCK,2016-12-31,2019-12-31,4,True,1047439000,65091000,984450000.0,0.062142998303481155,4 - Large,Moderate (5-15%),Analysis-ready
ROG,2016-12-31,2019-12-31,4,True,898260000,47319000,1273181000.0,0.05267851178945962,4 - Large,Moderate (5-15%),Analysis-ready
ROIC,2016-12-31,2019-12-31,4,True,295040000,48844000,2913757000.0,0.1655504338394794,3 - Mid,High (>15%),Analysis-ready
ROK,2016-09-30,2019-09-30,4,True,6694800000,695800000,6113000000.0,0.10393140945211209,5 - Mega,Moderate (5-15%),Analysis-ready
ROKU,2016-12-31,2019-12-31,4,True,1128921000,-59937000,1470234000.0,-0.05309228900870831,4 - Large,Loss-making (<=0%),Analysis-ready
ROL,2016-12-31,2019-12-31,4,True,2015477000,203347000,1744376000.0,0.10089274151974942,4 - Large,Moderate (5-15%),Analysis-ready
ROLL,2017-04-01,2020-03-28,4,True,727461000,126036000,1321912000.0,0.17325464870281707,3 - Mid,High (>15%),Analysis-ready
ROP,2016-12-31,2019-12-31,4,True,5366800000,1767900000,18108900000.0,0.32941417604531564,5 - Mega,High (>15%),Analysis-ready
ROSE,2016-12-31,2019-12-31,4,True,302283000,8415000,872512000.0,0.027838151665823086,3 - Mid,Low (0-5%),Analysis-ready
ROST,2017-01-28,2020-02-01,4,True,16039073000,1660928000,9348367000.0,0.10355511194443719,5 - Mega,Moderate (5-15%),Analysis-ready
ROYT,2015-12-31,2018-12-31,4,True,14040000,12619000,204626000.0,0.8987891737891738,1 - Micro,High (>15%),Analysis-ready
RP,2016-12-31,2019-12-31,4,True,988136000,58208000,2969817000.0,0.05890687111895528,4 - Large,Moderate (5-15%),Analysis-ready
RPAI,2016-12-31,2019-12-31,4,True,481686000,32397000,3586362000.0,0.06725750800313897,3 - Mid,Moderate (5-15%),Analysis-ready
RPAY,2016-12-31,2019-12-31,4,True,104603387,-40032163,782042151.0,-0.3827042713253635,2 - Small,Loss-making (<=0%),Analysis-ready
RPD,2016-12-31,2019-12-31,4,True,326947000,-53845000,664913000.0,-0.1646903014861736,3 - Mid,Loss-making (<=0%),Analysis-ready
RPM,2016-05-31,2019-05-31,4,True,5564551000,266558000,5441355000.0,0.04790287662023405,5 - Mega,Low (0-5%),Analysis-ready
RPT,2016-12-31,2019-12-31,4,True,234284000,91511000,1918559000.0,0.3905985897457786,2 - Small,High (>15%),Analysis-ready
RRBI,2016-12-31,2019-12-31,4,True,77799000,24824000,1988225000.0,0.3190786513965475,2 - Small,High (>15%),Analysis-ready
RRC,2016-12-31,2019-12-31,4,True,2600934000,-1716297000,6612403000.0,-0.6598771825813342,4 - Large,Loss-making (<=0%),Analysis-ready
RRD,2016-12-31,2019-12-31,4,True,6276200000,-93200000,3330100000.0,-0.014849749848634524,5 - Mega,Loss-making (<=0%),Analysis-ready
RRGB,2016-12-25,2019-12-29,4,True,1315014000,-7903000,1237580000.0,-0.006009821948663664,4 - Large,Loss-making (<=0%),Analysis-ready
RRR,2016-12-31,2019-12-31,4,True,1856534000,-3351000,4114187000.0,-0.0018049763699452851,4 - Large,Loss-making (<=0%),Analysis-ready
RS,2016-12-31,2019-12-31,4,True,10973800000,701500000,8131100000.0,0.06392498496418743,5 - Mega,Moderate (5-15%),Analysis-ready
RSG,2016-12-31,2019-12-31,4,True,10299400000,1073300000,22683800000.0,0.10420995397790163,5 - Mega,Moderate (5-15%),Analysis-ready
RSSS,2016-06-30,2019-06-30,4,True,28793922,-959958,10413329.0,-0.03333891089932105,1 - Micro,Loss-making (<=0%),Analysis-ready
RST,2016-12-31,2019-12-31,4,True,182702000,-12956000,201107000.0,-0.07091329049490427,2 - Small,Loss-making (<=0%),Analysis-ready
RTIX,2016-12-31,2019-12-31,4,True,308384000,-211642000,344509000.0,-0.6862937117360174,3 - Mid,Loss-making (<=0%),Analysis-ready
RTLR,2016-12-31,2019-12-31,4,True,447673000,94797000,1636393000.0,0.21175500867820932,3 - Mid,High (>15%),Analysis-ready
RTRX,2016-12-31,2019-12-31,4,True,175338000,-146427000,604800000.0,-0.8351127536529446,2 - Small,Loss-making (<=0%),Analysis-ready
RTTR,2016-12-31,2019-12-31,4,True,0,-10133019,2797024.0,,Not meaningful (revenue <= 0),Not meaningful (revenue <= 0),Limited (zero/negative revenue or assets)
RTW,2017-01-28,2020-02-01,4,True,826990000,-61623000,411984000.0,-0.07451480670866636,3 - Mid,Loss-making (<=0%),Analysis-ready
RTX,2016-12-31,2019-12-31,4,True,77046000000,5537000000,139716000000.0,0.07186615787970822,5 - Mega,Moderate (5-15%),Analysis-ready
RUBI,2016-12-31,2019-12-31,4,True,156414000,-25478000,395120000.0,-0.16288823251115628,2 - Small,Loss-making (<=0%),Analysis-ready
RUBY,2016-12-31,2019-12-31,4,True,0,-163458000,394841000.0,,Not meaningful (revenue <= 0),Not meaningful (revenue <= 0),Limited (zero/negative revenue or assets)
RUN,2016-12-31,2019-12-31,4,True,858578000,26335000,5806341000.0,0.0306728101581918,3 - Mid,Low (0-5%),Analysis-ready
RUSHA,2016-12-31,2019-12-31,4,True,5809847000,141583000,3407329000.0,0.02436948855968152,5 - Mega,Low (0-5%),Analysis-ready
RUTH,2016-12-25,2019-12-29,4,True,468026000,42206000,496876000.0,0.09017875075316328,3 - Mid,Moderate (5-15%),Analysis-ready
RVI,2016-12-31,2019-12-31,4,True,231420000,46749000,1626687000.0,0.20200933367902515,2 - Small,High (>15%),Analysis-ready
RVLV,2016-12-31,2019-12-31,4,True,600993000,35667000,232290000.0,0.05934678107731704,3 - Mid,Moderate (5-15%),Analysis-ready
RVMD,2017-12-31,2019-12-31,3,False,50041000,-47664000,220529000.0,-0.9524989508602946,2 - Small,Loss-making (<=0%),Analysis-ready
RVNC,2016-12-31,2019-12-31,4,True,413000,-159429000,340287000.0,-386.0266343825666,1 - Micro,Loss-making (<=0%),Analysis-ready
RVP,2016-12-31,2019-12-31,4,True,41797179,3148234,39177730.0,0.07532168618365369,1 - Micro,Moderate (5-15%),Analysis-ready
RVSB,2017-03-31,2020-03-31,4,True,56841000,15748000,1180808000.0,0.2770535353002234,2 - Small,High (>15%),Analysis-ready
RVT,2016-12-31,2019-12-31,4,True,21891612,384535680,1700062487.0,17.56543465140895,1 - Micro,High (>15%),Analysis-ready
RWLK,2016-12-31,2019-12-31,4,True,4873000,-15551000,24372000.0,-3.1912579519802997,1 - Micro,Loss-making (<=0%),Analysis-ready
RWT,2016-12-31,2019-12-31,4,True,326965000,169183000,17995440000.0,0.5174345877999175,3 - Mid,High (>15%),Analysis-ready
RXN,2017-03-31,2020-03-31,4,True,2068300000,180100000,3627100000.0,0.08707634289029638,4 - Large,Moderate (5-15%),Analysis-ready
RYAM,2016-12-31,2019-12-31,4,True,1775392000,-22450000,2480147000.0,-0.012645094717110361,4 - Large,Loss-making (<=0%),Analysis-ready
RYB,2016-12-31,2019-12-31,4,True,182283000,-2434000,336094000.0,-0.013352863404705869,2 - Small,Loss-making (<=0%),Analysis-ready
RYCE,2015-03-31,2018-03-31,4,True,418933307,-78222174,512826507.0,-0.186717486275208,3 - Mid,Loss-making (<=0%),Analysis-ready
RYI,2016-12-31,2019-12-31,4,True,4501600000,82400000,2021500000.0,0.01830460280789053,5 - Mega,Low (0-5%),Analysis-ready
RYN,2016-12-31,2019-12-31,4,True,711556000,73488000,2860695000.0,0.10327788677208821,3 - Mid,Moderate (5-15%),Analysis-ready
RYTM,2016-12-31,2019-12-31,4,True,0,-140729000,308523000.0,,Not meaningful (revenue <= 0),Not meaningful (revenue <= 0),Limited (zero/negative revenue or assets)
SABR,2016-12-31,2019-12-31,4,True,3974988000,158592000,5689957000.0,0.03989747893578546,5 - Mega,Low (0-5%),Analysis-ready
SACH,2016-12-31,2019-12-31,4,True,10181715,6196011,141211245.0,0.6085429615737624,1 - Micro,High (>15%),Analysis-ready
SAEX,2016-12-31,2019-12-31,4,True,255234000,-25186000,142215000.0,-0.09867807580494761,2 - Small,Loss-making (<=0%),Analysis-ready
SAFE,2016-12-31,2019-12-31,4,True,92993000,27693000,2566561000.0,0.29779660834686483,2 - Small,High (>15%),Analysis-ready
SAFM,2016-10-31,2019-10-31,4,True,3440258000,53294000,1774134000.0,0.015491280014464032,5 - Mega,Low (0-5%),Analysis-ready
SAFT,2016-12-31,2019-12-31,4,True,877753000,99601000,2022669000.0,0.11347269676093388,3 - Mid,Moderate (5-15%),Analysis-ready
SAGE,2016-12-31,2019-12-31,4,True,6868000,-680238000,1084150000.0,-99.04455445544555,1 - Micro,Loss-making (<=0%),Analysis-ready
SAH,2016-12-31,2019-12-31,4,True,10454343000,144137000,4071035000.0,0.0137872843850637,5 - Mega,Low (0-5%),Analysis-ready
SAIA,2016-12-31,2019-12-31,4,True,1786735000,113719000,1415693000.0,0.06364625979789952,4 - Large,Moderate (5-15%),Analysis-ready
SAIC,2017-02-03,2020-01-31,4,True,6379000000,226000000,4711000000.0,0.03542875058786644,5 - Mega,Low (0-5%),Analysis-ready
SAIL,2016-12-31,2019-12-31,4,True,288515000,-8500000,990078000.0,-0.029461206523057726,3 - Mid,Loss-making (<=0%),Analysis-ready
SAL,2016-12-31,2019-12-31,4,True,42407000,11136000,1112448000.0,0.2625981559648171,1 - Micro,High (>15%),Analysis-ready
SALM,2016-12-31,2019-12-31,4,True,253898000,-27839000,558430000.0,-0.10964639343358357,2 - Small,Loss-making (<=0%),Analysis-ready
SALT,2016-12-31,2019-12-31,4,True,224579000,44654000,1665559000.0,0.19883426322140538,2 - Small,High (>15%),Analysis-ready
SAM,2016-12-31,2019-12-28,4,True,1249824000,110041000,1054057000.0,0.08804519676370433,4 - Large,Moderate (5-15%),Analysis-ready
SAMG,2016-12-31,2019-12-31,4,True,102152000,8646000,214249000.0,0.08463857780562299,2 - Small,Moderate (5-15%),Analysis-ready
SAND,2016-12-31,2019-12-31,4,True,89434000,16397000,623175000.0,0.18334190576290896,2 - Small,High (>15%),Analysis-ready
SANM,2016-10-01,2019-09-28,4,True,8233859000,141515000,3905513000.0,0.017186959358910566,5 - Mega,Low (0-5%),Analysis-ready
SANW,2016-06-30,2019-06-30,4,True,109722511,-9305242,146364269.0,-0.08480704565720337,2 - Small,Loss-making (<=0%),Analysis-ready
SAR,2017-02-28,2020-02-29,4,True,58448191,55738861,530865996.0,0.9536456141131896,2 - Small,High (>15%),Analysis-ready
SASR,2016-12-31,2019-12-31,4,True,331346000,116433000,8629002000.0,0.35139401109414325,3 - Mid,High (>15%),Analysis-ready
SATS,2016-12-31,2019-12-31,4,True,1886081000,-62917000,7154298000.0,-0.03335858852297436,4 - Large,Loss-making (<=0%),Analysis-ready
SAVA,2016-12-31,2019-12-31,4,True,0,-4631000,23486000.0,,Not meaningful (revenue <= 0),Not meaningful (revenue <= 0),Limited (zero/negative revenue or assets)
SAVE,2016-12-31,2019-12-31,4,True,3830536000,335255000,7043412000.0,0.08752169409189732,5 - Mega,Moderate (5-15%),Analysis-ready
SB,2016-12-31,2019-12-31,4,True,197761000,16038000,1114643000.0,0.08109789088849673,2 - Small,Moderate (5-15%),Analysis-ready
SBAC,2016-12-31,2019-12-31,4,True,2014645000,146991000,9759941000.0,0.07296124131050384,4 - Large,Moderate (5-15%),Analysis-ready
SBBP,2016-12-31,2019-12-31,4,True,21712000,-49451000,117638000.0,-2.2775884303610905,1 - Micro,Loss-making (<=0%),Analysis-ready
SBBX,2016-12-31,2019-12-31,4,True,70874000,22543000,2001657000.0,0.3180715071817592,2 - Small,High (>15%),Analysis-ready
SBCF,2016-12-31,2019-12-31,4,True,288395000,98739000,7108511000.0,0.34237417430954076,3 - Mid,High (>15%),Analysis-ready
SBFG,2016-12-31,2019-12-31,4,True,53136000,11973000,1038577000.0,0.22532746160794942,2 - Small,High (>15%),Analysis-ready
SBGI,2016-12-31,2019-12-31,4,True,4240000000,47000000,17370000000.0,0.011084905660377358,5 - Mega,Low (0-5%),Analysis-ready
SBH,2016-09-30,2019-09-30,4,True,3876411000,271623000,2098446000.0,0.07007074327257869,5 - Mega,Moderate (5-15%),Analysis-ready
SBLK,2016-12-31,2019-12-31,4,True,821365000,-16201000,3238671000.0,-0.019724483025208038,3 - Mid,Loss-making (<=0%),Analysis-ready
SBNY,2016-12-31,2019-12-31,4,True,1316905000,588926000,50616434000.0,0.4472046199232291,4 - Large,High (>15%),Analysis-ready
SBOW,2016-12-31,2019-12-31,4,True,288631000,114656000,959816000.0,0.3972407676237133,3 - Mid,High (>15%),Analysis-ready
SBPH,2016-12-31,2019-12-31,4,True,0,-24097000,63197000.0,,Not meaningful (revenue <= 0),Not meaningful (revenue <= 0),Limited (zero/negative revenue or assets)
SBR,2016-12-31,2019-12-31,4,True,46893429,44035987,6911788.0,0.939065193974192,1 - Micro,High (>15%),Analysis-ready
SBRA,2016-12-31,2019-12-31,4,True,589740000,68996000,6069299000.0,0.11699392952826669,3 - Mid,Moderate (5-15%),Analysis-ready
SBSI,2016-12-31,2019-12-31,4,True,207072000,74554000,6748913000.0,0.3600390202441663,2 - Small,High (>15%),Analysis-ready
SBT,2016-12-31,2019-12-31,4,True,132564000,56951000,3239764000.0,0.4296113575329652,2 - Small,High (>15%),Analysis-ready
SBUX,2016-10-02,2019-09-29,4,True,26508600000,3599200000,19219600000.0,0.1357748051575715,5 - Mega,Moderate (5-15%),Analysis-ready
SC,2016-12-31,2019-12-31,4,True,4426940000,994370000,48933529000.0,0.2246179076291976,5 - Mega,High (>15%),Analysis-ready
SCCO,2016-12-31,2019-12-31,4,True,7285600000,1485800000,16407400000.0,0.20393653233776216,5 - Mega,High (>15%),Analysis-ready
SCHL,2016-05-31,2019-05-31,4,True,1653900000,15600000,1878500000.0,0.009432251042989299,4 - Large,Low (0-5%),Analysis-ready
SCHN,2016-08-31,2019-08-31,4,True,2132781000,56345000,1160746000.0,0.026418558679958234,4 - Large,Low (0-5%),Analysis-ready
SCHW,2016-12-31,2019-12-31,4,True,10721000000,3704000000,294005000000.0,0.34549015950004663,5 - Mega,High (>15%),Analysis-ready
SCI,2016-12-31,2019-12-31,4,True,3230785000,369596000,13677430000.0,0.114398203532578,5 - Mega,Moderate (5-15%),Analysis-ready
SCKT,2016-12-31,2019-12-31,4,True,19253105,286586,19458487.0,0.01488518345482456,1 - Micro,Low (0-5%),Analysis-ready
SCL,2016-12-31,2019-12-31,4,True,1858745000,103129000,1579367000.0,0.05548313512612004,4 - Large,Moderate (5-15%),Analysis-ready
SCM,2016-12-31,2019-12-31,4,True,58911889,26438186,648513227.0,0.4487750511615745,2 - Small,High (>15%),Analysis-ready
SCON,2016-12-31,2019-12-31,4,True,545000,-9229000,2482000.0,-16.93394495412844,1 - Micro,Loss-making (<=0%),Analysis-ready
SCOR,2016-12-31,2019-12-31,4,True,388645000,-338996000,723695000.0,-0.8722510260005918,3 - Mid,Loss-making (<=0%),Analysis-ready
SCPH,2016-12-31,2019-12-31,4,True,0,-32996000,77283000.0,,Not meaningful (revenue <= 0),Not meaningful (revenue <= 0),Limited (zero/negative revenue or assets)
SCPL,2017-12-31,2019-12-31,3,False,465800000,32400000,384600000.0,0.0695577501073422,3 - Mid,Moderate (5-15%),Analysis-ready
SCS,2017-02-24,2020-02-28,4,True,3723700000,199700000,2565400000.0,0.05362945457475092,5 - Mega,Moderate (5-15%),Analysis-ready
SCSC,2016-06-30,2019-06-30,4,True,3873111000,57597000,2067261000.0,0.01487099130388982,5 - Mega,Low (0-5%),Analysis-ready
SCU,2016-12-31,2019-12-31,4,True,597346000,7054000,1397239000.0,0.011808901373743191,3 - Mid,Low (0-5%),Analysis-ready
SCVL,2017-01-28,2020-02-01,4,True,1036551000,42914000,628374000.0,0.041400760792281326,4 - Large,Low (0-5%),Analysis-ready
SCWX,2017-02-03,2020-01-31,4,True,552765000,-31666000,1048031000.0,-0.05728655034236972,3 - Mid,Loss-making (<=0%),Analysis-ready
SCX,2016-06-30,2019-06-30,4,True,228022000,6079000,190087000.0,0.026659708273763058,2 - Small,Low (0-5%),Analysis-ready
SCYX,2016-12-31,2019-12-31,4,True,121000,-53710000,57153000.0,-443.88429752066116,1 - Micro,Loss-making (<=0%),Analysis-ready
SD,2016-12-31,2019-12-31,4,True,266845000,-449305000,607689000.0,-1.6837677303303415,3 - Mid,Loss-making (<=0%),Analysis-ready
SDC,2017-12-31,2019-12-31,3,False,706529000,-114513000,885645000.0,-0.1620782727955965,3 - Mid,Loss-making (<=0%),Analysis-ready
SDGR,2017-12-31,2019-12-31,3,False,85543000,-24571000,155270000.0,-0.28723565925908606,2 - Small,Loss-making (<=0%),Analysis-ready
SDI,2016-12-31,2019-12-31,4,True,391778000,-10623000,511046000.0,-0.02711484565238477,3 - Mid,Loss-making (<=0%),Analysis-ready
SDPI,2016-12-31,2019-12-31,4,True,18997014,-936423,16760929.0,-0.049293167863117854,1 - Micro,Loss-making (<=0%),Analysis-ready
SDRL,2016-12-31,2019-12-31,4,True,1113000000,-1219000000,9279000000.0,-1.0952380952380953,4 - Large,Loss-making (<=0%),Analysis-ready
SE,2016-12-31,2019-12-31,4,True,2175378000,-1462799000,5224169000.0,-0.6724343999065909,4 - Large,Loss-making (<=0%),Analysis-ready
SEAC,2017-01-31,2020-01-31,4,True,67154000,-8921000,72890000.0,-0.13284391101051315,2 - Small,Loss-making (<=0%),Analysis-ready
SEAS,2016-12-31,2019-12-31,4,True,1398244000,89476000,2300518000.0,0.06399169243708537,4 - Large,Moderate (5-15%),Analysis-ready
SEB,2016-12-31,2019-12-31,4,True,6840000000,283000000,6285000000.0,0.04137426900584795,5 - Mega,Low (0-5%),Analysis-ready
SEDG,2016-12-31,2019-12-31,4,True,1425660000,146549000,1494624000.0,0.10279379375166589,4 - Large,Moderate (5-15%),Analysis-ready
SEE,2016-12-31,2019-12-31,4,True,4791100000,263000000,5765200000.0,0.05489344826866482,5 - Mega,Moderate (5-15%),Analysis-ready
SEEL,2016-12-31,2019-12-31,4,True,375000,-51255000,,-136.68,1 - Micro,Loss-making (<=0%),Limited (zero/negative revenue or assets)
SEIC,2016-12-31,2019-12-31,4,True,1649885000,501426000,2151370000.0,0.3039157274597927,4 - Large,High (>15%),Analysis-ready
SELB,2016-12-31,2019-12-31,4,True,6677000,-55350000,99569000.0,-8.289651040886625,1 - Micro,Loss-making (<=0%),Analysis-ready
SELF,2016-12-31,2019-12-31,4,True,8668322,590619,67661343.0,0.06813533230537583,1 - Micro,Moderate (5-15%),Analysis-ready
SEM,2016-12-31,2019-12-31,4,True,5453922000,148449000,7340288000.0,0.027218761104394234,5 - Mega,Low (0-5%),Analysis-ready
SENEA,2016-03-31,2019-03-31,4,True,1199581000,5747000,848882000.0,0.004790839468114283,4 - Large,Low (0-5%),Analysis-ready
SENEB,2016-03-31,2019-03-31,4,True,1199581000,5747000,848882000.0,0.004790839468114283,4 - Large,Low (0-5%),Analysis-ready
SENS,2016-12-31,2019-12-31,4,True,21301000,-115549000,132801000.0,-5.424581005586592,1 - Micro,Loss-making (<=0%),Analysis-ready
SERV,2016-12-31,2019-12-31,4,True,2077000000,128000000,5322000000.0,0.061627347135291284,4 - Large,Moderate (5-15%),Analysis-ready
SES,2016-06-30,2019-06-30,4,True,0,-10716000,2656000.0,,Not meaningful (revenue <= 0),Not meaningful (revenue <= 0),Limited (zero/negative revenue or assets)
SESN,2016-12-31,2019-12-31,4,True,0,-107500000,114365000.0,,Not meaningful (revenue <= 0),Not meaningful (revenue <= 0),Limited (zero/negative revenue or assets)
SF,2016-12-31,2019-12-31,4,True,3316130000,448396000,24610225000.0,0.1352166531468911,5 - Mega,Moderate (5-15%),Analysis-ready
SFBS,2016-12-31,2019-12-31,4,True,288243000,149243000,8947653000.0,0.517767994365865,3 - Mid,High (>15%),Analysis-ready
SFE,2016-12-31,2019-12-31,4,True,0,54561000,107577000.0,,Not meaningful (revenue <= 0),Not meaningful (revenue <= 0),Limited (zero/negative revenue or assets)
SFIX,2016-07-30,2019-08-03,4,True,1577558000,36881000,616066000.0,0.023378538221732578,4 - Large,Low (0-5%),Analysis-ready
SFL,2016-12-31,2019-12-31,4,True,456048000,89177000,3885370000.0,0.19554301301617374,3 - Mid,High (>15%),Analysis-ready
SFM,2017-01-01,2019-12-29,4,True,5634835000,149629000,2722983000.0,0.02655428242353148,5 - Mega,Low (0-5%),Analysis-ready
SFNC,2016-12-31,2019-12-31,4,True,763544000,238167000,21259143000.0,0.3119230849826598,3 - Mid,High (>15%),Analysis-ready
SFST,2016-12-31,2019-12-31,4,True,81448000,27858000,2267195000.0,0.3420341813181416,2 - Small,High (>15%),Analysis-ready
SFUN,2016-12-31,2019-12-31,4,True,219711000,-10249000,1812902000.0,-0.046647641674745464,2 - Small,Loss-making (<=0%),Analysis-ready
SG,2016-12-31,2019-12-31,4,True,1718700000,-47300000,6413800000.0,-0.027520800605108513,4 - Large,Loss-making (<=0%),Analysis-ready
SGA,2016-12-31,2019-12-31,4,True,123072000,13279000,252394000.0,0.10789619084763391,2 - Small,Moderate (5-15%),Analysis-ready
SGBX,2016-12-31,2019-12-31,4,True,2984835,-6920540,6634611.0,-2.318567022967769,1 - Micro,Loss-making (<=0%),Analysis-ready
SGC,2016-12-31,2019-12-31,4,True,376701000,12066000,358933000.0,0.0320307087053127,3 - Mid,Low (0-5%),Analysis-ready
SGEN,2016-12-31,2019-12-31,4,True,916713000,-158650000,2205866000.0,-0.17306397967520915,4 - Large,Loss-making (<=0%),Analysis-ready
SGH,2016-08-26,2019-08-30,4,True,1211999000,51332000,704137000.0,0.042353170258391304,4 - Large,Low (0-5%),Analysis-ready
SGLB,2016-12-31,2019-12-31,4,True,402446,-6320849,1691468.0,-15.706079821889148,1 - Micro,Loss-making (<=0%),Analysis-ready
SGMA,2016-04-30,2019-04-30,4,True,290553951,-865114,161464765.0,-0.002977464243809233,3 - Mid,Loss-making (<=0%),Analysis-ready
SGMO,2016-12-31,2019-12-31,4,True,102428000,-95186000,637516000.0,-0.9292966766899676,2 - Small,Loss-making (<=0%),Analysis-ready
SGMS,2016-12-31,2019-12-31,4,True,3400000000,-130000000,7809000000.0,-0.03823529411764706,5 - Mega,Loss-making (<=0%),Analysis-ready
SGOC,2015-12-31,2018-12-31,4,True,1580000,-12372000,190841000.0,-7.830379746835443,1 - Micro,Loss-making (<=0%),Analysis-ready
SGRP,2016-12-31,2019-12-31,4,True,252876000,2419000,79535000.0,0.009565953273541183,2 - Small,Low (0-5%),Analysis-ready
SGRY,2016-12-31,2019-12-31,4,True,1831400000,-74800000,5018900000.0,-0.040843070874740636,4 - Large,Loss-making (<=0%),Analysis-ready
SGU,2016-09-30,2019-09-30,4,True,1753872000,17542000,752706000.0,0.010001870147878523,4 - Large,Low (0-5%),Analysis-ready
SHAK,2016-12-28,2019-12-25,4,True,594519000,19827000,968268000.0,0.0333496490440171,3 - Mid,Low (0-5%),Analysis-ready
SHBI,2016-12-31,2019-12-31,4,True,59451000,16198000,1559235000.0,0.2724596726716119,2 - Small,High (>15%),Analysis-ready
SHEN,2016-12-31,2019-12-31,4,True,633906000,54935000,1860691000.0,0.08666111379289673,3 - Mid,Moderate (5-15%),Analysis-ready
SHIP,2016-12-31,2019-12-31,4,True,86499000,-11698000,282551000.0,-0.13523855767118695,2 - Small,Loss-making (<=0%),Analysis-ready
SHLO,2016-10-31,2019-10-31,4,True,1054707000,-19947000,651691000.0,-0.018912361442561774,4 - Large,Loss-making (<=0%),Analysis-ready
SHLX,2016-12-31,2019-12-31,4,True,503000000,528000000,2019000000.0,1.0497017892644136,3 - Mid,High (>15%),Analysis-ready
SHO,2016-12-31,2019-12-31,4,True,1115167000,135733000,3918974000.0,0.1217154022671044,4 - Large,Moderate (5-15%),Analysis-ready
SHOO,2016-12-31,2019-12-31,4,True,1787157000,141311000,1278647000.0,0.07907027754136878,4 - Large,Moderate (5-15%),Analysis-ready
SHOP,2016-12-31,2019-12-31,4,True,1578173000,-124842000,3489479000.0,-0.07910539592300718,4 - Large,Loss-making (<=0%),Analysis-ready
SHSP,2016-12-31,2019-12-31,4,True,22699386,-12387976,38006805.0,-0.5457405764191154,1 - Micro,Loss-making (<=0%),Analysis-ready
SHW,2016-12-31,2019-12-31,4,True,17900800000,1541300000,20496200000.0,0.08610229710404005,5 - Mega,Moderate (5-15%),Analysis-ready
SHYF,2016-12-31,2019-12-31,4,True,756542000,-12566000,450537000.0,-0.01660978504828549,3 - Mid,Loss-making (<=0%),Analysis-ready
SI,2016-12-31,2019-12-31,4,True,87150000,24846000,2128127000.0,0.28509466437177283,2 - Small,High (>15%),Analysis-ready
SIBN,2016-12-31,2019-12-31,4,True,67301000,-38403000,117009000.0,-0.5706155926360679,2 - Small,Loss-making (<=0%),Analysis-ready
SIC,2016-12-31,2019-12-31,4,True,610373000,6984000,420275000.0,0.011442183713892981,3 - Mid,Low (0-5%),Analysis-ready
SIEB,2016-12-31,2019-12-31,4,True,28583000,3607000,28473000.0,0.12619389147395305,1 - Micro,Moderate (5-15%),Analysis-ready
SIEN,2016-12-31,2019-12-31,4,True,83699000,-106818000,204404000.0,-1.276215964348439,2 - Small,Loss-making (<=0%),Analysis-ready
SIF,2016-09-30,2019-09-30,4,True,112454000,-7506000,96099000.0,-0.06674729222615469,2 - Small,Loss-making (<=0%),Analysis-ready
SIG,2017-01-28,2020-02-01,4,True,6137100000,105500000,6299100000.0,0.01719052972902511,5 - Mega,Low (0-5%),Analysis-ready
SIGA,2016-12-31,2019-12-31,4,True,26742085,-7241147,198566190.0,-0.27077720379693654,1 - Micro,Loss-making (<=0%),Analysis-ready
SIGI,2016-12-31,2019-12-31,4,True,2846491000,271623000,8797150000.0,0.0954238042558364,4 - Large,Moderate (5-15%),Analysis-ready
SILC,2016-12-31,2019-12-31,4,True,105240000,10236000,195063000.0,0.09726339794754846,2 - Small,Moderate (5-15%),Analysis-ready
SILK,2017-12-31,2019-12-31,3,False,63354000,-52415000,137402000.0,-0.8273352905893866,2 - Small,Loss-making (<=0%),Analysis-ready
SIMO,2016-12-31,2019-12-31,4,True,457253000,64399000,697729000.0,0.140838879132559,3 - Mid,Moderate (5-15%),Analysis-ready
SINA,2016-12-31,2019-12-31,4,True,2162955000,-70542000,7468828000.0,-0.03261371595802964,4 - Large,Loss-making (<=0%),Analysis-ready
SINO,2016-06-30,2019-06-30,4,True,41771047,-6533844,20599003.0,-0.15642040286900158,1 - Micro,Loss-making (<=0%),Analysis-ready
SINT,2016-12-31,2019-12-31,4,True,689000,-4797000,9147000.0,-6.962264150943396,1 - Micro,Loss-making (<=0%),Analysis-ready
SIRI,2016-12-31,2019-12-31,4,True,7794000000,914000000,11149000000.0,0.11726969463690018,5 - Mega,Moderate (5-15%),Analysis-ready
SITC,2016-12-31,2019-12-31,4,True,516146000,100699000,4093622000.0,0.19509789865658167,3 - Mid,High (>15%),Analysis-ready
SITE,2017-01-01,2019-12-29,4,True,2357500000,77700000,1443300000.0,0.03295864262990456,4 - Large,Low (0-5%),Analysis-ready
SITM,2017-12-31,2019-12-31,3,False,84074000,-6607000,123391000.0,-0.07858553179342008,2 - Small,Loss-making (<=0%),Analysis-ready
SIVB,2016-12-31,2019-12-31,4,True,3220624000,1136856000,71004903000.0,0.3529924635722767,5 - Mega,High (>15%),Analysis-ready
SIX,2016-12-31,2019-12-31,4,True,1487583000,179065000,2882540000.0,0.12037311531524628,4 - Large,Moderate (5-15%),Analysis-ready
SJI,2016-12-31,2019-12-31,4,True,1628626000,76917000,6365340000.0,0.04722815428465467,4 - Large,Low (0-5%),Analysis-ready
SJM,2017-04-30,2020-04-30,4,True,7801000000,779500000,16970400000.0,0.09992308678374567,5 - Mega,Moderate (5-15%),Analysis-ready
SJT,2016-12-31,2019-12-31,4,True,9925444,8090960,6531628.0,0.8151736083544474,1 - Micro,High (>15%),Analysis-ready
SJW,2016-12-31,2019-12-31,4,True,420482000,23403000,3132470000.0,0.05565755490127996,3 - Mid,Moderate (5-15%),Analysis-ready
SKT,2016-12-31,2019-12-31,4,True,486187000,87855000,2285211000.0,0.18070207553883588,3 - Mid,High (>15%),Analysis-ready
SKX,2016-12-31,2019-12-31,4,True,5242544000,346560000,4892943000.0,0.06610531070411617,5 - Mega,Moderate (5-15%),Analysis-ready
SKY,2017-04-01,2020-03-28,4,True,1369730000,58160000,781700000.0,0.04246092295561899,4 - Large,Low (0-5%),Analysis-ready
SKYS,2016-12-31,2019-12-31,4,True,48948000,-42061000,405354000.0,-0.8592996649505598,2 - Small,Loss-making (<=0%),Analysis-ready
SKYW,2016-12-31,2019-12-31,4,True,2971963000,340099000,6657129000.0,0.11443581228972231,4 - Large,Moderate (5-15%),Analysis-ready
SLAB,2016-12-31,2019-12-28,4,True,837554000,19265000,1674853000.0,0.023001501992707337,3 - Mid,Low (0-5%),Analysis-ready
SLB,2016-12-31,2019-12-31,4,True,32917000000,-10137000000,56312000000.0,-0.3079563751253152,5 - Mega,Loss-making (<=0%),Analysis-ready
SLCA,2016-12-31,2019-12-31,4,True,1474477000,-329082000,2553234000.0,-0.22318557698763697,4 - Large,Loss-making (<=0%),Analysis-ready
SLCT,2016-12-31,2019-12-31,4,True,51871000,13035000,1275076000.0,0.2512964855121359,2 - Small,High (>15%),Analysis-ready
SLDB,2016-12-31,2019-12-31,4,True,0,-117223000,103471000.0,,Not meaningful (revenue <= 0),Not meaningful (revenue <= 0),Limited (zero/negative revenue or assets)
SLG,2016-12-31,2019-12-31,4,True,1211177000,281345000,12766320000.0,0.23229057354953075,4 - Large,High (>15%),Analysis-ready
SLGG,2016-12-31,2019-12-31,4,True,1084000,-30679000,14447000.0,-28.301660516605168,1 - Micro,Loss-making (<=0%),Analysis-ready
SLGL,2016-12-31,2019-12-31,4,True,22904000,-24609000,61301000.0,-1.0744411456514147,1 - Micro,Loss-making (<=0%),Analysis-ready
SLGN,2016-12-31,2019-12-31,4,True,4489927000,193814000,4931059000.0,0.04316640337359605,5 - Mega,Low (0-5%),Analysis-ready
SLM,2016-12-31,2019-12-31,4,True,1317993000,578276000,32686479000.0,0.4387549858003798,4 - Large,High (>15%),Analysis-ready
SLNO,2016-12-31,2019-12-31,4,True,0,-30774000,38172000.0,,Not meaningful (revenue <= 0),Not meaningful (revenue <= 0),Limited (zero/negative revenue or assets)
SLP,2016-08-31,2019-08-31,4,True,33970440,8583329,45196697.0,0.25267052767052767,1 - Micro,High (>15%),Analysis-ready
SLRC,2016-12-31,2019-12-31,4,True,154711000,56016000,1949889000.0,0.36206863118976673,2 - Small,High (>15%),Analysis-ready
SLRX,2016-12-31,2019-12-31,4,True,3465055,-6936263,13894398.0,-2.0017757293895766,1 - Micro,Loss-making (<=0%),Analysis-ready
SLS,2016-12-31,2019-12-31,4,True,0,-19292000,16609000.0,,Not meaningful (revenue <= 0),Not meaningful (revenue <= 0),Limited (zero/negative revenue or assets)
SM,2016-12-31,2019-12-31,4,True,1524243000,-187001000,6292232000.0,-0.12268450634183657,4 - Large,Loss-making (<=0%),Analysis-ready
SMAR,2017-01-31,2020-01-31,4,True,270882000,-95940000,797714000.0,-0.35417635723303875,3 - Mid,Loss-making (<=0%),Analysis-ready
SMBC,2016-06-30,2019-06-30,4,True,85574000,28904000,2214402000.0,0.3377661439222194,2 - Small,High (>15%),Analysis-ready
SMBK,2016-12-31,2019-12-31,4,True,89476000,26548000,2449123000.0,0.29670526174616657,2 - Small,High (>15%),Analysis-ready
SMCI,2016-06-30,2019-06-30,4,True,3500360000,71918000,1682594000.0,0.020545886708795667,5 - Mega,Low (0-5%),Analysis-ready
SMED,2016-06-30,2019-06-30,4,True,44312000,214000,36040000.0,0.0048293915869290485,1 - Micro,Low (0-5%),Analysis-ready
SMG,2016-09-30,2019-09-30,4,True,3156000000,460700000,3028700000.0,0.14597591888466413,5 - Mega,Moderate (5-15%),Analysis-ready
SMHI,2016-12-31,2019-12-31,4,True,201492000,-92837000,1009193000.0,-0.46074782125344926,2 - Small,Loss-making (<=0%),Analysis-ready
SMIT,2016-05-31,2019-05-31,4,True,13810161,-1210990,9865253.0,-0.08768833324969925,1 - Micro,Loss-making (<=0%),Analysis-ready
SMLP,2016-12-31,2019-12-31,4,True,444748000,-369845000,2573451000.0,-0.831583278620702,3 - Mid,Loss-making (<=0%),Analysis-ready
SMMF,2016-12-31,2019-12-31,4,True,92831000,31866000,2403492000.0,0.34326895110469563,2 - Small,High (>15%),Analysis-ready
SMP,2016-12-31,2019-12-31,4,True,1137913000,57917000,912730000.0,0.05089756422503302,4 - Large,Moderate (5-15%),Analysis-ready
SMPL,2016-12-31,2019-08-31,4,True,523383000,47536000,1141650000.0,0.09082450136897836,3 - Mid,Moderate (5-15%),Analysis-ready
SMRT,2017-01-28,2020-02-01,4,True,1236473000,-10463000,765514000.0,-0.008461972077028774,4 - Large,Loss-making (<=0%),Analysis-ready
SMSI,2016-12-31,2019-12-31,4,True,43346000,10722000,61197000.0,0.2473584644488534,1 - Micro,High (>15%),Analysis-ready
SMTC,2017-01-29,2020-01-26,4,True,547512000,31871000,1052433000.0,0.05821059629743275,3 - Mid,Moderate (5-15%),Analysis-ready
SMTS,2016-12-31,2019-12-31,4,True,229038000,4431000,411447000.0,0.019346134702538445,2 - Small,Low (0-5%),Analysis-ready
SMTX,2017-01-01,2019-12-29,4,True,372511000,-5995000,213379000.0,-0.016093484487706405,3 - Mid,Loss-making (<=0%),Analysis-ready
SNA,2016-12-31,2019-12-28,4,True,4067700000,693500000,5693500000.0,0.17048946579147922,5 - Mega,High (>15%),Analysis-ready
SNAP,2016-12-31,2019-12-31,4,True,1715534000,-1033660000,4011924000.0,-0.602529591369218,4 - Large,Loss-making (<=0%),Analysis-ready
SNBR,2016-12-31,2019-12-28,4,True,1698352000,81845000,806043000.0,0.04819083440888579,4 - Large,Low (0-5%),Analysis-ready
SNCA,2016-12-31,2019-12-31,4,True,15394,-8351651,6583889.0,-542.5263739119138,1 - Micro,Loss-making (<=0%),Analysis-ready
SNCR,2016-12-31,2019-12-31,4,True,308749000,-104593000,532023000.0,-0.3387638502472882,3 - Mid,Loss-making (<=0%),Analysis-ready
SND,2016-12-31,2019-12-31,4,True,233073000,31623000,361603000.0,0.135678521321646,2 - Small,Moderate (5-15%),Analysis-ready
SNDE,2016-12-31,2019-12-31,4,True,192096000,-39590000,813914000.0,-0.20609486923205064,2 - Small,Loss-making (<=0%),Analysis-ready
SNDR,2016-12-31,2019-12-31,4,True,4747000000,147000000,3660100000.0,0.030966926479882032,5 - Mega,Low (0-5%),Analysis-ready
SNDX,2016-12-31,2019-12-31,4,True,1517000,-56047000,63525000.0,-36.945945945945944,1 - Micro,Loss-making (<=0%),Analysis-ready
SNES,2016-12-31,2019-12-31,4,True,143000,-10018000,4979000.0,-70.05594405594405,1 - Micro,Loss-making (<=0%),Analysis-ready
SNFCA,2016-12-31,2019-12-31,4,True,283060930,10893519,1334444075.0,0.038484714227427996,3 - Mid,Low (0-5%),Analysis-ready
SNGX,2016-12-31,2019-12-31,4,True,4629916,-9355592,7775360.0,-2.0206828806397352,1 - Micro,Loss-making (<=0%),Analysis-ready
SNMP,2016-12-31,2019-12-31,4,True,76028000,-51142000,414440000.0,-0.6726732256537066,2 - Small,Loss-making (<=0%),Analysis-ready
SNN,2016-12-31,2019-12-31,4,True,5138000000,600000000,9299000000.0,0.11677695601401324,5 - Mega,Moderate (5-15%),Analysis-ready
SNOA,2016-03-31,2019-03-31,4,True,18970000,-11798000,14448000.0,-0.6219293621507643,1 - Micro,Loss-making (<=0%),Analysis-ready
SNPS,2016-10-31,2019-10-31,4,True,3360694000,532367000,6405160000.0,0.15840984034845185,5 - Mega,High (>15%),Analysis-ready
SNR,2016-12-31,2019-12-31,4,True,345903000,2014000,2194709000.0,0.005822441551533233,3 - Mid,Low (0-5%),Analysis-ready
SNSS,2016-12-31,2019-12-31,4,True,2073000,-23330000,37240000.0,-11.254220935841776,1 - Micro,Loss-making (<=0%),Analysis-ready
SNV,2016-12-31,2019-12-31,4,True,1863983000,563780000,48203282000.0,0.3024598400307299,4 - Large,High (>15%),Analysis-ready
SNX,2016-11-30,2019-11-30,4,True,23757293000,500712000,11697960000.0,0.021076138598787326,5 - Mega,Low (0-5%),Analysis-ready
SO,2016-12-31,2019-12-31,4,True,21419000000,4739000000,118700000000.0,0.2212521592978197,5 - Mega,High (>15%),Analysis-ready
SOGO,2016-12-31,2019-12-31,4,True,1172252000,89105000,1522402000.0,0.0760118131596278,4 - Large,Moderate (5-15%),Analysis-ready
SOHO,2016-12-31,2019-12-31,4,True,185788133,1909444,487226790.0,0.01027753478743446,2 - Small,Low (0-5%),Analysis-ready
SOHU,2016-12-31,2019-12-31,4,True,1845447000,-149336000,2689790000.0,-0.08092131608222831,4 - Large,Loss-making (<=0%),Analysis-ready
SOI,2016-12-31,2019-12-31,4,True,241687000,52007000,505072000.0,0.21518327423485747,2 - Small,High (>15%),Analysis-ready
SOL,2016-12-31,2019-12-31,4,True,119117024,-8831223,319944193.0,-0.07413905001521864,2 - Small,Loss-making (<=0%),Analysis-ready
SOLY,2016-12-31,2019-12-31,4,True,0,-13751877,13140973.0,,Not meaningful (revenue <= 0),Not meaningful (revenue <= 0),Limited (zero/negative revenue or assets)
SON,2016-12-31,2019-12-31,4,True,5374207000,291785000,5126289000.0,0.05429359159407146,5 - Mega,Moderate (5-15%),Analysis-ready
SONA,2016-12-31,2019-12-31,4,True,95836000,33167000,2722170000.0,0.3460808047080429,2 - Small,High (>15%),Analysis-ready
SONM,2017-12-31,2019-12-31,3,False,116251000,-25834000,55459000.0,-0.2222260453673517,2 - Small,Loss-making (<=0%),Analysis-ready
SONN,2018-09-30,2019-09-30,2,False,0,-4871211,39754.0,,Not meaningful (revenue <= 0),Not meaningful (revenue <= 0),Limited (zero/negative revenue or assets)
SONO,2016-10-01,2019-09-28,4,True,1260823000,-4766000,761605000.0,-0.003780070636401779,4 - Large,Loss-making (<=0%),Analysis-ready
SOR,2016-12-31,2019-12-31,4,True,9654509,65707274,386066412.0,6.805863871482226,1 - Micro,High (>15%),Analysis-ready
SORL,2015-12-31,2018-12-31,4,True,468049906,12735699,794371526.0,0.0272101304513455,3 - Mid,Low (0-5%),Analysis-ready
SP,2016-12-31,2019-12-31,4,True,934900000,48800000,1479600000.0,0.052198096053053804,4 - Large,Moderate (5-15%),Analysis-ready
SPAR,2016-12-31,2019-12-31,4,True,756542000,-12566000,450537000.0,-0.01660978504828549,3 - Mid,Loss-making (<=0%),Analysis-ready
SPB,2016-09-30,2019-09-30,4,True,3802100000,471900000,5230500000.0,0.12411562031508903,5 - Mega,Moderate (5-15%),Analysis-ready
SPCB,2015-12-31,2018-12-31,4,True,21882000,-15740000,44349000.0,-0.7193126770861895,1 - Micro,Loss-making (<=0%),Analysis-ready
SPCE,2017-12-31,2019-12-31,3,False,3781000,-210935000,605546000.0,-55.78815128272944,1 - Micro,Loss-making (<=0%),Analysis-ready
SPE,2016-12-31,2019-12-31,4,True,5218795,29231569,194847887.0,5.601210432676509,1 - Micro,High (>15%),Analysis-ready
SPFI,2017-12-31,2019-12-31,3,False,158409000,29220000,3237167000.0,0.18445921633240536,2 - Small,High (>15%),Analysis-ready
SPG,2016-12-31,2019-12-31,4,True,5676689000,2101584000,31231630000.0,0.37021298859247004,5 - Mega,High (>15%),Analysis-ready
SPGI,2016-12-31,2019-12-31,4,True,6699000000,2123000000,11348000000.0,0.3169129720853859,5 - Mega,High (>15%),Analysis-ready
SPH,2016-09-24,2019-09-28,4,True,1267705000,68632000,1998348000.0,0.05413877834354207,4 - Large,Moderate (5-15%),Analysis-ready
SPKE,2016-12-31,2019-12-31,4,True,813725000,8450000,422968000.0,0.010384343605026268,3 - Mid,Low (0-5%),Analysis-ready
SPLK,2017-01-31,2020-01-31,4,True,2358926000,-336668000,5439471000.0,-0.14272088229982627,4 - Large,Loss-making (<=0%),Analysis-ready
SPLP,2016-12-31,2019-12-31,4,True,1561771000,3950000,2332354000.0,0.002529180014227438,4 - Large,Low (0-5%),Analysis-ready
SPN,2016-12-31,2019-12-31,4,True,1425369000,-255721000,1993230000.0,-0.17940687639481426,4 - Large,Loss-making (<=0%),Analysis-ready
SPNE,2016-12-31,2019-12-31,4,True,159083000,-39276000,141718000.0,-0.2468899882451299,2 - Small,Loss-making (<=0%),Analysis-ready
SPNS,2016-12-31,2019-12-31,4,True,325674000,26247000,452421000.0,0.08059286280145175,3 - Mid,Moderate (5-15%),Analysis-ready
SPOK,2016-12-31,2019-12-31,4,True,160289000,-10765000,319872000.0,-0.06715994235412287,2 - Small,Loss-making (<=0%),Analysis-ready
SPPI,2016-12-31,2019-12-31,4,True,0,-112689000,263433000.0,,Not meaningful (revenue <= 0),Not meaningful (revenue <= 0),Limited (zero/negative revenue or assets)
SPR,2016-12-31,2019-12-31,4,True,7863100000,530100000,7606000000.0,0.06741615902125116,5 - Mega,Moderate (5-15%),Analysis-ready
SPRO,2016-12-31,2019-12-31,4,True,18147000,-60925000,106103000.0,-3.3573042376150326,1 - Micro,Loss-making (<=0%),Analysis-ready
SPRT,2016-12-31,2019-12-31,4,True,63333000,3846000,38040000.0,0.06072663540334423,2 - Small,Moderate (5-15%),Analysis-ready
SPSC,2016-12-31,2019-12-31,4,True,279124000,33712000,447440000.0,0.1207778621687852,3 - Mid,Moderate (5-15%),Analysis-ready
SPT,2017-12-31,2019-12-31,3,False,102707000,-46807000,189591000.0,-0.4557332995803597,2 - Small,Loss-making (<=0%),Analysis-ready
SPTN,2016-12-31,2019-12-28,4,True,8536065000,5742000,2275609000.0,0.0006726752900780395,5 - Mega,Low (0-5%),Analysis-ready
SPWH,2017-01-28,2020-02-01,4,True,886401000,20215000,616641000.0,0.022805705318473243,3 - Mid,Low (0-5%),Analysis-ready
SPWR,2017-01-01,2019-12-29,4,True,1864225000,22159000,2171921000.0,0.011886440746154569,4 - Large,Low (0-5%),Analysis-ready
SPXC,2016-12-31,2019-12-31,4,True,1525400000,70900000,2134500000.0,0.04647961190507408,4 - Large,Low (0-5%),Analysis-ready
SQ,2016-12-31,2019-12-31,4,True,4713500000,375446000,4551258000.0,0.07965333616208763,5 - Mega,Moderate (5-15%),Analysis-ready
SQBG,2016-12-31,2019-12-31,4,True,101576000,-159403000,723244000.0,-1.5692978656375522,2 - Small,Loss-making (<=0%),Analysis-ready
SQM,2016-12-31,2019-12-31,4,True,1943655000,278115000,4684151000.0,0.14308866542673468,4 - Large,Moderate (5-15%),Analysis-ready
SQNS,2016-12-31,2019-12-31,4,True,30864000,-36697000,63315000.0,-1.188990409538621,1 - Micro,Loss-making (<=0%),Analysis-ready
SR,2016-09-30,2019-09-30,4,True,1952400000,184600000,7619200000.0,0.09455029707027249,4 - Large,Moderate (5-15%),Analysis-ready
SRAX,2016-12-31,2019-12-31,4,True,3584000,-16859000,20234000.0,-4.703962053571429,1 - Micro,Loss-making (<=0%),Analysis-ready
SRC,2016-12-31,2019-12-31,4,True,516027000,175266000,5832661000.0,0.3396450185746095,3 - Mid,High (>15%),Analysis-ready
SRCE,2016-12-31,2019-12-31,4,True,310414000,91960000,6622776000.0,0.29624952482813277,3 - Mid,High (>15%),Analysis-ready
SRCL,2016-12-31,2019-12-31,4,True,3308900000,-346800000,6437000000.0,-0.10480824443168424,5 - Mega,Loss-making (<=0%),Analysis-ready
SRDX,2016-09-30,2019-09-30,4,True,100077000,7592000,159865000.0,0.07586158657833468,2 - Small,Moderate (5-15%),Analysis-ready
SRE,2016-12-31,2019-12-31,4,True,10829000000,2197000000,65665000000.0,0.2028811524609844,5 - Mega,High (>15%),Analysis-ready
SREV,2016-12-31,2019-12-31,4,True,216135000,-18683000,161464000.0,-0.0864413445300391,2 - Small,Loss-making (<=0%),Analysis-ready
SRG,2016-12-31,2019-12-31,4,True,150639000,-59397000,2750612000.0,-0.39430028080377594,2 - Small,Loss-making (<=0%),Analysis-ready
SRI,2016-12-31,2019-12-31,4,True,834289000,60291000,602209000.0,0.07226632497851464,3 - Mid,Moderate (5-15%),Analysis-ready
SRLP,2016-12-31,2019-12-31,4,True,3502410000,31256000,1275543000.0,0.008924140805902222,5 - Mega,Low (0-5%),Analysis-ready
SRNE,2016-12-31,2019-12-31,4,True,31432000,-292068000,557632000.0,-9.292059048103843,1 - Micro,Loss-making (<=0%),Analysis-ready
SRPT,2016-12-31,2019-12-31,4,True,380833000,-715075000,1822822000.0,-1.8776602867923735,3 - Mid,Loss-making (<=0%),Analysis-ready
SRRA,2016-12-31,2019-12-31,4,True,0,-88275000,151328000.0,,Not meaningful (revenue <= 0),Not meaningful (revenue <= 0),Limited (zero/negative revenue or assets)
SRRK,2016-12-31,2019-12-31,4,True,20492000,-51000000,196381000.0,-2.4887761077493655,1 - Micro,Loss-making (<=0%),Analysis-ready
SRT,2017-03-31,2019-12-31,4,True,657910000,-15018000,658083000.0,-0.022826830417534312,3 - Mid,Loss-making (<=0%),Analysis-ready
SRTS,2016-12-31,2019-12-31,4,True,27263248,-1700003,36924547.0,-0.06235511630895923,1 - Micro,Loss-making (<=0%),Analysis-ready
SSB,2016-12-31,2019-12-31,4,True,635063000,186483000,15921092000.0,0.2936448824762268,3 - Mid,High (>15%),Analysis-ready
SSBI,2016-12-31,2019-12-31,4,True,24938000,6477000,695978000.0,0.25972411580720184,1 - Micro,High (>15%),Analysis-ready
SSD,2016-12-31,2019-12-31,4,True,1136539000,133982000,1095366000.0,0.11788596783744333,4 - Large,Moderate (5-15%),Analysis-ready
SSKN,2016-12-31,2019-12-31,4,True,31586000,-3790000,47343000.0,-0.11998986892927246,1 - Micro,Loss-making (<=0%),Analysis-ready
SSNC,2016-12-31,2019-12-31,4,True,4632900000,438500000,16741100000.0,0.09464913984761164,5 - Mega,Moderate (5-15%),Analysis-ready
SSNT,2016-12-31,2019-12-31,4,True,38502482,6794226,18953272.0,0.17646202652597825,1 - Micro,High (>15%),Analysis-ready
SSP,2016-12-31,2019-12-31,4,True,1423836000,-18378000,3561353000.0,-0.012907385401127658,4 - Large,Loss-making (<=0%),Analysis-ready
SSRM,2016-12-31,2019-12-31,4,True,606850000,57315000,1750107000.0,0.09444673313009805,3 - Mid,Moderate (5-15%),Analysis-ready
SSSS,2016-12-31,2019-12-31,4,True,1495724,23953697,288564089.0,16.0147841446684,1 - Micro,High (>15%),Analysis-ready
SSTI,2016-12-31,2019-12-31,4,True,40752000,1798000,60571000.0,0.04412053396152336,1 - Micro,Low (0-5%),Analysis-ready
SSTK,2016-12-31,2019-12-31,4,True,650523000,20108000,630512000.0,0.03091051354064345,3 - Mid,Low (0-5%),Analysis-ready
SSY,2016-06-30,2019-06-30,4,True,45618000,-1754000,24419000.0,-0.038449734753825245,1 - Micro,Loss-making (<=0%),Analysis-ready
SSYS,2016-12-31,2019-12-31,4,True,636080000,-10849000,1381519000.0,-0.01705603068796378,3 - Mid,Loss-making (<=0%),Analysis-ready
ST,2016-12-31,2019-12-31,4,True,3450631000,282714000,6834519000.0,0.08193110187672921,5 - Mega,Moderate (5-15%),Analysis-ready
STAA,2016-12-30,2020-01-03,4,True,150185000,14048000,206865000.0,0.09353796983720078,2 - Small,Moderate (5-15%),Analysis-ready
STAF,2016-12-31,2019-12-28,4,True,278478000,-4894000,88841000.0,-0.017574099210709643,3 - Mid,Loss-making (<=0%),Analysis-ready
STAG,2016-12-31,2019-12-31,4,True,405950000,49281000,4164645000.0,0.12139672373445005,3 - Mid,Moderate (5-15%),Analysis-ready
STAR,2016-12-31,2019-12-31,4,True,494445000,324042000,5085109000.0,0.6553651063313412,3 - Mid,High (>15%),Analysis-ready
STAY,2016-12-31,2019-12-31,4,True,1201503000,165138000,4030596000.0,0.13744285282683438,4 - Large,Moderate (5-15%),Analysis-ready
STBA,2016-12-31,2019-12-31,4,True,281828000,98234000,8764649000.0,0.3485601146798757,3 - Mid,High (>15%),Analysis-ready
STC,2016-12-31,2019-12-31,4,True,1940008000,78615000,1592785000.0,0.04052302877101538,4 - Large,Low (0-5%),Analysis-ready
STCN,2016-07-31,2019-07-31,4,True,819830000,-66727000,731563000.0,-0.0813912640425454,3 - Mid,Loss-making (<=0%),Analysis-ready
STE,2017-03-31,2020-03-31,4,True,3030895000,407605000,5425582000.0,0.13448337867197643,4 - Large,Moderate (5-15%),Analysis-ready
STFC,2016-12-31,2019-12-31,4,True,1410000000,87400000,2985400000.0,0.06198581560283688,4 - Large,Moderate (5-15%),Analysis-ready
STIM,2016-12-31,2019-12-31,4,True,62656000,-29044000,100168000.0,-0.463546986721144,2 - Small,Loss-making (<=0%),Analysis-ready
STKL,2016-12-31,2019-12-28,4,True,1190022000,-758000,923359000.0,-0.0006369630141291506,4 - Large,Loss-making (<=0%),Analysis-ready
STKS,2016-12-31,2019-12-31,4,True,120681000,20831000,206585000.0,0.1726120930386722,2 - Small,High (>15%),Analysis-ready
STL,2016-12-31,2019-12-31,4,True,991986000,427041000,30586497000.0,0.43049095450943864,4 - Large,High (>15%),Analysis-ready
STLD,2016-12-31,2019-12-31,4,True,10464991000,671103000,8275765000.0,0.06412838768805439,5 - Mega,Moderate (5-15%),Analysis-ready
STM,2016-12-31,2019-12-31,4,True,9556000000,387000000,12686000000.0,0.04049811636668062,5 - Mega,Low (0-5%),Analysis-ready
STML,2016-12-31,2019-12-31,4,True,43216862,-76817225,186979004.0,-1.777482710336535,1 - Micro,Loss-making (<=0%),Analysis-ready
STMP,2016-12-31,2019-12-31,4,True,571850000,59229000,902496000.0,0.10357436390661887,3 - Mid,Moderate (5-15%),Analysis-ready
STND,2016-12-31,2019-12-31,4,True,32769000,8806000,984387000.0,0.26872959199243185,1 - Micro,High (>15%),Analysis-ready
STNG,2016-12-31,2019-12-31,4,True,704325000,-48490000,5164010000.0,-0.06884605828275299,3 - Mid,Loss-making (<=0%),Analysis-ready
STOK,2017-12-31,2019-12-31,3,False,0,-32325000,228750000.0,,Not meaningful (revenue <= 0),Not meaningful (revenue <= 0),Limited (zero/negative revenue or assets)
STON,2016-12-31,2019-12-31,4,True,289522000,-151942000,1719368000.0,-0.5248029510710758,3 - Mid,Loss-making (<=0%),Analysis-ready
STOR,2016-12-31,2019-12-31,4,True,659241000,284975000,8296526000.0,0.43227742206567854,3 - Mid,High (>15%),Analysis-ready
STRA,2016-12-31,2019-12-31,4,True,997137000,81138000,1789408000.0,0.08137096507300401,4 - Large,Moderate (5-15%),Analysis-ready
STRL,2016-12-31,2019-12-31,4,True,1126278000,39901000,961940000.0,0.03542731013124646,4 - Large,Low (0-5%),Analysis-ready
STRM,2017-01-31,2020-01-31,4,True,20743000,-2863000,31651000.0,-0.13802246541001784,1 - Micro,Loss-making (<=0%),Analysis-ready
STRO,2016-12-31,2019-12-31,4,True,42736000,-55744000,156370000.0,-1.304380381879446,1 - Micro,Loss-making (<=0%),Analysis-ready
STRS,2016-12-31,2019-12-31,4,True,30003000,-2464000,561368000.0,-0.0821251208212512,1 - Micro,Loss-making (<=0%),Analysis-ready
STRT,2016-07-03,2019-06-30,4,True,487006000,-17029000,312736000.0,-0.03496671498913771,3 - Mid,Loss-making (<=0%),Analysis-ready
STSA,2017-12-31,2019-12-31,3,False,0,-28175000,126276000.0,,Not meaningful (revenue <= 0),Not meaningful (revenue <= 0),Limited (zero/negative revenue or assets)
STT,2016-12-31,2019-12-31,4,True,11702000000,2242000000,245610000000.0,0.19159118099470177,5 - Mega,High (>15%),Analysis-ready
STWD,2016-12-31,2019-12-31,4,True,677214000,509664000,78042336000.0,0.7525892849232296,3 - Mid,High (>15%),Analysis-ready
STX,2016-07-01,2019-06-28,4,True,10390000000,2012000000,8885000000.0,0.19364773820981712,5 - Mega,High (>15%),Analysis-ready
STXB,2016-12-31,2019-12-31,4,True,89601000,21136000,2384622000.0,0.23589022443945937,2 - Small,High (>15%),Analysis-ready
STXS,2016-12-31,2019-12-31,4,True,28902550,-4591284,43584754.0,-0.15885394195321867,1 - Micro,Loss-making (<=0%),Analysis-ready
STZ,2017-02-28,2020-02-29,4,True,8343500000,-11800000,27323200000.0,-0.0014142745850062924,5 - Mega,Loss-making (<=0%),Analysis-ready
SUI,2016-12-31,2019-12-31,4,True,1251284000,161553000,7802060000.0,0.12910977843559096,4 - Large,Moderate (5-15%),Analysis-ready
SUM,2016-12-31,2019-12-28,4,True,2222140000,61123000,4067556000.0,0.02750636773560622,4 - Large,Low (0-5%),Analysis-ready
SUMR,2016-12-31,2019-12-28,4,True,173181000,-4164000,91543000.0,-0.02404420808287283,2 - Small,Loss-making (<=0%),Analysis-ready
SUN,2016-12-31,2019-12-31,4,True,16596000000,313000000,5438000000.0,0.01885996625692938,5 - Mega,Low (0-5%),Analysis-ready
SUNS,2016-12-31,2019-12-31,4,True,40091000,22944000,577958000.0,0.5722980219999502,1 - Micro,High (>15%),Analysis-ready
SUNW,2016-12-31,2019-12-31,4,True,59830000,-9186000,30803000.0,-0.1535350158783219,2 - Small,Loss-making (<=0%),Analysis-ready
SUP,2016-12-25,2019-12-31,4,True,1372487000,-96460000,1311867000.0,-0.07028117570512507,4 - Large,Loss-making (<=0%),Analysis-ready
SUPN,2016-12-31,2019-12-31,4,True,392755000,113056000,1160282000.0,0.2878537510661863,3 - Mid,High (>15%),Analysis-ready
SURF,2016-12-31,2019-12-31,4,True,15360000,-54789000,131693000.0,-3.5669921875,1 - Micro,Loss-making (<=0%),Analysis-ready
SVBI,2016-12-31,2019-12-31,4,True,41271000,8374000,826919000.0,0.20290276465314627,1 - Micro,High (>15%),Analysis-ready
SVC,2016-12-31,2019-12-31,4,True,2316148000,259750000,9033967000.0,0.11214741026911924,4 - Large,Moderate (5-15%),Analysis-ready
SVM,2017-03-31,2020-03-31,4,True,158829000,34274000,512760000.0,0.21579182642968223,2 - Small,High (>15%),Analysis-ready
SVMK,2016-12-31,2019-12-31,4,True,307421000,-73859000,804259000.0,-0.24025359360616225,3 - Mid,Loss-making (<=0%),Analysis-ready
SVRA,2016-12-31,2019-12-31,4,True,0,-78173000,136203000.0,,Not meaningful (revenue <= 0),Not meaningful (revenue <= 0),Limited (zero/negative revenue or assets)
SVT,2016-12-31,2019-12-31,4,True,55272000,2109000,49470000.0,0.03815675206252714,2 - Small,Low (0-5%),Analysis-ready
SVVC,2016-12-31,2019-12-31,4,True,1789651,-64528568,130926684.0,-36.05650934176552,1 - Micro,Loss-making (<=0%),Analysis-ready
SWAV,2017-12-31,2019-12-31,3,False,42927000,-51109000,231938000.0,-1.1906026510121834,1 - Micro,Loss-making (<=0%),Analysis-ready
SWCH,2016-12-31,2019-12-31,4,True,462310000,8917000,1773743000.0,0.019287923687568948,3 - Mid,Low (0-5%),Analysis-ready
SWI,2016-12-31,2019-12-31,4,True,932525000,18642000,5310742000.0,0.019990884962869628,4 - Large,Low (0-5%),Analysis-ready
SWIR,2016-12-31,2019-12-31,4,True,713513000,-70538000,639340000.0,-0.09886014690692391,3 - Mid,Loss-making (<=0%),Analysis-ready
SWK,2016-12-31,2019-12-28,4,True,14442200000,955800000,20596600000.0,0.06618105274819626,5 - Mega,Moderate (5-15%),Analysis-ready
SWKH,2016-12-31,2019-12-31,4,True,28200000,23828000,254372000.0,0.8449645390070922,1 - Micro,High (>15%),Analysis-ready
SWKS,2016-09-30,2019-09-27,4,True,3376800000,853600000,4839600000.0,0.2527837005448946,5 - Mega,High (>15%),Analysis-ready
SWM,2016-12-31,2019-12-31,4,True,1022800000,85800000,1471700000.0,0.083887368009386,4 - Large,Moderate (5-15%),Analysis-ready
SWN,2016-12-31,2019-12-31,4,True,3038000000,891000000,6717000000.0,0.293285055957867,4 - Large,High (>15%),Analysis-ready
SWTX,2017-12-31,2019-12-31,3,False,0,-58306000,334831000.0,,Not meaningful (revenue <= 0),Not meaningful (revenue <= 0),Limited (zero/negative revenue or assets)
SWX,2016-12-31,2019-12-31,4,True,3119917000,213936000,8170048000.0,0.06857105493511526,5 - Mega,Moderate (5-15%),Analysis-ready
SWZ,2016-12-31,2019-12-31,4,True,2661629,25149648,129271230.0,9.448968282206122,1 - Micro,High (>15%),Analysis-ready
SXC,2016-12-31,2019-12-31,4,True,1600300000,-152300000,1753800000.0,-0.09516965568955821,4 - Large,Loss-making (<=0%),Analysis-ready
SXI,2016-06-30,2019-06-30,4,True,791579000,67914000,921889000.0,0.08579560599763258,3 - Mid,Moderate (5-15%),Analysis-ready
SXT,2016-12-31,2019-12-31,4,True,1322934000,82047000,1740151000.0,0.06201896693259074,4 - Large,Moderate (5-15%),Analysis-ready
SYBT,2016-12-31,2019-12-31,4,True,171747000,66067000,3724197000.0,0.3846762971114488,2 - Small,High (>15%),Analysis-ready
SYBX,2016-12-31,2019-12-31,4,True,2224000,-51373000,188574000.0,-23.09937050359712,1 - Micro,Loss-making (<=0%),Analysis-ready
SYF,2016-12-31,2019-12-31,4,True,9132000000,3747000000,104826000000.0,0.4103153745072273,5 - Mega,High (>15%),Analysis-ready
SYK,2016-12-31,2019-12-31,4,True,14884000000,2083000000,30167000000.0,0.13994893845740392,5 - Mega,Moderate (5-15%),Analysis-ready
SYKE,2016-12-31,2019-12-31,4,True,1614762000,64081000,1415500000.0,0.03968448601094155,4 - Large,Low (0-5%),Analysis-ready
SYN,2016-12-31,2019-12-31,4,True,0,-15303000,17235000.0,,Not meaningful (revenue <= 0),Not meaningful (revenue <= 0),Limited (zero/negative revenue or assets)
SYNA,2016-06-25,2019-06-29,4,True,1472200000,-22900000,1409800000.0,-0.01555495177285695,4 - Large,Loss-making (<=0%),Analysis-ready
SYNC,2016-12-31,2019-12-31,4,True,121845000,-9021000,79878000.0,-0.07403668595346546,2 - Small,Loss-making (<=0%),Analysis-ready
SYNH,2016-12-31,2019-12-31,4,True,4675815000,131258000,7453795000.0,0.028071683759943455,5 - Mega,Low (0-5%),Analysis-ready
SYNL,2016-12-31,2019-12-31,4,True,305168000,-3036000,257197000.0,-0.009948618465894196,3 - Mid,Loss-making (<=0%),Analysis-ready
SYPR,2016-12-31,2019-12-31,4,True,87891000,-3949000,60056000.0,-0.04493065274032609,2 - Small,Loss-making (<=0%),Analysis-ready
SYRS,2016-12-31,2019-12-31,4,True,1982000,-75438000,149978000.0,-38.061553985872855,1 - Micro,Loss-making (<=0%),Analysis-ready
SYX,2016-12-31,2019-12-31,4,True,946900000,48500000,396900000.0,0.05121976977505544,4 - Large,Moderate (5-15%),Analysis-ready
SYY,2016-07-02,2019-06-29,4,True,60113922000,1674271000,17966522000.0,0.027851634767733172,5 - Mega,Low (0-5%),Analysis-ready
T,2016-12-31,2019-12-31,4,True,181193000000,13903000000,551669000000.0,0.07673033726468462,5 - Mega,Moderate (5-15%),Analysis-ready
TA,2016-12-31,2019-12-31,4,True,6117359000,33345000,3230895000.0,0.005450881663149081,5 - Mega,Low (0-5%),Analysis-ready
TACO,2017-01-03,2019-12-31,4,True,512951000,-118285000,862457000.0,-0.23059707457437456,3 - Mid,Loss-making (<=0%),Analysis-ready
TACT,2016-12-31,2019-12-31,4,True,45748000,516000,36061000.0,0.011279181603567369,1 - Micro,Low (0-5%),Analysis-ready
TAIT,2016-12-31,2019-12-31,4,True,6783000,773000,13599000.0,0.11396137402329352,1 - Micro,Moderate (5-15%),Analysis-ready
TAL,2017-02-28,2020-02-29,4,True,3273308000,-110195000,5571246000.0,-0.03366472082675996,5 - Mega,Loss-making (<=0%),Analysis-ready
TALO,2016-12-31,2019-12-31,4,True,906971000,58729000,2589482000.0,0.06475289728116997,4 - Large,Moderate (5-15%),Analysis-ready
TAOP,2015-12-31,2018-12-31,4,True,20578340,1691983,41615814.0,0.08222154945442635,1 - Micro,Moderate (5-15%),Analysis-ready
TAP,2016-12-31,2019-12-31,4,True,10579400000,241700000,28859800000.0,0.02284628617880031,5 - Mega,Low (0-5%),Analysis-ready
TARA,2017-12-31,2018-12-31,2,False,0,-4245585,5590959.0,,Not meaningful (revenue <= 0),Not meaningful (revenue <= 0),Limited (zero/negative revenue or assets)
TARO,2017-03-31,2020-03-31,4,True,644769000,244241000,2341252000.0,0.37880388170026785,3 - Mid,High (>15%),Analysis-ready
TAST,2017-01-01,2019-12-29,4,True,1462765000,-31919000,1751460000.0,-0.021821003373747663,4 - Large,Loss-making (<=0%),Analysis-ready
TAT,2016-12-31,2019-12-31,4,True,67380000,-5366000,136504000.0,-0.07963787474027902,2 - Small,Loss-making (<=0%),Analysis-ready
TATT,2016-12-31,2019-12-31,4,True,102032000,806000,114675000.0,0.007899482515289321,2 - Small,Low (0-5%),Analysis-ready
TAYD,2016-05-31,2019-05-31,4,True,33619031,2544525,41196896.0,0.07568704166399084,1 - Micro,Moderate (5-15%),Analysis-ready
TBBK,2016-12-31,2019-12-31,4,True,241015000,51559000,5656963000.0,0.2139244445366471,2 - Small,High (>15%),Analysis-ready
TBI,2017-01-01,2019-12-29,4,True,2368779000,63073000,1136155000.0,0.02662679802548064,4 - Large,Low (0-5%),Analysis-ready
TBIO,2016-12-31,2019-12-31,4,True,7804000,-113293000,336201000.0,-14.517298821117375,1 - Micro,Loss-making (<=0%),Analysis-ready
TBK,2016-12-31,2019-12-31,4,True,279530000,58544000,5060297000.0,0.20943726970271528,3 - Mid,High (>15%),Analysis-ready
TBLT,2016-12-31,2019-12-31,4,True,19090071,-4300969,10469625.0,-0.2252987429957699,1 - Micro,Loss-making (<=0%),Analysis-ready
TBNK,2016-12-31,2019-12-31,4,True,66312000,21995000,2086313000.0,0.33168958861141273,2 - Small,High (>15%),Analysis-ready
TBPH,2016-12-31,2019-12-31,4,True,73414000,-236455000,408826000.0,-3.220843435856921,2 - Small,Loss-making (<=0%),Analysis-ready
TCBI,2016-12-31,2019-12-31,4,True,982160000,322866000,32548069000.0,0.3287305530667101,4 - Large,High (>15%),Analysis-ready
TCBK,2016-12-31,2019-12-31,4,True,311366000,92072000,6471181000.0,0.29570344867455023,3 - Mid,High (>15%),Analysis-ready
TCCO,2016-10-01,2019-09-28,4,True,7024123,631425,2917261.0,0.08989378460485388,1 - Micro,Moderate (5-15%),Analysis-ready
TCDA,2016-12-31,2019-12-31,4,True,0,-176813000,371826000.0,,Not meaningful (revenue <= 0),Not meaningful (revenue <= 0),Limited (zero/negative revenue or assets)
TCF,2016-12-31,2019-12-31,4,True,1693164000,295468000,46651553000.0,0.17450642702065483,4 - Large,High (>15%),Analysis-ready
TCFC,2016-12-31,2019-12-31,4,True,57170000,15272000,1797536000.0,0.26713311177190835,2 - Small,High (>15%),Analysis-ready
TCI,2016-12-31,2019-12-31,4,True,45212000,-26920000,865918000.0,-0.5954171458904716,1 - Micro,Loss-making (<=0%),Analysis-ready
TCMD,2016-12-31,2019-12-31,4,True,189492000,10971000,151752000.0,0.05789690329934773,2 - Small,Moderate (5-15%),Analysis-ready
TCO,2016-12-31,2019-12-31,4,True,661054000,227063000,4515465000.0,0.3434863112544512,3 - Mid,High (>15%),Analysis-ready
TCON,2016-12-31,2019-12-31,4,True,0,-22674000,18121000.0,,Not meaningful (revenue <= 0),Not meaningful (revenue <= 0),Limited (zero/negative revenue or assets)
TCP,2016-12-31,2019-12-31,4,True,563000000,275000000,2853000000.0,0.48845470692717585,3 - Mid,High (>15%),Analysis-ready
TCPC,2016-12-31,2019-12-31,4,True,195165915,30580789,1722069196.0,0.15669123883645358,2 - Small,High (>15%),Analysis-ready
TCRD,2016-12-31,2019-12-31,4,True,52494000,-24610000,411898000.0,-0.4688154836743247,2 - Small,Loss-making (<=0%),Analysis-ready
TCRR,2016-12-31,2019-12-31,4,True,0,-47599000,168528000.0,,Not meaningful (revenue <= 0),Not meaningful (revenue <= 0),Limited (zero/negative revenue or assets)
TCS,2016-04-02,2019-03-30,4,True,895093000,21680000,,0.024220946873676815,4 - Large,Low (0-5%),Limited (zero/negative revenue or assets)
TCX,2016-12-31,2019-12-31,4,True,337145000,15398000,425918000.0,0.04567174361179908,3 - Mid,Low (0-5%),Analysis-ready
TDC,2016-12-31,2019-12-31,4,True,1899000000,-20000000,2057000000.0,-0.010531858873091101,4 - Large,Loss-making (<=0%),Analysis-ready
TDG,2016-09-30,2019-09-30,4,True,5223203000,889770000,16254731000.0,0.17034949627651846,5 - Mega,High (>15%),Analysis-ready
TDOC,2016-12-31,2019-12-31,4,True,553307000,-98864000,1602827000.0,-0.17867838288689641,3 - Mid,Loss-making (<=0%),Analysis-ready
TDS,2016-12-31,2019-12-31,4,True,5176000000,121000000,10781000000.0,0.023377125193199382,5 - Mega,Low (0-5%),Analysis-ready
TDW,2017-03-31,2019-12-31,4,True,486549000,-141743000,1579528000.0,-0.29132317608298447,3 - Mid,Loss-making (<=0%),Analysis-ready
TDY,2017-01-01,2019-12-29,4,True,3163600000,402300000,4579800000.0,0.12716525477304336,5 - Mega,Moderate (5-15%),Analysis-ready
TEAM,2016-06-30,2019-06-30,4,True,1210127000,-637621000,2977258000.0,-0.526904200964031,4 - Large,Loss-making (<=0%),Analysis-ready
TECD,2017-01-31,2020-01-31,4,True,36998421000,374500000,13268609000.0,0.010122053587097677,5 - Mega,Low (0-5%),Analysis-ready
TECH,2016-06-30,2019-06-30,4,True,714006000,96072000,1884410000.0,0.13455349114713322,3 - Mid,Moderate (5-15%),Analysis-ready
TEI,2016-12-31,2019-12-31,4,True,36982501,-9439894,482404748.0,-0.2552529911376194,1 - Micro,Loss-making (<=0%),Analysis-ready
TEL,2016-09-30,2019-09-27,4,True,13448000000,1844000000,19694000000.0,0.13712076145151694,5 - Mega,Moderate (5-15%),Analysis-ready
TELA,2017-12-31,2019-12-31,3,False,15446000,-22425000,67922000.0,-1.451832189563641,1 - Micro,Loss-making (<=0%),Analysis-ready
TELL,2016-12-31,2019-12-31,4,True,28774000,-151767000,382322000.0,-5.274449155487593,1 - Micro,Loss-making (<=0%),Analysis-ready
TEN,2016-12-31,2019-12-31,4,True,17450000000,-334000000,13226000000.0,-0.019140401146131806,5 - Mega,Loss-making (<=0%),Analysis-ready
TENB,2016-12-31,2019-12-31,4,True,354586000,-99013000,558612000.0,-0.2792355028117297,3 - Mid,Loss-making (<=0%),Analysis-ready
TENX,2016-12-31,2019-12-31,4,True,0,-8394363,6365271.0,,Not meaningful (revenue <= 0),Not meaningful (revenue <= 0),Limited (zero/negative revenue or assets)
TER,2016-12-31,2019-12-31,4,True,2294965000,467468000,2787014000.0,0.20369286677574602,4 - Large,High (>15%),Analysis-ready
TERP,2016-12-31,2019-12-31,4,True,941240000,-148684000,10058636000.0,-0.157966087289108,4 - Large,Loss-making (<=0%),Analysis-ready
TESS,2017-03-26,2020-03-29,4,True,540298300,-21568900,208708700.0,-0.03992035510753967,3 - Mid,Loss-making (<=0%),Analysis-ready
TEUM,2015-12-31,2018-12-31,4,True,32435736,-12974650,161041166.0,-0.4000109632166201,1 - Micro,Loss-making (<=0%),Analysis-ready
TEVA,2016-12-31,2019-12-31,4,True,16887000000,-999000000,57470000000.0,-0.059157932137146915,5 - Mega,Loss-making (<=0%),Analysis-ready
TEX,2016-12-31,2019-12-31,4,True,4353100000,54400000,3195600000.0,0.012496841331464933,5 - Mega,Low (0-5%),Analysis-ready
TFC,2016-12-31,2019-12-31,4,True,11953000000,3224000000,473078000000.0,0.2697230820714465,5 - Mega,High (>15%),Analysis-ready
TFFP,2016-12-31,2019-12-31,4,True,0,-11870228,,,Not meaningful (revenue <= 0),Not meaningful (revenue <= 0),Limited (zero/negative revenue or assets)
TFSL,2016-09-30,2019-09-30,4,True,295885000,80237000,14542356000.0,0.27117630160366357,3 - Mid,High (>15%),Analysis-ready
TFX,2016-12-31,2019-12-31,4,True,2595362000,461466000,6309820000.0,0.17780409823369533,4 - Large,High (>15%),Analysis-ready
TG,2016-12-31,2019-12-31,4,True,972358000,48259000,712668000.0,0.04963089726211951,4 - Large,Low (0-5%),Analysis-ready
TGA,2016-12-31,2019-12-31,4,True,140096000,-3995000,308325000.0,-0.028516160347190497,2 - Small,Loss-making (<=0%),Analysis-ready
TGC,2016-12-31,2019-12-31,4,True,4911000,-436000,8922000.0,-0.08878028914681328,1 - Micro,Loss-making (<=0%),Analysis-ready
TGEN,2016-12-31,2019-12-31,4,True,33426448,-4709019,41116635.0,-0.1408770384457242,1 - Micro,Loss-making (<=0%),Analysis-ready
TGH,2016-12-31,2019-12-31,4,True,707481000,56724000,5202617000.0,0.08017741819214932,3 - Mid,Moderate (5-15%),Analysis-ready
TGI,2017-03-31,2020-03-31,4,True,2900117000,-28126000,2980333000.0,-0.009698229416261481,4 - Large,Loss-making (<=0%),Analysis-ready
TGLS,2016-12-31,2019-12-31,4,True,430912000,24535000,569668000.0,0.05693737932570919,3 - Mid,Moderate (5-15%),Analysis-ready
TGNA,2016-12-31,2019-12-31,4,True,2299497000,286235000,6953976000.0,0.1244772226273833,4 - Large,Moderate (5-15%),Analysis-ready
TGP,2016-12-31,2019-12-31,4,True,601256000,150248000,5409686000.0,0.2498902297856487,3 - Mid,High (>15%),Analysis-ready
TGT,2017-01-28,2020-02-01,4,True,78112000000,3281000000,42779000000.0,0.042003789430561246,5 - Mega,Low (0-5%),Analysis-ready
TGTX,2016-12-31,2019-12-31,4,True,152000,-172871000,163014000.0,-1137.3092105263158,1 - Micro,Loss-making (<=0%),Analysis-ready
TH,2016-12-31,2019-12-31,4,True,321096000,6236000,600792000.0,0.019420983132770263,3 - Mid,Low (0-5%),Analysis-ready
THC,2016-12-31,2019-12-31,4,True,18479000000,-232000000,23351000000.0,-0.01255479192597002,5 - Mega,Loss-making (<=0%),Analysis-ready
THFF,2016-12-31,2019-12-31,4,True,165404000,48872000,4023250000.0,0.29547048438973667,2 - Small,High (>15%),Analysis-ready
THG,2016-12-31,2019-12-31,4,True,4890700000,425100000,12490500000.0,0.08692007279121598,5 - Mega,Moderate (5-15%),Analysis-ready
THM,2016-12-31,2019-12-31,4,True,0,-3826407,62566733.0,,Not meaningful (revenue <= 0),Not meaningful (revenue <= 0),Limited (zero/negative revenue or assets)
THMO,2017-06-30,2019-12-31,4,True,13047000,-9497000,15214000.0,-0.727906798497739,1 - Micro,Loss-making (<=0%),Analysis-ready
THO,2016-07-31,2019-07-31,4,True,7864758000,133275000,5660446000.0,0.01694584881060549,5 - Mega,Low (0-5%),Analysis-ready
THR,2017-03-31,2020-03-31,4,True,383486000,11938000,620905000.0,0.03113021075084879,3 - Mid,Low (0-5%),Analysis-ready
THRM,2016-12-31,2019-12-31,4,True,971684000,37506000,727386000.0,0.0385989683889001,4 - Large,Low (0-5%),Analysis-ready
THS,2016-12-31,2019-12-31,4,True,4288900000,-361000000,5139400000.0,-0.08417076639697825,5 - Mega,Loss-making (<=0%),Analysis-ready
TIF,2017-01-31,2020-01-31,4,True,4424000000,541100000,6660100000.0,0.12231012658227848,5 - Mega,Moderate (5-15%),Analysis-ready
TIGO,2016-12-31,2019-12-31,4,True,4336000000,149000000,12856000000.0,0.034363468634686346,5 - Mega,Low (0-5%),Analysis-ready
TIGR,2016-12-31,2019-12-31,4,True,54561372,-6589431,809059947.0,-0.12077099160922859,2 - Small,Loss-making (<=0%),Analysis-ready
TILE,2017-01-01,2019-12-29,4,True,1343029000,79200000,1423049000.0,0.0589711763483886,4 - Large,Moderate (5-15%),Analysis-ready
TISI,2016-12-31,2019-12-31,4,True,1163314000,-32417000,985217000.0,-0.027866079149739452,4 - Large,Loss-making (<=0%),Analysis-ready
TITN,2017-01-31,2020-01-31,4,True,1305171000,13953000,975343000.0,0.010690553191880604,4 - Large,Low (0-5%),Analysis-ready
TIVO,2016-12-31,2019-12-31,4,True,668129000,-410067000,2382572000.0,-0.6137542300962838,3 - Mid,Loss-making (<=0%),Analysis-ready
TJX,2017-01-28,2020-02-01,4,True,41716977000,3272193000,24145003000.0,0.07843792228760967,5 - Mega,Moderate (5-15%),Analysis-ready
TK,2016-12-31,2019-12-31,4,True,1945391000,-310577000,8072864000.0,-0.15964759783508817,4 - Large,Loss-making (<=0%),Analysis-ready
TKAT,2016-12-31,2019-12-31,4,True,3173014,-4092806,32441503.0,-1.2898795908243708,1 - Micro,Loss-making (<=0%),Analysis-ready
TKR,2016-12-31,2019-12-31,4,True,3789900000,362100000,4859900000.0,0.09554341803213805,5 - Mega,Moderate (5-15%),Analysis-ready
TLF,2015-12-31,2018-12-31,4,True,83098187,1963828,76140134.0,0.02363262149148934,2 - Small,Low (0-5%),Analysis-ready
TLGT,2016-12-31,2019-12-31,4,True,65896000,-25124000,206905000.0,-0.3812674517421391,2 - Small,Loss-making (<=0%),Analysis-ready
TLI,2016-09-30,2019-09-30,4,True,9724836,2772089,177831776.0,0.28505251913759777,1 - Micro,High (>15%),Analysis-ready
TLND,2016-12-31,2019-12-31,4,True,247861000,-61469000,403917000.0,-0.2479978697737845,2 - Small,Loss-making (<=0%),Analysis-ready
TLRD,2017-01-28,2020-02-01,4,True,2881261000,-82276000,2418959000.0,-0.028555552586176678,4 - Large,Loss-making (<=0%),Analysis-ready
TLRY,2016-12-31,2019-12-31,4,True,153843000,-321169000,896330000.0,-2.087641296646581,2 - Small,Loss-making (<=0%),Analysis-ready
TLYS,2017-01-28,2020-02-01,4,True,619300000,22622000,546640000.0,0.03652833844663329,3 - Mid,Low (0-5%),Analysis-ready
TMBR,2019-12-31,2019-12-31,1,False,324646,-3644734,89893.0,-11.22679472409948,1 - Micro,Loss-making (<=0%),Analysis-ready
TMDX,2016-12-31,2019-12-28,4,True,23604000,-33547000,105299000.0,-1.4212421623453653,1 - Micro,Loss-making (<=0%),Analysis-ready
TMHC,2016-12-31,2019-12-31,4,True,4762059000,254652000,5245686000.0,0.05347518793866267,5 - Mega,Moderate (5-15%),Analysis-ready
TMO,2016-12-31,2019-12-31,4,True,25542000000,3696000000,58381000000.0,0.14470284237726097,5 - Mega,Moderate (5-15%),Analysis-ready
TMP,2016-12-31,2019-12-31,4,True,284695000,81718000,6725623000.0,0.28703700451360226,3 - Mid,High (>15%),Analysis-ready
TMQ,2016-11-30,2019-11-30,4,True,0,-27905000,51617000.0,,Not meaningful (revenue <= 0),Not meaningful (revenue <= 0),Limited (zero/negative revenue or assets)
TMST,2016-12-31,2019-12-31,4,True,1208800000,-110000000,1085200000.0,-0.09099933818663138,4 - Large,Loss-making (<=0%),Analysis-ready
TMUS,2016-12-31,2019-12-31,4,True,44998000000,3468000000,86921000000.0,0.07707009200408907,5 - Mega,Moderate (5-15%),Analysis-ready
TNAV,2016-06-30,2019-06-30,4,True,220896000,-32488000,297015000.0,-0.1470737360567869,2 - Small,Loss-making (<=0%),Analysis-ready
TNC,2016-12-31,2019-12-31,4,True,1137600000,45800000,1062900000.0,0.04026019690576653,4 - Large,Low (0-5%),Analysis-ready
TNDM,2016-12-31,2019-12-31,4,True,362305000,-24753000,326110000.0,-0.06832088985799258,3 - Mid,Loss-making (<=0%),Analysis-ready
TNET,2016-12-31,2019-12-31,4,True,3856000000,212000000,2748000000.0,0.054979253112033194,5 - Mega,Moderate (5-15%),Analysis-ready
TNK,2016-12-31,2019-12-31,4,True,943917000,41362000,2229476000.0,0.043819530742639445,4 - Large,Low (0-5%),Analysis-ready
TNP,2016-12-31,2019-12-31,4,True,597452000,15126000,3154103000.0,0.02531751504723392,3 - Mid,Low (0-5%),Analysis-ready
TNXP,2016-12-31,2019-12-31,4,True,0,-28618000,14558000.0,,Not meaningful (revenue <= 0),Not meaningful (revenue <= 0),Limited (zero/negative revenue or assets)
TOCA,2016-12-31,2019-12-31,4,True,36000,-63516000,28160000.0,-1764.3333333333333,1 - Micro,Loss-making (<=0%),Analysis-ready
TOL,2016-10-31,2019-10-31,4,True,7223966000,590007000,10828138000.0,0.08167355715683047,5 - Mega,Moderate (5-15%),Analysis-ready
TOPS,2016-12-31,2019-12-31,4,True,66088000,-14773000,444890000.0,-0.2235352862849534,2 - Small,Loss-making (<=0%),Analysis-ready
TORC,2016-12-31,2019-12-31,4,True,0,-82739000,,,Not meaningful (revenue <= 0),Not meaningful (revenue <= 0),Limited (zero/negative revenue or assets)
TOT,2016-12-31,2019-12-31,4,True,176249000000,11267000000,273294000000.0,0.06392660383888703,5 - Mega,Moderate (5-15%),Analysis-ready
TOWN,2016-12-31,2019-12-31,4,True,554572000,138783000,11947663000.0,0.2502524469320485,3 - Mid,High (>15%),Analysis-ready
TPB,2016-12-31,2019-12-31,4,True,361989000,13774000,446584000.0,0.038050879999115994,3 - Mid,Low (0-5%),Analysis-ready
TPC,2016-12-31,2019-12-31,4,True,4450832000,-387690000,4485777000.0,-0.0871050626040255,5 - Mega,Loss-making (<=0%),Analysis-ready
TPCO,2016-12-25,2019-12-29,4,True,983149000,-5069000,682278000.0,-0.0051558817635983965,4 - Large,Loss-making (<=0%),Analysis-ready
TPH,2016-12-31,2019-12-31,4,True,3083015000,207187000,3858690000.0,0.06720272201075894,4 - Large,Moderate (5-15%),Analysis-ready
TPIC,2016-12-31,2019-12-31,4,True,1436500000,-15708000,826677000.0,-0.01093491124260355,4 - Large,Loss-making (<=0%),Analysis-ready
TPL,2016-12-31,2019-12-31,4,True,490060000,318728000,598176000.0,0.6503856670611762,3 - Mid,High (>15%),Analysis-ready
TPR,2016-07-02,2019-06-29,4,True,6027100000,643400000,6877300000.0,0.10675117386471106,5 - Mega,Moderate (5-15%),Analysis-ready
TPRE,2016-12-31,2019-12-31,4,True,969896000,200619000,3439694000.0,0.20684588863135842,4 - Large,High (>15%),Analysis-ready
TPTX,2017-12-31,2019-12-31,3,False,0,-72131000,422202000.0,,Not meaningful (revenue <= 0),Not meaningful (revenue <= 0),Limited (zero/negative revenue or assets)
TPVG,2016-12-31,2019-12-31,4,True,71677000,31758000,684148000.0,0.44307099906525105,2 - Small,High (>15%),Analysis-ready
TPX,2016-12-31,2019-12-31,4,True,3106000000,189500000,3061800000.0,0.061010946555054735,4 - Large,Moderate (5-15%),Analysis-ready
TR,2016-12-31,2019-12-31,4,True,527113000,64920000,977864000.0,0.12316144735569033,3 - Mid,Moderate (5-15%),Analysis-ready
TRC,2016-12-31,2019-12-31,4,True,49523000,10580000,539422000.0,0.21363810754598872,2 - Small,High (>15%),Analysis-ready
TRCH,2016-12-31,2019-12-31,4,True,746263,-9839396,40924135.0,-13.184890581470608,1 - Micro,Loss-making (<=0%),Analysis-ready
TREC,2016-12-31,2019-12-31,4,True,258959000,-14974000,301819000.0,-0.05782382539320896,2 - Small,Loss-making (<=0%),Analysis-ready
TREE,2016-12-31,2019-12-31,4,True,1106603000,17828000,947969000.0,0.016110565396985188,4 - Large,Low (0-5%),Analysis-ready
TREX,2016-12-31,2019-12-31,4,True,745347000,144738000,592239000.0,0.19418874698630303,3 - Mid,High (>15%),Analysis-ready
TRGP,2016-12-31,2019-12-31,4,True,8671100000,-209200000,18815100000.0,-0.02412612010010264,5 - Mega,Loss-making (<=0%),Analysis-ready
TRHC,2016-12-31,2019-12-31,4,True,284707000,-32436000,492391000.0,-0.11392765193690356,3 - Mid,Loss-making (<=0%),Analysis-ready
TRI,2016-12-31,2019-12-31,4,True,5906000000,1564000000,17295000000.0,0.2648154419234677,5 - Mega,High (>15%),Analysis-ready
TRIB,2016-12-31,2019-12-31,4,True,90435000,-28914000,131071000.0,-0.3197213468236855,2 - Small,Loss-making (<=0%),Analysis-ready
TRIL,2016-12-31,2019-12-31,4,True,124000,-41622000,25407000.0,-335.66129032258067,1 - Micro,Loss-making (<=0%),Analysis-ready
TRIP,2016-12-31,2019-12-31,4,True,1560000000,126000000,1984000000.0,0.08076923076923077,4 - Large,Moderate (5-15%),Analysis-ready
TRMB,2016-12-30,2020-01-03,4,True,3264300000,514300000,6640700000.0,0.1575529209937812,5 - Mega,High (>15%),Analysis-ready
TRMD,2016-12-31,2019-12-31,4,True,692610000,166022000,2003881000.0,0.23970488442269097,3 - Mid,High (>15%),Analysis-ready
TRMK,2016-12-31,2019-12-31,4,True,602795000,150460000,13497877000.0,0.2496039283670236,3 - Mid,High (>15%),Analysis-ready
TRMT,2017-12-31,2019-12-31,3,False,8585000,4841000,251929000.0,0.5638905066977286,1 - Micro,High (>15%),Analysis-ready
TRN,2016-12-31,2019-12-31,4,True,3005100000,137600000,8701400000.0,0.0457888256630395,4 - Large,Low (0-5%),Analysis-ready
TRNO,2016-12-31,2019-12-31,4,True,171022000,55516000,2108464000.0,0.32461320765749435,2 - Small,High (>15%),Analysis-ready
TRNS,2017-03-25,2020-03-28,4,True,173099000,8067000,128122000.0,0.04660338881218262,2 - Small,Low (0-5%),Analysis-ready
TROW,2016-12-31,2019-12-31,4,True,5617900000,2131300000,9330400000.0,0.3793766353975685,5 - Mega,High (>15%),Analysis-ready
TROX,2016-12-31,2019-12-31,4,True,2642000000,-109000000,5268000000.0,-0.04125662376987131,4 - Large,Loss-making (<=0%),Analysis-ready
TRPX,2015-12-31,2018-12-31,4,True,0,-8523000,4560000.0,,Not meaningful (revenue <= 0),Not meaningful (revenue <= 0),Limited (zero/negative revenue or assets)
TRQ,2016-12-31,2019-12-31,4,True,1166014000,-150457000,12822394000.0,-0.12903532890685704,4 - Large,Loss-making (<=0%),Analysis-ready
TRS,2016-12-31,2019-12-31,4,True,723530000,98620000,1192700000.0,0.13630395422442745,3 - Mid,Moderate (5-15%),Analysis-ready
TRST,2016-12-31,2019-12-31,4,True,174239000,57840000,5221322000.0,0.33195782804079454,2 - Small,High (>15%),Analysis-ready
TRT,2016-06-30,2019-06-30,4,True,39198000,1545000,36527000.0,0.039415276289606616,1 - Micro,Low (0-5%),Analysis-ready
TRTN,2016-12-31,2019-12-31,4,True,1388818000,352687000,9642633000.0,0.2539476014855798,4 - Large,High (>15%),Analysis-ready
TRTX,2016-12-31,2019-12-31,4,True,166727000,126313000,5892870000.0,0.7576037474434255,2 - Small,High (>15%),Analysis-ready
TRU,2016-12-31,2019-12-31,4,True,2656100000,346900000,7113200000.0,0.130605022401265,4 - Large,Moderate (5-15%),Analysis-ready
TRUE,2016-12-31,2019-12-31,4,True,353880000,-54890000,421687000.0,-0.15510907652311517,3 - Mid,Loss-making (<=0%),Analysis-ready
TRUP,2016-12-31,2019-12-31,4,True,383936000,-1809000,257200000.0,-0.004711722787131188,3 - Mid,Loss-making (<=0%),Analysis-ready
TRV,2016-12-31,2019-12-31,4,True,31581000000,2622000000,110122000000.0,0.08302460340077895,5 - Mega,Moderate (5-15%),Analysis-ready
TRVI,2016-12-31,2019-12-31,4,True,0,-26050000,60001000.0,,Not meaningful (revenue <= 0),Not meaningful (revenue <= 0),Limited (zero/negative revenue or assets)
TRVN,2016-12-31,2019-12-31,4,True,31000,-24871000,46994000.0,-802.2903225806451,1 - Micro,Loss-making (<=0%),Analysis-ready
TRWH,2016-12-31,2019-12-31,4,True,523577000,55130000,1021887000.0,0.10529492319181324,3 - Mid,Moderate (5-15%),Analysis-ready
TRXC,2016-12-31,2019-12-31,4,True,8531000,-154201000,74779000.0,-18.075372172078303,1 - Micro,Loss-making (<=0%),Analysis-ready
TS,2016-12-31,2019-12-31,4,True,7294055000,742686000,14842991000.0,0.10182072934739318,5 - Mega,Moderate (5-15%),Analysis-ready
TSBK,2016-09-30,2019-09-30,4,True,64464000,24020000,1247132000.0,0.37261106974435343,2 - Small,High (>15%),Analysis-ready
TSC,2016-12-31,2019-12-31,4,True,180807000,60193000,7765810000.0,0.3329129956251694,2 - Small,High (>15%),Analysis-ready
TSCO,2016-12-31,2019-12-28,4,True,8351931000,562354000,5289268000.0,0.06733221335281625,5 - Mega,Moderate (5-15%),Analysis-ready
TSE,2016-12-31,2019-12-31,4,True,3775800000,92000000,2758800000.0,0.024365697335663964,5 - Mega,Low (0-5%),Analysis-ready
TSEM,2016-12-31,2019-12-31,4,True,1234003000,90048000,1932833000.0,0.072972269921548,4 - Large,Moderate (5-15%),Analysis-ready
TSLA,2016-12-31,2019-12-31,4,True,24578000000,-862000000,34309000000.0,-0.03507201562372854,5 - Mega,Loss-making (<=0%),Analysis-ready
TSLX,2016-12-31,2019-12-31,4,True,251495000,154583000,2280931000.0,0.6146563549971172,2 - Small,High (>15%),Analysis-ready
TSN,2016-10-01,2019-09-28,4,True,42405000000,2022000000,33097000000.0,0.04768305624336753,5 - Mega,Low (0-5%),Analysis-ready
TSQ,2016-12-31,2019-12-31,4,True,431408000,-67763000,880399000.0,-0.1570740459147721,3 - Mid,Loss-making (<=0%),Analysis-ready
TSRI,2016-05-31,2019-05-31,4,True,63340028,-1335995,12534145.0,-0.021092428314051268,2 - Small,Loss-making (<=0%),Analysis-ready
TT,2016-12-31,2019-12-31,4,True,16598900000,1410900000,20492300000.0,0.08499960840778606,5 - Mega,Moderate (5-15%),Analysis-ready
TTC,2016-10-31,2019-10-31,4,True,3138084000,273983000,2330547000.0,0.08730900766200013,5 - Mega,Moderate (5-15%),Analysis-ready
TTD,2016-12-31,2019-12-31,4,True,661058000,108318000,1728761000.0,0.16385551645997778,3 - Mid,High (>15%),Analysis-ready
TTEC,2016-12-31,2019-12-31,4,True,1643704000,77164000,1376788000.0,0.04694519207837908,4 - Large,Low (0-5%),Analysis-ready
TTEK,2016-10-02,2019-09-29,4,True,2389637000,158668000,2147408000.0,0.06639836929207239,4 - Large,Moderate (5-15%),Analysis-ready
TTGT,2016-12-31,2019-12-31,4,True,133957000,16875000,221608000.0,0.12597326007599455,2 - Small,Moderate (5-15%),Analysis-ready
TTI,2016-12-31,2019-12-31,4,True,1037933000,-147413000,1271922000.0,-0.14202554500145964,4 - Large,Loss-making (<=0%),Analysis-ready
TTMI,2017-01-02,2019-12-30,4,True,2689308000,41301000,3560933000.0,0.015357482296561049,4 - Large,Low (0-5%),Analysis-ready
TTNP,2016-12-31,2019-12-31,4,True,3611000,-16458000,9522000.0,-4.557740238161174,1 - Micro,Loss-making (<=0%),Analysis-ready
TTOO,2016-12-31,2019-12-31,4,True,8335000,-59006000,28486000.0,-7.079304139172166,1 - Micro,Loss-making (<=0%),Analysis-ready
TTP,2016-11-30,2019-11-30,4,True,4278169,-19442398,192751218.0,-4.544560535126125,1 - Micro,Loss-making (<=0%),Analysis-ready
TTPH,2016-12-31,2019-12-31,4,True,7376000,-70085000,36385000.0,-9.501762472885032,1 - Micro,Loss-making (<=0%),Analysis-ready
TTWO,2017-03-31,2020-03-31,4,True,3088970000,404459000,4948832000.0,0.13093652576748885,4 - Large,Moderate (5-15%),Analysis-ready
TUES,2016-06-30,2019-06-30,4,True,1007246000,-12440000,370521000.0,-0.012350508217456311,4 - Large,Loss-making (<=0%),Analysis-ready
TUFN,2017-12-31,2019-12-31,3,False,103270000,-28119000,176732000.0,-0.2722862399535199,2 - Small,Loss-making (<=0%),Analysis-ready
TUP,2016-12-31,2019-12-28,4,True,1797900000,12400000,1262400000.0,0.006896935313421213,4 - Large,Low (0-5%),Analysis-ready
TURN,2016-12-31,2019-12-31,4,True,791297,13178871,99787397.0,16.654771849255084,1 - Micro,High (>15%),Analysis-ready
TUSK,2016-12-31,2019-12-31,4,True,625012000,-79044000,952385000.0,-0.12646797181494115,3 - Mid,Loss-making (<=0%),Analysis-ready
TVTY,2016-12-31,2019-12-31,4,True,1131157000,-286821000,1625905000.0,-0.2535642709190678,4 - Large,Loss-making (<=0%),Analysis-ready
TW,2016-12-31,2019-12-31,4,True,775566000,126121000,5095334000.0,0.1626180105883961,3 - Mid,High (>15%),Analysis-ready
TWI,2016-12-31,2019-12-31,4,True,1448666000,-48425000,1114307000.0,-0.03342730484459496,4 - Large,Loss-making (<=0%),Analysis-ready
TWIN,2016-06-30,2019-06-30,4,True,302663000,10673000,346870000.0,0.035263643061755154,3 - Mid,Low (0-5%),Analysis-ready
TWLO,2016-12-31,2019-12-31,4,True,1134468000,-307063000,5150516000.0,-0.27066695578896893,4 - Large,Loss-making (<=0%),Analysis-ready
TWMC,2016-01-30,2019-02-02,4,True,418190000,-97382000,138013000.0,-0.23286544393696645,3 - Mid,Loss-making (<=0%),Analysis-ready
TWNK,2016-12-31,2019-12-31,4,True,907675000,63115000,3097701000.0,0.06953480045170353,4 - Large,Moderate (5-15%),Analysis-ready
TWO,2016-12-31,2019-12-31,4,True,1199825000,323962000,35921622000.0,0.27000770945762925,4 - Large,High (>15%),Analysis-ready
TWOU,2016-12-31,2019-12-31,4,True,574671000,-235222000,1186830000.0,-0.40931593903294233,3 - Mid,Loss-making (<=0%),Analysis-ready
TWST,2016-09-30,2019-09-30,4,True,54385000,-107669000,186994000.0,-1.9797554472740646,2 - Small,Loss-making (<=0%),Analysis-ready
TWTR,2016-12-31,2019-12-31,4,True,3459329000,1465659000,12703389000.0,0.42368303217184605,5 - Mega,High (>15%),Analysis-ready
TX,2016-12-31,2019-12-31,4,True,10192818000,564269000,12935533000.0,0.05535946977567931,5 - Mega,Moderate (5-15%),Analysis-ready
TXG,2017-12-31,2019-12-31,3,False,245893000,-31251000,605923000.0,-0.12709186516086265,2 - Small,Loss-making (<=0%),Analysis-ready
TXMD,2016-12-31,2019-12-31,4,True,49646937,-176144999,265985637.0,-3.5479529985908296,2 - Small,Loss-making (<=0%),Analysis-ready
TXN,2016-12-31,2019-12-31,4,True,14383000000,5017000000,18018000000.0,0.3488145727595078,5 - Mega,High (>15%),Analysis-ready
TXRH,2016-12-27,2019-12-31,4,True,2756163000,174452000,1983565000.0,0.06329524052097064,4 - Large,Moderate (5-15%),Analysis-ready
TXT,2016-12-31,2020-01-04,4,True,13630000000,815000000,15018000000.0,0.05979457079970653,5 - Mega,Moderate (5-15%),Analysis-ready
TYG,2016-11-30,2019-11-30,4,True,28278630,-191409708,1680744738.0,-6.7687051317549685,1 - Micro,Loss-making (<=0%),Analysis-ready
TYL,2016-12-31,2019-12-31,4,True,1086427000,146527000,2191614000.0,0.13487054353398803,4 - Large,Moderate (5-15%),Analysis-ready
TYME,2017-03-31,2020-03-31,4,True,0,-22000556,29500834.0,,Not meaningful (revenue <= 0),Not meaningful (revenue <= 0),Limited (zero/negative revenue or assets)
TZOO,2016-12-31,2019-12-31,4,True,111412000,4155000,54538000.0,0.03729400782680501,2 - Small,Low (0-5%),Analysis-ready
UA,2016-12-31,2019-12-31,4,True,5267132000,92139000,4843531000.0,0.017493201233612525,5 - Mega,Low (0-5%),Analysis-ready
UAA,2016-12-31,2019-12-31,4,True,5267132000,92139000,4843531000.0,0.017493201233612525,5 - Mega,Low (0-5%),Analysis-ready
UAL,2016-12-31,2019-12-31,4,True,43259000000,3009000000,52611000000.0,0.06955777988395478,5 - Mega,Moderate (5-15%),Analysis-ready
UAMY,2016-12-31,2019-12-31,4,True,8268005,-3672891,13693975.0,-0.4442294120528471,1 - Micro,Loss-making (<=0%),Analysis-ready
UAN,2016-12-31,2019-12-31,4,True,404177000,-34969000,1137955000.0,-0.08651902508059588,3 - Mid,Loss-making (<=0%),Analysis-ready
UAVS,2016-12-31,2019-12-31,4,True,296677,-2522694,4795509.0,-8.503166743630278,1 - Micro,Loss-making (<=0%),Analysis-ready
UBA,2016-10-31,2019-10-31,4,True,138605000,37280000,1072304000.0,0.26896576602575667,2 - Small,High (>15%),Analysis-ready
UBCP,2016-12-31,2019-12-31,4,True,23891000,6810000,685706000.0,0.28504457745594575,1 - Micro,High (>15%),Analysis-ready
UBER,2016-12-31,2019-12-31,4,True,14147000000,-8506000000,31761000000.0,-0.6012582172898848,5 - Mega,Loss-making (<=0%),Analysis-ready
UBFO,2016-12-31,2019-12-31,4,True,42548000,15172000,956919000.0,0.35658550343141865,1 - Micro,High (>15%),Analysis-ready
UBOH,2016-12-31,2019-12-31,4,True,41413000,10661000,880014000.0,0.25743124139762874,1 - Micro,High (>15%),Analysis-ready
UBP,2016-10-31,2019-10-31,4,True,138605000,37280000,1072304000.0,0.26896576602575667,2 - Small,High (>15%),Analysis-ready
UBS,2017-01-01,2019-12-31,4,True,28927000000,4304000000,972183000000.0,0.14878832924257615,5 - Mega,Moderate (5-15%),Analysis-ready
UBSI,2016-12-31,2019-12-31,4,True,704813000,260099000,19662324000.0,0.36903263702570754,3 - Mid,High (>15%),Analysis-ready
UBX,2016-12-31,2019-12-31,4,True,0,-82177000,151221000.0,,Not meaningful (revenue <= 0),Not meaningful (revenue <= 0),Limited (zero/negative revenue or assets)
UCBI,2016-12-31,2019-12-31,4,True,559307000,185721000,12916016000.0,0.33205556161464095,3 - Mid,High (>15%),Analysis-ready
UCTT,2016-12-30,2019-12-27,4,True,1066200000,-9400000,1019300000.0,-0.008816357156255863,4 - Large,Loss-making (<=0%),Analysis-ready
UDR,2016-12-31,2019-12-31,4,True,1159966000,184965000,9636472000.0,0.15945725995417107,4 - Large,High (>15%),Analysis-ready
UE,2016-12-31,2019-12-31,4,True,386449000,109523000,2846358000.0,0.28340867747102466,3 - Mid,High (>15%),Analysis-ready
UEC,2016-07-31,2019-07-31,4,True,0,-17152789,101040242.0,,Not meaningful (revenue <= 0),Not meaningful (revenue <= 0),Limited (zero/negative revenue or assets)
UEIC,2016-12-31,2019-12-31,4,True,753477000,3630000,564159000.0,0.004817665303652268,3 - Mid,Low (0-5%),Analysis-ready
UEPS,2016-06-30,2019-06-30,4,True,304653000,-307618000,672936000.0,-1.0097323840566153,3 - Mid,Loss-making (<=0%),Analysis-ready
UFAB,2017-01-01,2019-12-29,4,True,152489000,-9068000,101668000.0,-0.05946658447494573,2 - Small,Loss-making (<=0%),Analysis-ready
UFCS,2016-12-31,2019-12-31,4,True,1201165000,14820000,3013472000.0,0.012338021837133117,4 - Large,Low (0-5%),Analysis-ready
UFI,2016-06-26,2019-06-30,4,True,708804000,2456000,592151000.0,0.0034649917325522994,3 - Mid,Low (0-5%),Analysis-ready
UFPI,2016-12-31,2019-12-28,4,True,4416009000,179650000,1889477000.0,0.04068152940811488,5 - Mega,Low (0-5%),Analysis-ready
UFPT,2016-12-31,2019-12-31,4,True,198381000,19750000,188758000.0,0.09955590505139102,2 - Small,Moderate (5-15%),Analysis-ready
UFS,2016-12-31,2019-12-31,4,True,5220000000,84000000,4903000000.0,0.016091954022988506,5 - Mega,Low (0-5%),Analysis-ready
UG,2016-12-31,2019-12-31,4,True,13599084,4761711,12362812.0,0.35014939241495974,1 - Micro,High (>15%),Analysis-ready
UGI,2016-09-30,2019-09-30,4,True,7320400000,256200000,13346600000.0,0.034998087536200206,5 - Mega,Low (0-5%),Analysis-ready
UHAL,2017-03-31,2020-03-31,4,True,3978868000,442048000,13438024000.0,0.11109893567718256,5 - Mega,Moderate (5-15%),Analysis-ready
UHS,2016-12-31,2019-12-31,4,True,11378259000,814854000,11668250000.0,0.07161499839298789,5 - Mega,Moderate (5-15%),Analysis-ready
UHT,2016-12-31,2019-12-31,4,True,78959000,18964000,488789000.0,0.24017528084195594,2 - Small,High (>15%),Analysis-ready
UI,2016-06-30,2019-06-30,4,True,1161733000,322694000,875865000.0,0.27776950469686235,4 - Large,High (>15%),Analysis-ready
UIHC,2016-12-31,2019-12-31,4,True,825116000,-29872000,2467218000.0,-0.036203394431813224,3 - Mid,Loss-making (<=0%),Analysis-ready
UIS,2016-12-31,2019-12-31,4,True,2948700000,-17200000,2504000000.0,-0.0058330789839590325,4 - Large,Loss-making (<=0%),Analysis-ready
ULBI,2016-12-31,2019-12-31,4,True,106795000,5205000,144557000.0,0.04873823680883937,2 - Small,Low (0-5%),Analysis-ready
ULH,2016-12-31,2019-12-31,4,True,1511998000,37586000,987997000.0,0.024858498490077367,4 - Large,Low (0-5%),Analysis-ready
ULTA,2017-01-28,2020-02-01,4,True,7398068000,705945000,4863872000.0,0.09542288608323146,5 - Mega,Moderate (5-15%),Analysis-ready
UMBF,2016-12-31,2019-12-31,4,True,1064825000,243600000,26561355000.0,0.22876998567839785,4 - Large,High (>15%),Analysis-ready
UMH,2016-12-31,2019-12-31,4,True,146591000,27750000,1025453000.0,0.1893022081846771,2 - Small,High (>15%),Analysis-ready
UMPQ,2016-12-31,2019-12-31,4,True,1187943000,354095000,28846809000.0,0.2980740658432265,4 - Large,High (>15%),Analysis-ready
UMRX,2016-12-31,2019-12-31,4,True,22499000,-31833000,49423000.0,-1.4148628827947909,1 - Micro,Loss-making (<=0%),Analysis-ready
UNAM,2016-12-31,2019-12-31,4,True,31372814,-3115703,130306525.0,-0.09931219430937882,1 - Micro,Loss-making (<=0%),Analysis-ready
UNB,2016-12-31,2019-12-31,4,True,39803000,10648000,872912000.0,0.2675175238047383,1 - Micro,High (>15%),Analysis-ready
UNF,2016-08-27,2019-08-31,4,True,1809376000,179134000,2047320000.0,0.0990031922607573,4 - Large,Moderate (5-15%),Analysis-ready
UNFI,2016-07-30,2019-08-03,4,True,21387068000,-284990000,7180965000.0,-0.01332534221147097,5 - Mega,Loss-making (<=0%),Analysis-ready
UNH,2016-12-31,2019-12-31,4,True,242155000000,13839000000,173889000000.0,0.057149346492948734,5 - Mega,Moderate (5-15%),Analysis-ready
UNIT,2016-12-31,2019-12-31,4,True,1057611000,10582000,5017000000.0,0.01000556915538889,4 - Large,Low (0-5%),Analysis-ready
UNM,2016-12-31,2019-12-31,4,True,11998900000,1100300000,67013400000.0,0.09170007250664644,5 - Mega,Moderate (5-15%),Analysis-ready
UNP,2016-12-31,2019-12-31,4,True,21708000000,5919000000,61673000000.0,0.2726644555002764,5 - Mega,High (>15%),Analysis-ready
UNT,2016-12-31,2019-12-31,4,True,674634000,-553879000,2090052000.0,-0.8210066495314496,3 - Mid,Loss-making (<=0%),Analysis-ready
UNTY,2016-12-31,2019-12-31,4,True,64266000,23653000,1718942000.0,0.36804842373883545,2 - Small,High (>15%),Analysis-ready
UNVR,2016-12-31,2019-12-31,4,True,9286900000,-100200000,6494800000.0,-0.010789391508468919,5 - Mega,Loss-making (<=0%),Analysis-ready
UONEK,2016-12-31,2019-12-31,4,True,436929000,925000,1249919000.0,0.002117048765360047,3 - Mid,Low (0-5%),Analysis-ready
UPLD,2016-12-31,2019-12-31,4,True,222637000,-45371000,896828000.0,-0.20378912759334702,2 - Small,Loss-making (<=0%),Analysis-ready
UPS,2016-12-31,2019-12-31,4,True,74094000000,4440000000,57857000000.0,0.059923880476151915,5 - Mega,Moderate (5-15%),Analysis-ready
UPWK,2016-12-31,2019-12-31,4,True,300562000,-16659000,446380000.0,-0.05542616831136338,3 - Mid,Loss-making (<=0%),Analysis-ready
URBN,2017-01-31,2020-01-31,4,True,3983789000,168096000,3315633000.0,0.04219500580979565,5 - Mega,Low (0-5%),Analysis-ready
URG,2016-12-31,2019-12-31,4,True,32255000,-8418000,90390000.0,-0.2609827933653697,1 - Micro,Loss-making (<=0%),Analysis-ready
URGN,2016-12-31,2019-12-31,4,True,18000,-105146000,202388000.0,-5841.444444444444,1 - Micro,Loss-making (<=0%),Analysis-ready
URI,2016-12-31,2019-12-31,4,True,9351000000,1174000000,18970000000.0,0.12554806972516308,5 - Mega,Moderate (5-15%),Analysis-ready
UROV,2017-03-31,2019-03-31,3,False,0,-111346000,100121000.0,,Not meaningful (revenue <= 0),Not meaningful (revenue <= 0),Limited (zero/negative revenue or assets)
USA,2016-12-31,2019-12-31,4,True,22944169,341733971,1477196883.0,14.894153324968972,1 - Micro,High (>15%),Analysis-ready
USAC,2016-12-31,2019-12-31,4,True,698365000,39132000,3730407000.0,0.05603373594037502,3 - Mid,Moderate (5-15%),Analysis-ready
USAK,2016-12-31,2019-12-31,4,True,522631000,-4698000,350710000.0,-0.008989133824820954,3 - Mid,Loss-making (<=0%),Analysis-ready
USAP,2016-12-31,2019-12-31,4,True,243007000,4275000,368399000.0,0.01759208582468818,2 - Small,Low (0-5%),Analysis-ready
USAS,2016-12-31,2019-12-31,4,True,58410000,-32653000,231003000.0,-0.5590309878445472,2 - Small,Loss-making (<=0%),Analysis-ready
USAU,2016-04-30,2019-04-30,4,True,0,-8046550,7401770.0,,Not meaningful (revenue <= 0),Not meaningful (revenue <= 0),Limited (zero/negative revenue or assets)
USB,2016-12-31,2019-12-31,4,True,21140000000,6914000000,495426000000.0,0.32705771050141913,5 - Mega,High (>15%),Analysis-ready
USCR,2016-12-31,2019-12-31,4,True,1478700000,14900000,1433300000.0,0.010076418475688104,4 - Large,Low (0-5%),Analysis-ready
USDP,2016-12-31,2019-12-31,4,True,111806000,5720000,289566000.0,0.051160045078081674,2 - Small,Moderate (5-15%),Analysis-ready
USEG,2016-12-31,2019-12-31,4,True,6144000,-550000,13467000.0,-0.08951822916666667,1 - Micro,Loss-making (<=0%),Analysis-ready
USFD,2016-12-31,2019-12-28,4,True,25939000000,385000000,11288000000.0,0.014842515131655036,5 - Mega,Low (0-5%),Analysis-ready
USIO,2016-12-31,2019-12-31,4,True,28200535,-5115747,61560179.0,-0.18140602651687282,1 - Micro,Loss-making (<=0%),Analysis-ready
USLM,2016-12-31,2019-12-31,4,True,158277000,26056000,247037000.0,0.16462278157913027,2 - Small,High (>15%),Analysis-ready
USM,2016-12-31,2019-12-31,4,True,4022000000,127000000,8164000000.0,0.03157633018398807,5 - Mega,Low (0-5%),Analysis-ready
USNA,2016-12-31,2019-12-28,4,True,1060902000,100526000,516934000.0,0.09475521772981858,4 - Large,Moderate (5-15%),Analysis-ready
USPH,2016-12-31,2019-12-31,4,True,477111000,40039000,560845000.0,0.08391967487649625,3 - Mid,Moderate (5-15%),Analysis-ready
USWS,2016-12-31,2019-12-31,4,True,514757000,-93913000,612782000.0,-0.18244142381745174,3 - Mid,Loss-making (<=0%),Analysis-ready
USX,2016-12-31,2019-12-31,4,True,1707361000,-3647000,1140109000.0,-0.0021360450426125463,4 - Large,Loss-making (<=0%),Analysis-ready
UTG,2016-10-31,2019-10-31,4,True,65899077,334051400,2227987836.0,5.069136249055506,2 - Small,High (>15%),Analysis-ready
UTHR,2016-12-31,2019-12-31,4,True,1448800000,-104500000,3913400000.0,-0.07212865819988956,4 - Large,Loss-making (<=0%),Analysis-ready
UTI,2016-09-30,2019-09-30,4,True,331504000,-7868000,270526000.0,-0.023734253583667167,3 - Mid,Loss-making (<=0%),Analysis-ready
UTL,2016-12-31,2019-12-31,4,True,438200000,44200000,1370800000.0,0.10086718393427659,3 - Mid,Moderate (5-15%),Analysis-ready
UTMD,2016-12-31,2019-12-31,4,True,46904000,14727000,109787000.0,0.3139817499573597,1 - Micro,High (>15%),Analysis-ready
UTSI,2016-12-31,2019-12-31,4,True,65623000,-3913000,151303000.0,-0.05962848391570029,2 - Small,Loss-making (<=0%),Analysis-ready
UUU,2016-03-31,2019-03-31,4,True,17588040,-1347986,18906926.0,-0.07664219549193657,1 - Micro,Loss-making (<=0%),Analysis-ready
UUUU,2016-12-31,2019-12-31,4,True,5865000,-37978000,175720000.0,-6.475362318840579,1 - Micro,Loss-making (<=0%),Analysis-ready
UVE,2016-12-31,2019-12-31,4,True,939351000,46514000,1719852000.0,0.049517166639520264,4 - Large,Low (0-5%),Analysis-ready
UVSP,2016-12-31,2019-12-31,4,True,226136000,65719000,5380924000.0,0.2906171507411469,2 - Small,High (>15%),Analysis-ready
UVV,2017-03-31,2020-03-31,4,True,1909979000,71680000,2120921000.0,0.037529208436323125,4 - Large,Low (0-5%),Analysis-ready
V,2016-09-30,2019-09-30,4,True,22977000000,12080000000,72574000000.0,0.5257431344387866,5 - Mega,High (>15%),Analysis-ready
VAC,2016-12-30,2019-12-31,4,True,3247000000,138000000,9214000000.0,0.04250076994148445,5 - Mega,Low (0-5%),Analysis-ready
VAL,2016-12-31,2019-12-31,4,True,2053200000,-198000000,16931200000.0,-0.09643483343074226,4 - Large,Loss-making (<=0%),Analysis-ready
VALU,2016-04-30,2019-04-30,4,True,36257000,11150000,91788000.0,0.30752682240670765,1 - Micro,High (>15%),Analysis-ready
VAPO,2016-12-31,2019-12-31,4,True,48104000,-51059000,111890000.0,-1.0614294029602527,1 - Micro,Loss-making (<=0%),Analysis-ready
VAR,2016-09-30,2019-09-27,4,True,3225100000,291900000,4101700000.0,0.09050882143189358,5 - Mega,Moderate (5-15%),Analysis-ready
VBFC,2016-12-31,2019-12-31,4,True,25908000,4477000,540313000.0,0.1728037671761618,1 - Micro,High (>15%),Analysis-ready
VBIV,2016-12-31,2019-12-31,4,True,2221000,-54813000,122201000.0,-24.679423683025664,1 - Micro,Loss-making (<=0%),Analysis-ready
VBLT,2016-12-31,2019-12-31,4,True,562000,-19457000,48621000.0,-34.620996441281136,1 - Micro,Loss-making (<=0%),Analysis-ready
VBTX,2016-12-31,2019-12-31,4,True,293663000,90739000,7954937000.0,0.30899023710852236,3 - Mid,High (>15%),Analysis-ready
VC,2016-12-31,2019-12-31,4,True,2945000000,70000000,2271000000.0,0.023769100169779286,4 - Large,Low (0-5%),Analysis-ready
VCEL,2016-12-31,2019-12-31,4,True,117850000,-9665000,153238000.0,-0.08201103097157403,2 - Small,Loss-making (<=0%),Analysis-ready
VCNX,2016-12-31,2019-12-31,4,True,523000,-31863000,4604000.0,-60.92351816443595,1 - Micro,Loss-making (<=0%),Analysis-ready
VCRA,2016-12-31,2019-12-31,4,True,180501000,-17980000,370455000.0,-0.0996116365006288,2 - Small,Loss-making (<=0%),Analysis-ready
VCTR,2016-12-31,2019-12-31,4,True,612373000,92491000,1753309000.0,0.15103703135180682,3 - Mid,High (>15%),Analysis-ready
VCV,2017-02-28,2020-02-29,4,True,40454471,78367634,1022104970.0,1.9371810349466687,1 - Micro,High (>15%),Analysis-ready
VCYT,2016-12-31,2019-12-31,4,True,120368000,-12599000,275212000.0,-0.1046706765917852,2 - Small,Loss-making (<=0%),Analysis-ready
VEC,2016-12-31,2019-12-31,4,True,1382642000,34716000,636484000.0,0.025108451790123547,4 - Large,Low (0-5%),Analysis-ready
VECO,2016-12-31,2019-12-31,4,True,419349000,-78733000,818088000.0,-0.18775053714209405,3 - Mid,Loss-making (<=0%),Analysis-ready
VEEV,2017-01-31,2020-01-31,4,True,1104081000,301118000,2271777000.0,0.27273180138051467,4 - Large,High (>15%),Analysis-ready
VEL,2016-12-31,2019-12-31,4,True,62272000,17292000,2214766000.0,0.27768499486125386,2 - Small,High (>15%),Analysis-ready
VEON,2016-12-31,2019-12-31,4,True,8825000000,621000000,16059000000.0,0.07036827195467422,5 - Mega,Moderate (5-15%),Analysis-ready
VER,2016-12-31,2019-12-31,4,True,1239852000,-300353000,13280680000.0,-0.24224907488958358,4 - Large,Loss-making (<=0%),Analysis-ready
VERB,2016-12-31,2019-12-31,4,True,9100000,-15918000,28359000.0,-1.7492307692307691,1 - Micro,Loss-making (<=0%),Analysis-ready
VERI,2016-12-31,2019-12-31,4,True,49648000,-62078000,108526000.0,-1.2503625523686754,2 - Small,Loss-making (<=0%),Analysis-ready
VERO,2016-12-31,2019-12-31,4,True,110406000,-40619000,,-0.3679057297610637,2 - Small,Loss-making (<=0%),Limited (zero/negative revenue or assets)
VERU,2016-09-30,2019-09-30,4,True,31803387,-12017366,53628770.0,-0.3778643450774598,1 - Micro,Loss-making (<=0%),Analysis-ready
VFC,2017-12-30,2020-03-28,4,True,10488556000,679449000,11133251000.0,0.0647800326374765,5 - Mega,Moderate (5-15%),Analysis-ready
VG,2016-12-31,2019-12-31,4,True,1189346000,-19482000,1364700000.0,-0.016380430925903817,4 - Large,Loss-making (<=0%),Analysis-ready
VGM,2017-02-28,2020-02-29,4,True,50344550,91637321,1301761872.0,1.8202033983817514,2 - Small,High (>15%),Analysis-ready
VGR,2016-12-31,2019-12-31,4,True,1452455000,100974000,1505089000.0,0.06951953761045954,4 - Large,Moderate (5-15%),Analysis-ready
VGZ,2016-12-31,2019-12-31,4,True,0,-9386000,16684000.0,,Not meaningful (revenue <= 0),Not meaningful (revenue <= 0),Limited (zero/negative revenue or assets)
VHC,2016-12-31,2019-12-31,4,True,85000,-19180000,7498000.0,-225.64705882352942,1 - Micro,Loss-making (<=0%),Analysis-ready
VHI,2016-12-31,2019-12-31,4,True,1897500000,49200000,2794400000.0,0.025928853754940712,4 - Large,Low (0-5%),Analysis-ready
VIAC,2016-12-31,2019-12-31,4,True,27812000000,3308000000,49519000000.0,0.11894146411620883,5 - Mega,Moderate (5-15%),Analysis-ready
VIACA,2016-12-31,2019-12-31,4,True,27812000000,3308000000,49519000000.0,0.11894146411620883,5 - Mega,Moderate (5-15%),Analysis-ready
VIAV,2016-07-02,2019-06-29,4,True,1130300000,5400000,1815100000.0,0.004777492701052818,4 - Large,Low (0-5%),Analysis-ready
VICI,2016-12-31,2019-12-31,4,True,894798000,545964000,13265619000.0,0.6101533530472799,4 - Large,High (>15%),Analysis-ready
VICR,2016-12-31,2019-12-31,4,True,262977000,14098000,240727000.0,0.053609250999136805,2 - Small,Moderate (5-15%),Analysis-ready
VIE,2018-12-31,2019-12-31,2,False,50000000,-86429000,384054000.0,-1.72858,2 - Small,Loss-making (<=0%),Analysis-ready
VIR,2017-12-31,2019-12-31,3,False,8091000,-174683000,512071000.0,-21.589791125942405,1 - Micro,Loss-making (<=0%),Analysis-ready
VIRC,2017-01-31,2020-01-31,4,True,191063000,2382000,138992000.0,0.012467092006301587,2 - Small,Low (0-5%),Analysis-ready
VIRT,2016-12-31,2019-12-31,4,True,1207584000,-58595000,9609370000.0,-0.048522504438614625,4 - Large,Loss-making (<=0%),Analysis-ready
VISL,2016-12-31,2019-12-31,4,True,28942000,-18047000,23604000.0,-0.6235574597470803,1 - Micro,Loss-making (<=0%),Analysis-ready
VIST,2017-12-31,2019-12-31,3,False,415976000,-32723000,1385133000.0,-0.07866559609208224,3 - Mid,Loss-making (<=0%),Analysis-ready
VIVE,2016-12-31,2019-12-31,4,True,6567000,-42526000,26977000.0,-6.47571189279732,1 - Micro,Loss-making (<=0%),Analysis-ready
VIVO,2016-09-30,2019-09-30,4,True,201014000,24382000,325478000.0,0.121295034176724,2 - Small,Moderate (5-15%),Analysis-ready
VKI,2017-02-28,2020-02-29,4,True,36292594,64140863,922391937.0,1.7673264964196276,1 - Micro,High (>15%),Analysis-ready
VKTX,2016-12-31,2019-12-31,4,True,0,-25779000,284256000.0,,Not meaningful (revenue <= 0),Not meaningful (revenue <= 0),Limited (zero/negative revenue or assets)
VLGEA,2016-07-30,2019-07-27,4,True,1643502000,25539000,502289000.0,0.015539378716910596,4 - Large,Low (0-5%),Analysis-ready
VLO,2016-12-31,2019-12-31,4,True,102729000000,2422000000,53864000000.0,0.02357659472982313,5 - Mega,Low (0-5%),Analysis-ready
VLT,2017-02-28,2020-02-29,4,True,10056954,4998352,140320113.0,0.49700456022767925,1 - Micro,High (>15%),Analysis-ready
VLY,2016-12-31,2019-12-31,4,True,1070886000,309793000,37436020000.0,0.28928662808179395,4 - Large,High (>15%),Analysis-ready
VMC,2016-12-31,2019-12-31,4,True,4929103000,617662000,10648793000.0,0.12530920940382054,5 - Mega,Moderate (5-15%),Analysis-ready
VMI,2016-12-31,2019-12-28,4,True,2766976000,153769000,2763411000.0,0.05557294316972753,4 - Large,Moderate (5-15%),Analysis-ready
VMO,2017-02-28,2020-02-29,4,True,61595146,111434598,1570576470.0,1.809145772623057,2 - Small,High (>15%),Analysis-ready
VMW,2017-02-03,2020-01-31,4,True,10811000000,6412000000,26294000000.0,0.5930996207566368,5 - Mega,High (>15%),Analysis-ready
VNCE,2017-01-28,2020-02-01,4,True,375187000,30396000,362302000.0,0.08101560022068995,3 - Mid,Moderate (5-15%),Analysis-ready
VNDA,2016-12-31,2019-12-31,4,True,227188000,115553000,483748000.0,0.5086228145852774,2 - Small,High (>15%),Analysis-ready
VNE,2016-12-31,2019-12-31,4,True,1902000000,-500000000,2743000000.0,-0.2628811777076761,4 - Large,Loss-making (<=0%),Analysis-ready
VNO,2016-12-31,2019-12-31,4,True,2003565000,3147937000,18287013000.0,1.571167893230317,4 - Large,High (>15%),Analysis-ready
VNOM,2016-12-31,2019-12-31,4,True,283574000,46281000,2785626000.0,0.16320607672071488,3 - Mid,High (>15%),Analysis-ready
VNRX,2016-12-31,2019-12-31,4,True,17096,-16099055,21291292.0,-941.6854819840898,1 - Micro,Loss-making (<=0%),Analysis-ready
VNTR,2016-12-31,2019-12-31,4,True,2130000000,-175000000,2265000000.0,-0.08215962441314555,4 - Large,Loss-making (<=0%),Analysis-ready
VOC,2016-12-31,2019-12-31,4,True,12661799,11815000,63345900.0,0.9331217467596824,1 - Micro,High (>15%),Analysis-ready
VOLT,2016-10-30,2019-11-03,4,True,997090000,-15186000,218004000.0,-0.015230320231874756,4 - Large,Loss-making (<=0%),Analysis-ready
VOXX,2016-02-29,2019-02-28,4,True,446816000,-46091000,508811000.0,-0.1031543185561842,3 - Mid,Loss-making (<=0%),Analysis-ready
VOYA,2016-12-31,2019-12-31,4,True,7476000000,-351000000,169051000000.0,-0.04695024077046549,5 - Mega,Loss-making (<=0%),Analysis-ready
VPG,2016-12-31,2019-12-31,4,True,283958000,22188000,370413000.0,0.07813831622986497,3 - Mid,Moderate (5-15%),Analysis-ready
VRA,2017-01-28,2020-02-01,4,True,495212000,16047000,535061000.0,0.0324043036113826,3 - Mid,Low (0-5%),Analysis-ready
VRAY,2016-12-31,2019-12-31,4,True,87782000,-120199000,350019000.0,-1.3692898316283522,2 - Small,Loss-making (<=0%),Analysis-ready
VRCA,2016-12-31,2019-12-31,4,True,0,-28207000,68424000.0,,Not meaningful (revenue <= 0),Not meaningful (revenue <= 0),Limited (zero/negative revenue or assets)
VREX,2016-09-30,2019-09-27,4,True,780600000,15500000,1038900000.0,0.019856520625160134,3 - Mid,Low (0-5%),Analysis-ready
VRML,2016-12-31,2019-12-31,4,True,4538000,-15237000,13828000.0,-3.357646540326135,1 - Micro,Loss-making (<=0%),Analysis-ready
VRNS,2016-12-31,2019-12-31,4,True,254190000,-78764000,318312000.0,-0.30986270112907666,2 - Small,Loss-making (<=0%),Analysis-ready
VRNT,2017-01-31,2020-01-31,4,True,1303634000,28684000,3016058000.0,0.022003108234366395,4 - Large,Low (0-5%),Analysis-ready
VRRM,2016-12-31,2019-12-31,4,True,448737000,33343000,1407426000.0,0.07430410240296655,3 - Mid,Moderate (5-15%),Analysis-ready
VRS,2016-12-31,2019-12-31,4,True,2444000000,96000000,1721000000.0,0.03927986906710311,4 - Large,Low (0-5%),Analysis-ready
VRSK,2016-12-31,2019-12-31,4,True,2607100000,449900000,7055200000.0,0.17256722028307314,4 - Large,High (>15%),Analysis-ready
VRSN,2016-12-31,2019-12-31,4,True,1231661000,612299000,1854009000.0,0.4971327337635924,4 - Large,High (>15%),Analysis-ready
VRT,2016-12-31,2019-12-31,4,True,4431200000,-140800000,,-0.0317746885719444,5 - Mega,Loss-making (<=0%),Limited (zero/negative revenue or assets)
VRTS,2016-12-31,2019-12-31,4,True,563246000,95649000,3204634000.0,0.16981745098944334,3 - Mid,High (>15%),Analysis-ready
VRTU,2017-03-31,2020-03-31,4,True,1312283000,47902000,1337067000.0,0.036502797033871506,4 - Large,Low (0-5%),Analysis-ready
VRTV,2016-12-31,2019-12-31,4,True,7659400000,-29500000,2511100000.0,-0.0038514766169673864,5 - Mega,Loss-making (<=0%),Analysis-ready
VRTX,2016-12-31,2019-12-31,4,True,4162821000,1176810000,8318465000.0,0.28269531646928847,5 - Mega,High (>15%),Analysis-ready
VSAT,2017-03-31,2020-03-31,4,True,2309238000,-212000,4883868000.0,-9.180517556007653e-05,4 - Large,Loss-making (<=0%),Analysis-ready
VSEC,2016-12-31,2019-12-31,4,True,752627000,37024000,845864000.0,0.04919302655897277,3 - Mid,Low (0-5%),Analysis-ready
VSH,2016-12-31,2019-12-31,4,True,2668305000,163936000,3120775000.0,0.06143825387277691,4 - Large,Moderate (5-15%),Analysis-ready
VSLR,2016-12-31,2019-12-31,4,True,341041000,-102175000,2799390000.0,-0.2995974091091687,3 - Mid,Loss-making (<=0%),Analysis-ready
VST,2016-12-31,2019-12-31,4,True,11809000000,928000000,26616000000.0,0.07858413074773478,5 - Mega,Moderate (5-15%),Analysis-ready
VSTM,2016-12-31,2019-12-31,4,True,17456000,-149209000,145046000.0,-8.547719981668195,1 - Micro,Loss-making (<=0%),Analysis-ready
VSTO,2017-03-31,2020-03-31,4,True,1755871000,-155079000,1391289000.0,-0.08832026954144126,4 - Large,Loss-making (<=0%),Analysis-ready
VTGN,2016-03-31,2019-03-31,4,True,0,-24589600,14011700.0,,Not meaningful (revenue <= 0),Not meaningful (revenue <= 0),Limited (zero/negative revenue or assets)
VTN,2017-02-28,2020-02-29,4,True,17907956,33700758,474313669.0,1.8818874694577092,1 - Micro,High (>15%),Analysis-ready
VTNR,2016-12-31,2019-12-31,4,True,163365565,-5048579,120759919.0,-0.030903568937554252,2 - Small,Loss-making (<=0%),Analysis-ready
VTR,2016-12-31,2019-12-31,4,True,3859312000,433016000,24692208000.0,0.11220030927792311,5 - Mega,Moderate (5-15%),Analysis-ready
VTSI,2016-12-31,2019-12-31,4,True,18711923,-75277,17459793.0,-0.004022943018737304,1 - Micro,Loss-making (<=0%),Analysis-ready
VTVT,2016-12-31,2019-12-31,4,True,2764000,-13044000,9266000.0,-4.719247467438495,1 - Micro,Loss-making (<=0%),Analysis-ready
VUZI,2016-12-31,2019-12-31,4,True,6670604,-26476370,28446465.0,-3.969111342840918,1 - Micro,Loss-making (<=0%),Analysis-ready
VVI,2016-12-31,2019-12-31,4,True,1371695000,22035000,1318691000.0,0.01606406672037151,4 - Large,Low (0-5%),Analysis-ready
VVNT,2016-12-31,2019-12-31,4,True,1155981000,-395924000,,-0.3425004390210566,4 - Large,Loss-making (<=0%),Limited (zero/negative revenue or assets)
VVR,2017-02-28,2020-02-29,4,True,71887012,14790859,1187866671.0,0.20575147844509104,2 - Small,High (>15%),Analysis-ready
VVUS,2016-12-31,2019-12-31,4,True,69760000,-31503000,218308000.0,-0.45159116972477065,2 - Small,Loss-making (<=0%),Analysis-ready
VVV,2016-09-30,2019-09-30,4,True,2390000000,208000000,2064000000.0,0.08702928870292886,4 - Large,Moderate (5-15%),Analysis-ready
VXRT,2016-12-31,2019-12-31,4,True,9862000,-18645000,37032000.0,-1.890590143987021,1 - Micro,Loss-making (<=0%),Analysis-ready
VYGR,2016-12-31,2019-12-31,4,True,104391000,-43597000,354760000.0,-0.41763178818097346,2 - Small,Loss-making (<=0%),Analysis-ready
VZ,2016-12-31,2019-12-31,4,True,131868000000,19265000000,291727000000.0,0.14609306275972941,5 - Mega,Moderate (5-15%),Analysis-ready
W,2016-12-31,2019-12-31,4,True,9127057000,-984584000,2953048000.0,-0.10787529868609344,5 - Mega,Loss-making (<=0%),Analysis-ready
WAB,2016-12-31,2019-12-31,4,True,8200000000,326700000,18944200000.0,0.03984146341463415,5 - Mega,Low (0-5%),Analysis-ready
WABC,2016-12-31,2019-12-31,4,True,203769000,80389000,5619555000.0,0.39451045055921163,2 - Small,High (>15%),Analysis-ready
WAFD,2016-09-30,2019-09-30,4,True,545028000,210256000,16474910000.0,0.3857710062602288,3 - Mid,High (>15%),Analysis-ready
WAL,2016-12-31,2019-12-31,4,True,1087007000,499171000,26821948000.0,0.45921599400923824,4 - Large,High (>15%),Analysis-ready
WASH,2016-12-31,2019-12-31,4,True,198919000,69118000,5292659000.0,0.3474680648907344,2 - Small,High (>15%),Analysis-ready
WAT,2016-12-31,2019-12-31,4,True,2406596000,592198000,2557055000.0,0.24607287637808756,4 - Large,High (>15%),Analysis-ready
WATT,2016-12-31,2019-12-31,4,True,200143,-38399089,24883974.0,-191.85826633956722,1 - Micro,Loss-making (<=0%),Analysis-ready
WB,2016-12-31,2019-12-31,4,True,1766914000,494675000,4804186000.0,0.27996552180807893,4 - Large,High (>15%),Analysis-ready
WBA,2016-08-31,2019-08-31,4,True,136866000000,3982000000,67598000000.0,0.02909415048295413,5 - Mega,Low (0-5%),Analysis-ready
WBC,2016-12-31,2019-12-31,4,True,3421400000,245800000,4037100000.0,0.07184193604957036,5 - Mega,Moderate (5-15%),Analysis-ready
WBS,2016-12-31,2019-12-31,4,True,1202642000,382723000,30389344000.0,0.3182351855331844,4 - Large,High (>15%),Analysis-ready
WBT,2016-12-31,2019-12-31,4,True,1593900000,55900000,2165300000.0,0.035071208984252464,4 - Large,Low (0-5%),Analysis-ready
WCC,2016-12-31,2019-12-31,4,True,8358917000,223426000,5017635000.0,0.02672906071444423,5 - Mega,Low (0-5%),Analysis-ready
WCN,2016-12-31,2019-12-31,4,True,5388679000,566841000,13737695000.0,0.1051910867208828,5 - Mega,Moderate (5-15%),Analysis-ready
WD,2016-12-31,2019-12-31,4,True,795587000,173373000,2675199000.0,0.21791834205435734,3 - Mid,High (>15%),Analysis-ready
WDAY,2017-01-31,2020-01-31,4,True,3627206000,-480674000,6816365000.0,-0.13251907942366659,5 - Mega,Loss-making (<=0%),Analysis-ready
WDC,2016-07-01,2019-06-28,4,True,16569000000,-754000000,26370000000.0,-0.04550666908081357,5 - Mega,Loss-making (<=0%),Analysis-ready
WDFC,2016-08-31,2019-08-31,4,True,423350000,55908000,302662000.0,0.13206094248257944,3 - Mid,Moderate (5-15%),Analysis-ready
WDR,2016-12-31,2019-12-31,4,True,1070315000,114992000,1266328000.0,0.10743753007292246,4 - Large,Moderate (5-15%),Analysis-ready
WEA,2016-12-31,2019-12-31,4,True,13304191,29122628,241234449.0,2.1889815021447,1 - Micro,High (>15%),Analysis-ready
WEC,2016-12-31,2019-12-31,4,True,7523100000,1134000000,34951800000.0,0.15073573393946643,5 - Mega,High (>15%),Analysis-ready
WELL,2016-12-31,2019-12-31,4,True,5121306000,1232432000,33380751000.0,0.2406479909616805,5 - Mega,High (>15%),Analysis-ready
WEN,2017-01-01,2019-12-29,4,True,1369549000,136940000,4994529000.0,0.09998912050609361,4 - Large,Moderate (5-15%),Analysis-ready
WERN,2016-12-31,2019-12-31,4,True,2463701000,166944000,2143864000.0,0.06776146943155846,4 - Large,Moderate (5-15%),Analysis-ready
WES,2016-12-31,2019-12-31,4,True,2746174000,662325000,12346453000.0,0.24118100309740023,4 - Large,High (>15%),Analysis-ready
WETF,2016-12-31,2019-12-31,4,True,268403000,-10425000,935207000.0,-0.03884084753151045,3 - Mid,Loss-making (<=0%),Analysis-ready
WEX,2016-12-31,2019-12-31,4,True,1723691000,156323000,8298418000.0,0.09069084888184716,4 - Large,Moderate (5-15%),Analysis-ready
WEYS,2016-12-31,2019-12-31,4,True,304011000,20882000,296917000.0,0.06868830404163007,3 - Mid,Moderate (5-15%),Analysis-ready
WFC,2016-12-31,2019-12-31,4,True,82458000000,19549000000,1927555000000.0,0.23707827014965194,5 - Mega,High (>15%),Analysis-ready
WGO,2016-08-27,2019-08-31,4,True,1985674000,111798000,1104231000.0,0.05630229332710203,4 - Large,Moderate (5-15%),Analysis-ready
WH,2016-12-31,2019-12-31,4,True,1430000000,157000000,4533000000.0,0.10979020979020979,4 - Large,Moderate (5-15%),Analysis-ready
WHD,2016-12-31,2019-12-31,4,True,628414000,85612000,834964000.0,0.13623502977336596,3 - Mid,Moderate (5-15%),Analysis-ready
WHF,2016-12-31,2019-12-31,4,True,67073000,30841000,631224000.0,0.4598124431589462,2 - Small,High (>15%),Analysis-ready
WHG,2016-12-31,2019-12-31,4,True,84079000,5911000,178707000.0,0.07030292938783762,2 - Small,Moderate (5-15%),Analysis-ready
WHLM,2016-12-31,2019-12-31,4,True,75504000,-4786000,37108000.0,-0.06338737020555202,2 - Small,Loss-making (<=0%),Analysis-ready
WHLR,2016-12-31,2019-12-31,4,True,63162000,-8039000,484365000.0,-0.12727589373357398,2 - Small,Loss-making (<=0%),Analysis-ready
WHR,2016-12-31,2019-12-31,4,True,20419000000,1184000000,18881000000.0,0.057985209853567754,5 - Mega,Moderate (5-15%),Analysis-ready
WIA,2016-11-30,2019-11-30,4,True,16574476,37341331,582074693.0,2.2529418727928414,1 - Micro,High (>15%),Analysis-ready
WIFI,2016-12-31,2019-12-31,4,True,263790000,-10296000,600467000.0,-0.03903104742408734,2 - Small,Loss-making (<=0%),Analysis-ready
WINA,2016-12-31,2019-12-28,4,True,73298900,32149300,61842200.0,0.43860549066902776,2 - Small,High (>15%),Analysis-ready
WING,2016-12-31,2019-12-28,4,True,199676000,20476000,166113000.0,0.10254612472204971,2 - Small,Moderate (5-15%),Analysis-ready
WINS,2015-06-30,2018-06-30,4,True,23185509,10499876,309224632.0,0.45286372621795795,1 - Micro,High (>15%),Analysis-ready
WINT,2016-12-31,2019-12-31,4,True,198000,-27475000,118975000.0,-138.76262626262627,1 - Micro,Loss-making (<=0%),Analysis-ready
WIRE,2016-12-31,2019-12-31,4,True,1274994000,58129000,883154000.0,0.045591587097664775,4 - Large,Low (0-5%),Analysis-ready
WISA,2016-12-31,2019-12-31,4,True,1666000,-12038000,4222000.0,-7.225690276110444,1 - Micro,Loss-making (<=0%),Analysis-ready
WIW,2016-11-30,2019-11-30,4,True,37588986,74387673,1162500457.0,1.9789752508886513,1 - Micro,High (>15%),Analysis-ready
WIX,2016-12-31,2019-12-31,4,True,761088000,-86414000,1099667000.0,-0.11354008997645476,3 - Mid,Loss-making (<=0%),Analysis-ready
WK,2016-12-31,2019-12-31,4,True,297891000,-48134000,646396000.0,-0.16158259229046867,3 - Mid,Loss-making (<=0%),Analysis-ready
WKHS,2016-12-31,2019-12-31,4,True,376562,-37162827,50673829.0,-98.68979610263384,1 - Micro,Loss-making (<=0%),Analysis-ready
WLDN,2016-12-30,2019-12-27,4,True,443099000,4841000,439913000.0,0.010925323686128833,3 - Mid,Low (0-5%),Analysis-ready
WLFC,2016-12-31,2019-12-31,4,True,409160000,66922000,1940608000.0,0.163559487730961,3 - Mid,High (>15%),Analysis-ready
WLK,2016-12-31,2019-12-31,4,True,8118000000,421000000,13261000000.0,0.051860064055186006,5 - Mega,Moderate (5-15%),Analysis-ready
WLKP,2016-12-31,2019-12-31,4,True,1091871000,60981000,1393456000.0,0.055850004258744854,4 - Large,Moderate (5-15%),Analysis-ready
WLL,2016-12-31,2019-12-31,4,True,1572245000,-241166000,7636721000.0,-0.15338957986827753,4 - Large,Loss-making (<=0%),Analysis-ready
WLTW,2016-12-31,2019-12-31,4,True,9039000000,1044000000,35426000000.0,0.11549950215731829,5 - Mega,Moderate (5-15%),Analysis-ready
WM,2016-12-31,2019-12-31,4,True,15455000000,1670000000,27743000000.0,0.10805564542219347,5 - Mega,Moderate (5-15%),Analysis-ready
WMB,2016-12-31,2019-12-31,4,True,8201000000,850000000,46040000000.0,0.10364589684184855,5 - Mega,Moderate (5-15%),Analysis-ready
WMC,2016-12-31,2019-12-31,4,True,92700000,70699000,5160971000.0,0.7626645091693636,2 - Small,High (>15%),Analysis-ready
WMG,2016-09-30,2019-09-30,4,True,4475000000,256000000,6017000000.0,0.057206703910614526,5 - Mega,Moderate (5-15%),Analysis-ready
WMGI,2016-12-25,2019-12-29,4,True,920900000,-114225000,2585640000.0,-0.12403626886741231,4 - Large,Loss-making (<=0%),Analysis-ready
WMK,2016-12-31,2019-12-28,4,True,3543299000,67983000,1675562000.0,0.019186357120863917,5 - Mega,Low (0-5%),Analysis-ready
WMS,2017-03-31,2020-03-31,4,True,1673805000,-193174000,2369888000.0,-0.11541009854791927,4 - Large,Loss-making (<=0%),Analysis-ready
WMT,2017-01-31,2020-01-31,4,True,523964000000,14881000000,236495000000.0,0.02840080616225542,5 - Mega,Low (0-5%),Analysis-ready
WNC,2016-12-31,2019-12-31,4,True,2319136000,89575000,1304591000.0,0.03862429801443296,4 - Large,Low (0-5%),Analysis-ready
WNEB,2016-12-31,2019-12-31,4,True,65009000,13349000,2181476000.0,0.20534079896629698,2 - Small,High (>15%),Analysis-ready
WNS,2017-03-31,2020-03-31,4,True,928300000,116800000,1012300000.0,0.12582139394592265,4 - Large,Moderate (5-15%),Analysis-ready
WOR,2016-05-31,2019-05-31,4,True,3759556000,153455000,2510796000.0,0.04081731991756473,5 - Mega,Low (0-5%),Analysis-ready
WORK,2017-01-31,2020-01-31,4,True,630422000,-571058000,1441706000.0,-0.9058345045065052,3 - Mid,Loss-making (<=0%),Analysis-ready
WOW,2016-12-31,2019-12-31,4,True,1145800000,36400000,2471600000.0,0.031768196893000526,4 - Large,Low (0-5%),Analysis-ready
WPC,2016-12-31,2019-12-31,4,True,1205710000,305243000,14060918000.0,0.25316452546632273,4 - Large,High (>15%),Analysis-ready
WPG,2016-12-31,2019-12-31,4,True,661484000,4274000,4250979000.0,0.006461229598901863,3 - Mid,Low (0-5%),Analysis-ready
WPM,2016-12-31,2019-12-31,4,True,861332000,86138000,6278007000.0,0.10000557276404452,3 - Mid,Moderate (5-15%),Analysis-ready
WPRT,2016-12-31,2019-12-31,4,True,305338000,41000,279926000.0,0.0001342774237074979,3 - Mid,Low (0-5%),Analysis-ready
WPX,2016-12-31,2019-12-31,4,True,2445000000,256000000,8413000000.0,0.10470347648261759,4 - Large,Moderate (5-15%),Analysis-ready
WRB,2016-12-31,2019-12-31,4,True,7902196000,681944000,26643428000.0,0.08629803664702825,5 - Mega,Moderate (5-15%),Analysis-ready
WRE,2016-12-31,2019-12-31,4,True,309180000,383550000,2628328000.0,1.2405394915583154,3 - Mid,High (>15%),Analysis-ready
WRI,2016-12-31,2019-12-31,4,True,486625000,315435000,3937934000.0,0.6482096069868996,3 - Mid,High (>15%),Analysis-ready
WRK,2016-09-30,2019-09-30,4,True,18289000000,862900000,30156700000.0,0.04718136584832413,5 - Mega,Low (0-5%),Analysis-ready
WRLD,2017-03-31,2020-03-31,4,True,590029015,28157478,1030086435.0,0.04772219210270532,3 - Mid,Low (0-5%),Analysis-ready
WRTC,2016-12-31,2019-12-31,4,True,696790,-8325488,20421470.0,-11.948345986595674,1 - Micro,Loss-making (<=0%),Analysis-ready
WSBC,2016-12-31,2019-12-31,4,True,505422000,158873000,15720112000.0,0.31433732603646064,3 - Mid,High (>15%),Analysis-ready
WSBF,2016-12-31,2019-12-31,4,True,183847000,35903000,1996347000.0,0.195287385706593,2 - Small,High (>15%),Analysis-ready
WSC,2016-12-31,2019-12-31,4,True,1063665000,-11122000,2897649000.0,-0.010456299680820558,4 - Large,Loss-making (<=0%),Analysis-ready
WSFS,2016-12-31,2019-12-31,4,True,607497000,148809000,12256302000.0,0.24495429607059788,3 - Mid,High (>15%),Analysis-ready
WSM,2017-01-29,2020-02-02,4,True,5898008000,356062000,4054042000.0,0.06036987403204607,5 - Mega,Moderate (5-15%),Analysis-ready
WSO,2016-12-31,2019-12-31,4,True,4770362000,245950000,2556161000.0,0.051557932081464676,5 - Mega,Moderate (5-15%),Analysis-ready
WSR,2016-12-31,2019-12-31,4,True,120635000,23683000,1056260000.0,0.19631947610560782,2 - Small,High (>15%),Analysis-ready
WST,2016-12-31,2019-12-31,4,True,1839900000,241700000,2341400000.0,0.13136583509973368,4 - Large,Moderate (5-15%),Analysis-ready
WSTG,2016-12-31,2019-12-31,4,True,208759000,6787000,126281000.0,0.032511173170977056,2 - Small,Low (0-5%),Analysis-ready
WSTL,2016-03-31,2019-03-31,4,True,43570000,-11382000,48897000.0,-0.26123479458342896,1 - Micro,Loss-making (<=0%),Analysis-ready
WTBA,2016-12-31,2019-12-31,4,True,74148000,28690000,2473691000.0,0.3869288450126773,2 - Small,High (>15%),Analysis-ready
WTER,2016-03-31,2019-03-31,4,True,32199528,-8617565,18482608.0,-0.2676301652620498,1 - Micro,Loss-making (<=0%),Analysis-ready
WTFC,2016-12-31,2019-12-31,4,True,1408192000,355697000,36620583000.0,0.2525912659637322,4 - Large,High (>15%),Analysis-ready
WTI,2016-12-31,2019-12-31,4,True,532372000,74086000,1003719000.0,0.13916208966662408,3 - Mid,Moderate (5-15%),Analysis-ready
WTM,2016-12-31,2019-12-31,4,True,893400000,414500000,3983200000.0,0.46395791358853816,3 - Mid,High (>15%),Analysis-ready
WTRE,2016-12-31,2019-12-31,4,True,715065000,62541000,3550856000.0,0.0874619789809318,3 - Mid,Moderate (5-15%),Analysis-ready
WTRG,2016-12-31,2019-12-31,4,True,889692000,224543000,9361985000.0,0.2523828470976473,3 - Mid,High (>15%),Analysis-ready
WTRH,2016-12-31,2019-12-31,4,True,191675000,-291306000,178973000.0,-1.5197913134211556,2 - Small,Loss-making (<=0%),Analysis-ready
WTS,2016-12-31,2019-12-31,4,True,1600500000,131500000,1723100000.0,0.08216182442986567,4 - Large,Moderate (5-15%),Analysis-ready
WTT,2016-12-31,2019-12-31,4,True,48921000,-414000,42351000.0,-0.00846262341325811,1 - Micro,Loss-making (<=0%),Analysis-ready
WTTR,2016-12-31,2019-12-31,4,True,1291589000,2784000,1347620000.0,0.002155484445903457,4 - Large,Low (0-5%),Analysis-ready
WU,2016-12-31,2019-12-31,4,True,5292100000,1058300000,8758500000.0,0.19997732469152132,5 - Mega,High (>15%),Analysis-ready
WVE,2016-12-31,2019-12-31,4,True,15983000,-193638000,284250000.0,-12.115247450416067,1 - Micro,Loss-making (<=0%),Analysis-ready
WVFC,2016-06-30,2019-06-30,4,True,7545000,2795000,355818000.0,0.3704440026507621,1 - Micro,High (>15%),Analysis-ready
WVVI,2016-12-31,2019-12-31,4,True,24749263,2510901,67915487.0,0.10145356651630394,1 - Micro,Moderate (5-15%),Analysis-ready
WW,2016-12-31,2019-12-28,4,True,1413337000,119616000,1498314000.0,0.08463374269547885,4 - Large,Moderate (5-15%),Analysis-ready
WWD,2016-09-30,2019-09-30,4,True,2900197000,259602000,3956526000.0,0.08951185040188649,4 - Large,Moderate (5-15%),Analysis-ready
WWE,2016-12-31,2019-12-31,4,True,960442000,77061000,992233000.0,0.080234933499368,4 - Large,Moderate (5-15%),Analysis-ready
WWR,2016-12-31,2019-12-31,4,True,0,-10565000,26979000.0,,Not meaningful (revenue <= 0),Not meaningful (revenue <= 0),Limited (zero/negative revenue or assets)
WWW,2016-12-31,2019-12-28,4,True,2273700000,128500000,2480000000.0,0.05651581123279237,4 - Large,Moderate (5-15%),Analysis-ready
WY,2016-12-31,2019-12-31,4,True,6554000000,-76000000,16406000000.0,-0.011595971925541654,5 - Mega,Loss-making (<=0%),Analysis-ready
WYND,2016-12-31,2019-12-31,4,True,4043000000,507000000,7453000000.0,0.12540192926045016,5 - Mega,Moderate (5-15%),Analysis-ready
WYNN,2016-12-31,2019-12-31,4,True,6611099000,122985000,13871281000.0,0.018602807188335856,5 - Mega,Low (0-5%),Analysis-ready
WYY,2016-12-31,2019-12-31,4,True,101720247,226255,64293455.0,0.002224286773507343,2 - Small,Low (0-5%),Analysis-ready
X,2016-12-31,2019-12-31,4,True,12937000000,-630000000,11608000000.0,-0.048697534204220454,5 - Mega,Loss-making (<=0%),Analysis-ready
XAIR,2016-12-31,2019-03-31,4,True,7724001,-6558450,9428085.0,-0.8491000972164555,1 - Micro,Loss-making (<=0%),Analysis-ready
XAN,2016-12-31,2019-12-31,4,True,61092000,35966000,2454326000.0,0.5887186538335625,2 - Small,High (>15%),Analysis-ready
XBIO,2016-12-31,2019-12-31,4,True,17066,-12775025,21546926.0,-748.5658619477323,1 - Micro,Loss-making (<=0%),Analysis-ready
XBIT,2016-12-31,2019-12-31,4,True,0,668629000,816877000.0,,Not meaningful (revenue <= 0),Not meaningful (revenue <= 0),Limited (zero/negative revenue or assets)
XCUR,2016-12-31,2019-12-31,4,True,1296000,-26303000,115263000.0,-20.295524691358025,1 - Micro,Loss-making (<=0%),Analysis-ready
XEC,2016-12-31,2019-12-31,4,True,2362969000,-124619000,7140029000.0,-0.05273831353691056,4 - Large,Loss-making (<=0%),Analysis-ready
XEL,2016-12-31,2019-12-31,4,True,11529000000,1372000000,50448000000.0,0.11900425015179114,5 - Mega,Moderate (5-15%),Analysis-ready
XELA,2016-12-31,2019-12-31,4,True,1562337000,-509116000,1258324000.0,-0.3258682345742308,4 - Large,Loss-making (<=0%),Analysis-ready
XELB,2016-12-31,2019-12-31,4,True,41727000,-3426000,143191000.0,-0.08210511179811633,1 - Micro,Loss-making (<=0%),Analysis-ready
XENE,2016-12-31,2019-12-31,4,True,6829000,-41595000,147697000.0,-6.090935715331674,1 - Micro,Loss-making (<=0%),Analysis-ready
XENT,2016-12-31,2019-12-31,4,True,109142000,-42994000,147902000.0,-0.39392717743856626,2 - Small,Loss-making (<=0%),Analysis-ready
XERS,2016-12-31,2019-12-31,4,True,2722000,-125580000,108987000.0,-46.13519470977223,1 - Micro,Loss-making (<=0%),Analysis-ready
XFOR,2016-12-31,2019-12-31,4,True,0,-52807000,160698000.0,,Not meaningful (revenue <= 0),Not meaningful (revenue <= 0),Limited (zero/negative revenue or assets)
XGN,2015-12-31,2019-12-31,4,True,40387000,-12038000,88310000.0,-0.2980662094238245,1 - Micro,Loss-making (<=0%),Analysis-ready
XHR,2016-12-31,2019-12-31,4,True,1149087000,55400000,3263006000.0,0.048212189329441546,4 - Large,Low (0-5%),Analysis-ready
XIN,2016-12-31,2019-12-31,4,True,2482632812,68344527,7421664433.0,0.02752905168644005,4 - Large,Low (0-5%),Analysis-ready
XLNX,2017-04-01,2020-03-28,4,True,3162666000,792721000,4693334000.0,0.25064961017065984,5 - Mega,High (>15%),Analysis-ready
XLRN,2016-12-31,2019-12-31,4,True,73993000,-124858000,504906000.0,-1.6874298920168125,2 - Small,Loss-making (<=0%),Analysis-ready
XNCR,2016-12-31,2019-12-31,4,True,156700000,26875000,670250000.0,0.17150606253988512,2 - Small,High (>15%),Analysis-ready
XNET,2016-12-31,2019-12-31,4,True,180665000,-53169000,424687000.0,-0.2942960728420004,2 - Small,Loss-making (<=0%),Analysis-ready
XOG,2016-12-31,2019-12-31,4,True,838453000,-1387412000,2926957000.0,-1.6547284105370248,3 - Mid,Loss-making (<=0%),Analysis-ready
XOM,2016-12-31,2019-12-31,4,True,255583000000,14340000000,362597000000.0,0.056107018072407006,5 - Mega,Moderate (5-15%),Analysis-ready
XOMA,2016-12-31,2019-12-31,4,True,18370000,-1982000,95724000.0,-0.10789330430048993,1 - Micro,Loss-making (<=0%),Analysis-ready
XONE,2016-12-31,2019-12-31,4,True,53276000,-15095000,75366000.0,-0.28333583602372553,2 - Small,Loss-making (<=0%),Analysis-ready
XPEL,2016-12-31,2019-12-31,4,True,129932881,13977625,51601435.0,0.10757573365898043,2 - Small,Moderate (5-15%),Analysis-ready
XPER,2016-12-31,2019-12-31,4,True,280067000,-62530000,1047945000.0,-0.22326800372767944,3 - Mid,Loss-making (<=0%),Analysis-ready
XPL,2016-12-31,2019-12-31,4,True,408000,-3289000,24532000.0,-8.061274509803921,1 - Micro,Loss-making (<=0%),Analysis-ready
XPO,2016-12-31,2019-12-31,4,True,16648000000,419000000,14128000000.0,0.02516818837097549,5 - Mega,Low (0-5%),Analysis-ready
XRAY,2016-12-31,2019-12-31,4,True,4029200000,262900000,8602900000.0,0.06524868460240246,5 - Mega,Moderate (5-15%),Analysis-ready
XRF,2015-12-31,2018-12-31,4,True,74900000,-66529000,96136000.0,-0.888237650200267,2 - Small,Loss-making (<=0%),Analysis-ready
XRX,2016-12-31,2019-12-31,4,True,9066000000,1353000000,15047000000.0,0.14923891462607544,5 - Mega,Moderate (5-15%),Analysis-ready
XSPA,2016-12-31,2019-12-31,4,True,47415000,-21223000,28724000.0,-0.44760097015712325,1 - Micro,Loss-making (<=0%),Analysis-ready
XTLB,2016-12-31,2019-12-31,4,True,0,-1347000,7212000.0,,Not meaningful (revenue <= 0),Not meaningful (revenue <= 0),Limited (zero/negative revenue or assets)
XTNT,2016-12-31,2019-12-31,4,True,64682000,-8221000,43155000.0,-0.12709872916731085,2 - Small,Loss-making (<=0%),Analysis-ready
XXII,2016-12-31,2019-12-31,4,True,25832530,-26558544,68951365.0,-1.0281046417056323,1 - Micro,Loss-making (<=0%),Analysis-ready
XYL,2016-12-31,2019-12-31,4,True,5249000000,401000000,7710000000.0,0.07639550390550581,5 - Mega,Moderate (5-15%),Analysis-ready
Y,2016-12-31,2019-12-31,4,True,9040716000,857801000,26931604000.0,0.09488197616206503,5 - Mega,Moderate (5-15%),Analysis-ready
YCBD,2018-09-30,2019-09-30,2,False,23651551,-50428226,94518122.0,-2.1321318842895334,1 - Micro,Loss-making (<=0%),Analysis-ready
YELP,2016-12-31,2019-12-31,4,True,1014194000,40881000,1070700000.0,0.04030885609656535,4 - Large,Low (0-5%),Analysis-ready
YETI,2016-12-31,2019-12-28,4,True,913734000,50434000,629539000.0,0.05519549453123119,4 - Large,Moderate (5-15%),Analysis-ready
YEXT,2017-01-31,2020-01-31,4,True,298829000,-121544000,563620000.0,-0.4067342861636588,3 - Mid,Loss-making (<=0%),Analysis-ready
YGYI,2015-12-31,2018-12-31,4,True,162445000,-20070000,75973000.0,-0.12354950906460649,2 - Small,Loss-making (<=0%),Analysis-ready
YMAB,2016-12-31,2019-12-31,4,True,0,-81028000,216366000.0,,Not meaningful (revenue <= 0),Not meaningful (revenue <= 0),Limited (zero/negative revenue or assets)
YORW,2016-12-31,2019-12-31,4,True,51578000,14402000,363529000.0,0.2792275776493854,2 - Small,High (>15%),Analysis-ready
YRCW,2016-12-31,2019-12-31,4,True,4871200000,-104000000,1831600000.0,-0.02134997536541304,5 - Mega,Loss-making (<=0%),Analysis-ready
YTEN,2016-12-31,2019-12-31,4,True,806000,-12956000,16718000.0,-16.074441687344912,1 - Micro,Loss-making (<=0%),Analysis-ready
YUM,2016-12-31,2019-12-31,4,True,5597000000,1294000000,5231000000.0,0.23119528318742183,5 - Mega,High (>15%),Analysis-ready
YUMC,2016-12-31,2019-12-31,4,True,8776000000,713000000,6950000000.0,0.08124430264357338,5 - Mega,Moderate (5-15%),Analysis-ready
Z,2016-12-31,2019-12-31,4,True,2742837000,-305361000,6131973000.0,-0.11133034883224924,4 - Large,Loss-making (<=0%),Analysis-ready
ZAGG,2016-12-31,2019-12-31,4,True,521922000,13920000,469231000.0,0.02667065193649626,3 - Mid,Low (0-5%),Analysis-ready
ZBH,2016-12-31,2019-12-31,4,True,7982200000,1131600000,24638700000.0,0.1417654280774724,5 - Mega,Moderate (5-15%),Analysis-ready
ZBRA,2016-12-31,2019-12-31,4,True,4485000000,544000000,4711000000.0,0.12129319955406911,5 - Mega,Moderate (5-15%),Analysis-ready
ZEN,2016-12-31,2019-12-31,4,True,816416000,-169653000,1514589000.0,-0.20780214988437268,3 - Mid,Loss-making (<=0%),Analysis-ready
ZEUS,2016-12-31,2019-12-31,4,True,1579040000,3856000,649555000.0,0.0024419900699158984,4 - Large,Low (0-5%),Analysis-ready
ZFGN,2016-12-31,2019-12-31,4,True,0,-45406000,80734000.0,,Not meaningful (revenue <= 0),Not meaningful (revenue <= 0),Limited (zero/negative revenue or assets)
ZG,2016-12-31,2019-12-31,4,True,2742837000,-305361000,6131973000.0,-0.11133034883224924,4 - Large,Loss-making (<=0%),Analysis-ready
ZGNX,2016-12-31,2019-12-31,4,True,3648000,-419503000,414250000.0,-114.9953399122807,1 - Micro,Loss-making (<=0%),Analysis-ready
ZION,2016-12-31,2019-12-31,4,True,2797000000,816000000,69172000000.0,0.29174115123346445,4 - Large,High (>15%),Analysis-ready
ZIOP,2016-12-31,2019-12-31,4,True,0,-117796000,109114000.0,,Not meaningful (revenue <= 0),Not meaningful (revenue <= 0),Limited (zero/negative revenue or assets)
ZIXI,2016-12-31,2019-12-31,4,True,173428000,-14647000,412721000.0,-0.08445579721844224,2 - Small,Loss-making (<=0%),Analysis-ready
ZLAB,2016-12-31,2019-12-31,4,True,12985000,-195071000,355153000.0,-15.022795533307663,1 - Micro,Loss-making (<=0%),Analysis-ready
ZM,2017-01-31,2020-01-31,4,True,622658000,25305000,1289845000.0,0.04064028728451253,3 - Mid,Low (0-5%),Analysis-ready
ZN,2016-12-31,2019-12-31,4,True,0,-6693000,18656000.0,,Not meaningful (revenue <= 0),Not meaningful (revenue <= 0),Limited (zero/negative revenue or assets)
ZNGA,2016-12-31,2019-12-31,4,True,1321659000,41925000,3660614000.0,0.031721495484084775,4 - Large,Low (0-5%),Analysis-ready
ZNTL,2018-12-31,2019-12-31,2,False,0,-46378000,87481000.0,,Not meaningful (revenue <= 0),Not meaningful (revenue <= 0),Limited (zero/negative revenue or assets)
ZOM,2016-12-31,2019-12-31,4,True,0,-19784054,4182984.0,,Not meaningful (revenue <= 0),Not meaningful (revenue <= 0),Limited (zero/negative revenue or assets)
ZS,2016-07-31,2019-07-31,4,True,302836000,-28655000,604162000.0,-0.09462217173651745,3 - Mid,Loss-making (<=0%),Analysis-ready
ZSAN,2016-12-31,2019-12-31,4,True,0,-37589000,37670000.0,,Not meaningful (revenue <= 0),Not meaningful (revenue <= 0),Limited (zero/negative revenue or assets)
ZTR,2016-12-31,2019-11-30,4,True,12604000,33284000,688012000.0,2.6407489685814025,1 - Micro,High (>15%),Analysis-ready
ZTS,2016-12-31,2019-12-31,4,True,6260000000,1500000000,11545000000.0,0.23961661341853036,5 - Mega,High (>15%),Analysis-ready
ZUMZ,2017-01-28,2020-02-01,4,True,1034129000,66881000,914258000.0,0.06467374959990485,4 - Large,Moderate (5-15%),Analysis-ready
ZUO,2017-01-31,2020-01-31,4,True,276057000,-83394000,402227000.0,-0.3020897858051055,3 - Mid,Loss-making (<=0%),Analysis-ready
ZVO,2016-12-31,2019-12-31,4,True,417795000,-54812000,250138000.0,-0.13119352792637537,3 - Mid,Loss-making (<=0%),Analysis-ready
ZYME,2016-12-31,2019-12-31,4,True,29544000,-145437000,368205000.0,-4.922725426482534,1 - Micro,Loss-making (<=0%),Analysis-ready
ZYNE,2016-12-31,2019-12-31,4,True,0,-32943583,87764596.0,,Not meaningful (revenue <= 0),Not meaningful (revenue <= 0),Limited (zero/negative revenue or assets)
ZYXI,2016-12-31,2019-12-31,4,True,45472000,9492000,28277000.0,0.20874384236453203,1 - Micro,High (>15%),Analysis-ready
